id,title,updatetime,wordcount,publication,tags,content,author
namsyntax_502526,Thung lũng Chết có nhiệt độ cao nhất Trái Đất trong 90 năm,,43,,Khoa học,"Mỹ - Thung lũng Chết nóng tới 54,4 độ C hôm 9/7, khi đợt sóng nhiệt lớn thứ ba trong vòng ba tuần diễn ra ở miền tây nước Mỹ.",NamSyntax/vietnamese-news-classification
namsyntax_936141,Nadal lần thứ 12 vào vòng 4 US Open,,38,,Thể thao,"Rafael Nadal giành chiến thắng khá dễ dàng trước Richard Gasquet với tỷ số 6-0, 6-1, 7-5, để lần thứ 12 góp mặt ở vòng 4 US Open 2022.",NamSyntax/vietnamese-news-classification
namsyntax_68060,"Bỏ sổ hộ khẩu giấy, đừng ‘mua’ thêm việc cho dân",,57,,Thời sự,"Loạt bài bỏ sổ hộ khẩu giấy với nhiều câu chuyện ‘cười ra nước mắt’ của VietNamNet nhận được nhiều ý kiến bạn đọc, mong muốn các bộ ngành, tỉnh thành sớm chấm dứt tình trạng người dân phải ngược xuôi đi xác nhận cư trú.",NamSyntax/vietnamese-news-classification
namsyntax_1035165,Tùng Dương diện đồ gần nửa tỷ đồng đi xem show,,38,,Giải trí,"Hà Nội - Ca sĩ Tùng Dương dát bộ cánh hàng hiệu gần 500 triệu đồng, dự đêm mở màn Tuần thời trang Quốc tế Việt Nam.",NamSyntax/vietnamese-news-classification
namsyntax_762200,'Ổ dịch hội truyền giáo có thể đã qua hai chu kỳ lây',,50,,Sức khỏe,"Giám đốc Sở Y tế TP HCM nhận định ổ dịch liên quan Hội thánh Truyền giáo Phục hưng có thể xuất hiện từ lâu, qua hai chu kỳ lây do có rất nhiều F1 dương tính.",NamSyntax/vietnamese-news-classification
namsyntax_277077,"Bị chồng Hàn bạo hành, cô dâu Việt muốn ly dị và được nuôi con",,64,,Thế giới,"Chiều 9/7, đại diện Đại sứ quán Việt Nam tại Hàn Quốc đã đến thăm hỏi chị L.N.T.G. – người bị chồng Hàn Quốc bạo hành - và làm việc với Trung tâm nhân quyền phụ nữ kết hôn di trú tỉnh Nam Jeolla và cảnh sát tỉnh này.",NamSyntax/vietnamese-news-classification
namsyntax_484047,Hãng bay của nhạc sỹ Hà Dũng sẽ hồi sinh?,,37,,Kinh doanh,"(VEF) - Hãng hàng không tư nhân đầu tiên của Việt Nam, Indochina Airlines,
dự kiến  sẽ hồi sinh và bay trở lại vào cuối năm 2011.",NamSyntax/vietnamese-news-classification
namsyntax_1193708,Đại học Hàng hải Việt Nam tăng 500 chỉ tiêu,,30,,Giáo dục,"Năm học 2021-2022, Đại học Hàng hải Việt Nam tăng chỉ tiêu lên 3.685, nhiều hơn năm ngoái gần 500.",NamSyntax/vietnamese-news-classification
namsyntax_86132,"Hộ khẩu Hà Nội ra tỉnh ngoài, có được quay lại sau lệnh siết giãn cách?",,51,,Thời sự,"Người dân Thủ đô ra khỏi thành phố trước ngày giãn cách, nay muốn quay lại để đi khám bệnh, đi làm công việc thiết yếu theo quy định thì cần các giấy tờ gì?",NamSyntax/vietnamese-news-classification
namsyntax_707925,Microsoft nới lỏng nguyên tắc kích hoạt XP đối với SP3,,49,,Khoa học,Tuần trước Microsoft đã đưa ra thông báo về các thay đổi chủ yếu trên phiên bản Window XP Service Pack 3 và đây có lẽ là thông báo cập nhật cuối cùng trong nửa đầu năm 2008.,NamSyntax/vietnamese-news-classification
namsyntax_829321,Người phụ nữ từ Tiền Giang sang Vĩnh Long dương tính nCoV,,47,,Sức khỏe,"Trưa 22/6, bà Hồ Thị Thu Hằng, Phó Giám đốc Sở Y tế tỉnh Vĩnh Long xác nhận với VietNamNet, có trường hợp người phụ nữ từ Tiền Giang về Vĩnh Long dương tính SARS-CoV-2.",NamSyntax/vietnamese-news-classification
namsyntax_1073996,Hồ Ngọc Hà: Dư luận từng đồn tôi yêu đến 25 người bạn trai,,44,,Giải trí,"Hồ Ngọc Hà bảo luôn vướng thị phi trong chuyện tình cảm, thậm chí từng bị đồn quen đến 25 người bạn trai nhưng cô không lên tiếng đính chính.",NamSyntax/vietnamese-news-classification
namsyntax_1190800,Dạy trẻ không ngắt lời khi nói chuyện,,34,,Giáo dục,Thiết lập quy tắc và dạy phương pháp thu hút sự chú ý sẽ giúp trẻ biết cách không ngắt lời người khác khi nói chuyện.,NamSyntax/vietnamese-news-classification
namsyntax_739529,Thông tin mới nhất về tháo dỡ 86 căn hộ sai phạm ở Tổ hợp Mường Thanh Đà Nẵng,,61,,Bất động sản,"Chủ đầu tư tổ hợp Mường Thanh (Đà Nẵng) đã thương lượng mua lại, tháo dỡ 86 căn hộ sai phạm và xin cho phép tồn tại các căn hộ tại các tầng 4, 41, 42, với tổng số 78 căn hộ.",NamSyntax/vietnamese-news-classification
namsyntax_730491,Khám phá ngôi nhà tự cung tự cấp độc đáo giữa rừng ở Tasmanian,,51,,Bất động sản,"Với ngôi nhà được thiết kế tự cung tự cấp hoàn toàn này bạn sẽ không phải lo trả tiền điện, nước, ga hàng tháng mà lại luôn được hít thở không khí thiên nhiên trong lành.",NamSyntax/vietnamese-news-classification
namsyntax_378610,Gần 400 tỷ đồng ủng hộ đồng bào bão lũ tại Hội chợ Mùa thu,,50,,Kinh doanh,"Các tổ chức, doanh nghiệp, cá nhân đã quyên góp gần 400 tỷ đồng tại Hội chợ Mùa thu lần thứ nhất để hỗ trợ đồng bào miền Trung khắc phục hậu quả bão lũ.",NamSyntax/vietnamese-news-classification
namsyntax_1257052,Trường In muốn 99% sinh viên có hạnh kiểm tốt,,39,,Giáo dục,"Hiệu trưởng Trường Cao đẳng In nói, trường có mục tiêu đào tạo ra tỷ lệ SV có học lực khá, giỏi trên 50%, hạnh
kiểm tốt trên 99%.",NamSyntax/vietnamese-news-classification
namsyntax_1179511,4 máy bơm hút nước tìm tang vật vụ sát hại nữ chủ nhiệm HTX,,51,,Pháp luật,Công an tỉnh Bắc Ninh huy động 4 máy bơm công suất lớn hút cạn hồ nước rộng hàng nghìn mét vuông để tìm tang vật trong vụ sát hại nữ chủ nhiệm hợp tác xã.,NamSyntax/vietnamese-news-classification
namsyntax_1296979,Chuyện tình 'chị em' xuyên biên giới và đám cưới vàng viên mãn,,45,,Đời sống,"Người phụ nữ Mỹ phải lòng chàng trai Hà Lan ít hơn mình nhiều tuổi trong một chuyến đi đến châu Âu. Năm mươi năm sau, họ vẫn bên nhau hạnh phúc.",NamSyntax/vietnamese-news-classification
namsyntax_1082318,Dàn mỹ nhân khoe vẻ gợi cảm với váy xuyên thấu ở LHP Venice 2019,,43,,Giải trí,"Xuất hiện tại LHP Venice năm nay, các người đẹp đều lựa chọn những trang phục gợi cảm thậm chí có người còn bị váy áo phản chủ.",NamSyntax/vietnamese-news-classification
namsyntax_1135724,Băng nhóm thuê ô tô đi ăn trộm khắp các tỉnh thành phía Nam,,42,,Pháp luật,"Công an TP.Thủ Đức cho hay, đơn vị  vừa bắt giữ một băng nhóm trộm cắp liên tỉnh táo tợn, gây án ở nhiều tỉnh thành phía Nam.",NamSyntax/vietnamese-news-classification
namsyntax_1195406,Điểm chuẩn Học viện Ngoại giao thấp nhất 27,,34,,Giáo dục,"Tối 15/9, Học viện Ngoại giao (Hà Nội) thông báo lấy điểm chuẩn từ 27 đến 36,9, tăng gần 2 điểm so với năm ngoái.",NamSyntax/vietnamese-news-classification
namsyntax_929463,Mourinho mạnh miệng khi được hỏi về việc làm thầy Mbappe ở PSG,,37,,Thể thao,Mourinho đưa ra tuyên bố mạnh mẽ giữa thông tin đang đàm phán để đến Paris thay Galtier làm thầy Kylian Mbappe tại PSG.,NamSyntax/vietnamese-news-classification
namsyntax_783103,25 học sinh nghi ngộ độc sau khi ăn kẹo,,45,,Sức khỏe,"Cao Bằng - 25 học sinh Trường Tiểu học Việt Chu, xã Thống Nhất, huyện Hạ Lang, mệt mỏi, đau bụng, buồn nôn sau khi ăn kẹo và thạch rau câu mua trước cổng trường.",NamSyntax/vietnamese-news-classification
namsyntax_744529,Masterise Homes góp phần kết nối xu hướng không gian sống hàng hiệu,,52,,Bất động sản,"Branded Living Summit 2025 phác họa bức tranh mới của bất động sản cao cấp Việt Nam, hướng tới đưa Việt Nam trở thành điểm sáng mới của bất động sản cao cấp châu Á trong kỷ nguyên mới.",NamSyntax/vietnamese-news-classification
namsyntax_28079,Chính phủ đốc thúc vận hành metro Nhổn - ga Hà Nội và Bến Thành - Suối Tiên,,53,,Thời sự,"Chính phủ yêu cầu các đơn vị đưa vào vận hành, khai thác metro Bến Thành - Suối Tiên và đoạn trên cao đường sắt đô thị Nhổn - ga Hà Nội trong năm 2024.",NamSyntax/vietnamese-news-classification
namsyntax_1343802,Đoạn kết buồn của một mối tình Ucraina-Việt Nam‏,,42,,Đời sống,Cuộc hôn nhân mặn nồng giữa cô gái Ucraina và chàng trai Việt bỗng thay đổi đột ngột sau khi về sinh sống tại quê chồng đã khiến cô dâu bị sốc nặng...,NamSyntax/vietnamese-news-classification
namsyntax_661413,Nhà Trắng đòi gỡ bỏ bức ảnh tự sướng của Obama bằng Note 3,,55,,Khoa học,"Bức ảnh tự sướng do một cầu thủ bóng rổ chụp cùng Tổng thống Obama gần đây đã được xác nhận là một ""mánh"" quảng cáo của Samsung và Nhà Trắng sẽ kiên quyết xử lý những trường hợp như vậy.",NamSyntax/vietnamese-news-classification
namsyntax_1152114,Chồng dùng dao đoạt mạng vợ đang mang thai ở Bắc Giang,,48,,Pháp luật,"Sau khi lời qua tiếng lại, Nguyễn Văn Thảo (SN 1987, trú xã Ngọc Lý, Tân Yên, Bắc Giang) dùng dao nhọn đâm chết vợ đang mang bầu 3 tháng rồi lên công an đầu thú.",NamSyntax/vietnamese-news-classification
namsyntax_240401,"Ukraine sẵn sàng trao đổi lãnh thổ với Nga, Mỹ không gửi quân đội hỗ trợ Kiev",,51,,Thế giới,"Tổng thống Zelensky nói Ukraine sẵn sàng ""trao đổi lãnh thổ với Nga"" nếu 2 bên có thể ngồi vào bàn đàm phán. Mỹ bác bỏ khả năng triển khai quân đội tới Ukraine.",NamSyntax/vietnamese-news-classification
namsyntax_946163,Kết quả bóng đá hôm nay 7/7,,36,,Thể thao,"Kết quả bóng đá hôm nay 7/7 - Cập nhật kết quả các trận đấu bóng đá tại EURO 2020, vòng bảng AFC Champions League 2021, Copa America 2021.",NamSyntax/vietnamese-news-classification
namsyntax_228569,Thủ tướng đề nghị Việt - Trung ưu tiên hợp tác đường sắt,,41,,Thế giới,"Thủ tướng Phạm Minh Chính tiếp Đại sứ Trung Quốc Hà Vĩ, đề nghị Việt - Trung dành ưu tiên hàng đầu thúc đẩy hợp tác đường sắt.",NamSyntax/vietnamese-news-classification
namsyntax_1035233,'Gia đình Haha' - Hiện tượng số của năm,,37,,Giải trí,"""Gia đình Haha"", chương trình khai thác đời sống mộc mạc nơi làng quê Việt Nam, đoạt giải ""Hiện tượng số của năm"" tại gala Vietnam iContent 2025.",NamSyntax/vietnamese-news-classification
namsyntax_1207180,Trung Quốc cấm học sinh tiểu học tự ý dùng AI giải bài tập,,54,,Giáo dục,"Giáo viên phải đảm bảo AI chỉ đóng vai trò bổ trợ môn học, học sinh tiểu học bị cấm tự ý dùng, còn cấp 2 và 3 sử dụng ở mức nhất định, theo Bộ Giáo dục Trung Quốc.",NamSyntax/vietnamese-news-classification
namsyntax_1299665,Bố tôi đòi ly hôn để đến với ‘tình yêu đích thực’,,38,,Đời sống,"Sau hơn 30 năm sống chung với vợ, đến nay, bố chồng tôi (62 tuổi) muốn ly hôn để đến với người ông thật lòng thương.",NamSyntax/vietnamese-news-classification
namsyntax_944976,"Griezmann trở lại Atletico, Mbappe châm chọc khi vỡ mộng Real Madrid",,41,,Thể thao,"Griezmann trở lại Atletico Madrid vào giờ chót chuyển nhượng, trong khi Kylian Mbappe lỡ hẹn giấc mơ đến Real Madrid với sự chế nhạo từ Pique của Barca.",NamSyntax/vietnamese-news-classification
namsyntax_726875,"‘Vượt mặt’ tỉnh, huyện tự ý chuyển đổi gần 7ha đất rừng",,50,,Bất động sản,"Không thông qua Hội đồng Nhân dân tỉnh, UBND huyện Bá Thước (Thanh Hóa) tự ý chuyển đổi gần 7ha đất rừng sản xuất của một hộ dân sang đất trồng cây hàng năm và cấp giấy CNQSDĐ.",NamSyntax/vietnamese-news-classification
namsyntax_1018875,The Rock: 'Chúng tôi muốn tạo kỷ nguyên mới cho DC',,36,,Giải trí,"Tài tử The Rock hy vọng các đồng nghiệp tạo nên một chương mới cho vũ trụ điện ảnh DC với dự án ""Black Adam"".",NamSyntax/vietnamese-news-classification
namsyntax_984324,Thái Sơn Nam vô địch sớm ở giải Futsal QG,,45,,Thể thao,Đội bóng của bầu Tú đã trở lại với ngôi vô địch QG Futsal sau khi chia điểm với ĐKVĐ đồng thời là đối thủ cạnh tranh trực tiếp Sanna Khánh Hòa vào sáng 16/5...,NamSyntax/vietnamese-news-classification
namsyntax_246974,Ông Medvedev cảnh báo NATO ‘đùa với lửa’ khi tập trận quy mô lớn,,49,,Thế giới,"Bình luận về cuộc tập trận Steadfast Defender 2024 của NATO, Phó Chủ tịch Hội đồng An ninh Nga Dmitry Medvedev nhấn mạnh đây là hành động ‘đùa với lửa một cách rất nguy hiểm’.",NamSyntax/vietnamese-news-classification
namsyntax_256467,Chân dung ủy viên Bộ Chính trị Trung Quốc dày kinh nghiệm về công nghiệp quân sự,,55,,Thế giới,"Trong các ủy viên được bầu vào Bộ Chính trị Trung Quốc ở Đại hội 20 vừa qua, ông Trương Quốc Thanh là thành viên hiếm hoi có nhiều năm công tác trong ngành công nghiệp quân sự.",NamSyntax/vietnamese-news-classification
namsyntax_110044,"Xe container đổ phơi bụng vào nhà dân, tài xế gãy xương bả vai",,39,,Thời sự,"5h sáng nay, tại QL6 gần ngã ba Tuần Giáo (huyện Tuần  Giáo, Điện Biên), một xe container lật đổ phơi bụng vào nhà dân.",NamSyntax/vietnamese-news-classification
namsyntax_1069883,Di chúc kỳ lạ của 'Bao Thanh Thiên' Kim Siêu Quần,,48,,Giải trí,"Trong di chúc, Kim Siêu Quân - Bao Công của ""Bao Thanh Thiên"" để lại tài sản cho vợ và hy vọng bà tìm được hạnh phúc mới, nhưng kèm theo một điều kiện rất đặc biệt.",NamSyntax/vietnamese-news-classification
namsyntax_198771,Ngày thứ 141 chiến sự: Ukraine tố Nga tấn công tên lửa khiến hàng chục người chết,,47,,Thế giới,"Ukraine tố lực lượng Nga tấn công tên lửa vào thành phố Vinnystia, miền trung Ukraine, khiến ít nhất 22 dân thường thiệt mạng và hàng chục người mất tích.",NamSyntax/vietnamese-news-classification
namsyntax_28245,Hơn 2.000 máy bay không người lái vẽ biểu tượng Thủ đô,,39,,Thời sự,"2.024 máy bay không người lái có màn trình diễn ánh sáng, xếp hình 9 biểu tượng trên bầu trời Hà Nội, tối 7/2 (28 tháng chạp).",NamSyntax/vietnamese-news-classification
namsyntax_792682,Mẹ bầu bị thiểu ối có nguy hiểm?,,48,,Sức khỏe,"Vợ tôi mang bầu con đầu lòng 16 tuần, siêu âm phát hiện túi ối nhỏ hơn so với tuổi thai. Thiếu ối có gây nguy cơ bị cạn ối, thai chết lưu không? (Trung Phong, 35 tuổi, Kiên Giang)",NamSyntax/vietnamese-news-classification
namsyntax_578329,Nữ player đầu tiên trong lịch sử Overwatch League sẽ có màn ra mắt vào tháng sau,,38,,Khoa học,(GameSao.vn) – Geguri đang trên đường hội quân với Dragons và chắc chắn sẽ thi đấu tại Stage 3 của OWL.,NamSyntax/vietnamese-news-classification
namsyntax_1084451,Hết hồn vì bộ đồ nude nhìn nhầm dễ hỏng mắt của người đẹp Việt,,44,,Giải trí,Vẫn biết màu nude là một xu hướng rất được lòng các mỹ nhân nhưng khi vận nó từ đầu xuống chân dễ khiến người ta hiểu lầm.-Thời trang,NamSyntax/vietnamese-news-classification
namsyntax_1183693,Đại án 9.000 tỷ: Nữ Giám đốc Tân Hiệp Phát bị 'tố' trước tòa,,37,,Pháp luật,"Ngày 1/8, HĐXX tiếp tục thẩm vấn bị cáo Phạm Công Danh để làm rõ một số nội dung xung quanh vụ án.",NamSyntax/vietnamese-news-classification
namsyntax_1248134,Đề thi Lịch sử có nhiều điểm mới,,47,,Giáo dục,"“Đề thi môn Lịch sử có tính phân hóa, tránh được học vẹt. Đề đáp ứng yêu
cầu của kỳ thi vừa xét tôt nghiệp vừa xét tuyển sinh ĐH…” là những nhận
định của giáo viên dạy sử.",NamSyntax/vietnamese-news-classification
namsyntax_1330706,Màn kịch xin tiền trơ trẽn giữa Hà Nội của 'một bà bầu'?,,57,,Đời sống,"Khi ngất xỉu ở giữa phố, nơi đông người qua lại, người phụ nữ nhận được rất nhiều tiền của những người hảo tâm. Tuy nhiên, chiêu thức ngất xỉu của chị này lặp đi lặp lại đã khiến người khác phải nghi ngờ.",NamSyntax/vietnamese-news-classification
namsyntax_199926,Tứ Xuyên đóng cửa nhà máy vì nắng nóng,,39,,Thế giới,"Trung Quốc - Tứ Xuyên, trung tâm sản xuất chất bán dẫn quan trọng, ra lệnh đóng cửa nhiều nhà máy trong 6 ngày vì thiếu điện do nắng nóng.",NamSyntax/vietnamese-news-classification
namsyntax_887538,Ancelotti đổ lỗi cho vận đen khi thua đậm Barca,,40,,Thể thao,Mỹ - HLV Carlo Ancelotti than thở Real phung phí nhiều cơ hội ngon ăn khi dứt điểm trúng khung gỗ 5 lần trong trận giao hữu thua Barca 0-3.,NamSyntax/vietnamese-news-classification
namsyntax_419434,"Thợ máy khẩu trang thời dịch: Lúc kiếm tiền tỷ mua nhà, nay chẳng ai thuê",,53,,Kinh doanh,"Trong mùa dịch, ngoài bán khẩu trang thì nghề sửa máy làm khẩu trang cũng cho thu nhập cực “khủng”. Song, khi khẩu trang ế ẩm thì hạ giá 10 triệu cũng không có khách hỏi thuê.",NamSyntax/vietnamese-news-classification
namsyntax_266921,Malaysia bắt giữ người sáng lập ứng dụng ‘sugar daddy’,,35,,Thế giới,"Theo hãng tin Strait Times, cơ quan an ninh Malaysia đã bắt giữ người sáng lập ứng dụng ‘đổi tiền lấy tình’ Sugarbook Darren Chan.",NamSyntax/vietnamese-news-classification
namsyntax_903743,Haaland giúp Na Uy giữ mạch toàn thắng tại vòng loại World Cup,,42,,Thể thao,"Estonia - Na Uy hạ chủ nhà Estonia 1-0, còn Italy thắng Moldova 2-0 ở lượt bốn bảng I vòng loại World Cup 2026 - khu vực châu Âu.",NamSyntax/vietnamese-news-classification
namsyntax_654470,Bất ngờ với SGK điện tử trên máy tính bảng giáo dục AIC,,51,,Khoa học,"– Tất cả những cuốn sách điện tử trên chiếc máy tính bảng mà AIC Group nhập về, được đóng gói thành ứng dụng dạng số hóa SGK chứ không hề có tương tác gì với người đọc.",NamSyntax/vietnamese-news-classification
namsyntax_208242,Cảnh sát Pháp đụng độ người biểu tình phản đối tăng tuổi hưu,,42,,Thế giới,"Cảnh sát Pháp dùng vòi rồng, xịt hơi cay để đối phó với đám đông biểu tình phản đối luật tăng tuổi hưu vào ngày Quốc tế Lao động.",NamSyntax/vietnamese-news-classification
namsyntax_922639,Báo Indonesia: Garuda luôn khiến HLV Philippe Troussier vất vả,,41,,Thể thao,"Báo Indonesia đề cập đến việc HLV Philippe Troussier luôn chịu thất bại khi cùng các đội tuyển Việt Nam đối đầu với Garuna, trước thềm cuộc thư hùng ngày 21/3.",NamSyntax/vietnamese-news-classification
namsyntax_1272268,'FPT Camera có tiềm năng tại Nhật Bản',,40,,Đời sống,"Ông Phạm Thanh Tuấn cho biết sản phẩm camera giám sát của FPT thu hút hàng nghìn người tham quan, đặt hàng nhờ tích hợp loạt công nghệ thông minh, giá tốt.",NamSyntax/vietnamese-news-classification
namsyntax_983078,"Thua đậm tại Cẩm Phả, Hải Phòng mất ngôi đầu",,54,,Thể thao,"Hải Phòng cần ít nhất 1 điểm để đòi lại ngôi đầu bảng từ SHB Đà Nẵng, nhưng đội bóng đất Cảng đã không làm được điều này khi để thua Than Quảng Ninh với tỷ số 1-3 trong trận derby Đông Bắc bộ.",NamSyntax/vietnamese-news-classification
namsyntax_443774,"Mua nhà đón mở đường tăng giá: Kẻ khóc, người cười",,56,,Kinh doanh,"Hàng loạt dự án
sau khi mở đường có mức giá tăng trung bình từ 20-30%, theo khảo sát của nhiều
công ty tư vấn. Yếu tố hạ tầng giao thông quyết định rất lớn tới thành công của
một dự án bất động sản.",NamSyntax/vietnamese-news-classification
namsyntax_318890,Gặp người khát khao đào tạo các lãnh đạo trẻ,,43,,Thế giới,"Fred Swaniker, một doanh nhân luôn khát khao giải quyết các vấn đề xã hội,
tin rằng châu Phi trải qua nhiều khó khăn là do thiếu khả năng lãnh đạo thích
hợp.",NamSyntax/vietnamese-news-classification
namsyntax_986727,Xem Serena Williams dũng mãnh,,32,,Thể thao,"Hạt giống số một người Mỹ không mấy khó khăn để khuất phục Maria Sharapova chỉ sau 2 set 6-4, 6-1 ở tứ kết Australian Open 2016.",NamSyntax/vietnamese-news-classification
namsyntax_407308,Hai nhà sáng lập Trung Sơn Pharma: Đồng lòng vượt sóng ra khơi,,63,,Kinh doanh,"Bên cạnh sự đa dạng về thuốc, đến với Trung Sơn Pharma, khách hàng được trải nghiệm dịch vụ tư vấn tận tình “như người thân trong gia đình”. Bản sắc riêng này đã được 2 nhà đồng sáng lập hệ thống nhà thuốc gây dựng suốt 24 năm qua.",NamSyntax/vietnamese-news-classification
namsyntax_1044255,NSND Thanh Hoa và bến đỗ bình yên bên nghệ sĩ xiếc kém 6 tuổi,,49,,Giải trí,"Sau cuộc hôn nhân đầu tiên nhiều sóng gió, NSND Thanh Hoa kết hôn với nghệ sĩ xiếc Tôn Thất Lợi - người kém bà 6 tuổi và sống hạnh phúc 40 năm qua.",NamSyntax/vietnamese-news-classification
namsyntax_477357,Rau quả Trung Quốc tràn chợ,,46,,Kinh doanh,"Hàng loạt mặt hàng rau củ, trái cây nhập khẩu hiện đua nhau đổ bộ vào VN. Thậm chí nhiều mặt hàng nông sản từ Trung Quốc được chào mời giao hàng tận nhà nếu mua từ 5kg trở lên.",NamSyntax/vietnamese-news-classification
namsyntax_426869,Dùng thẻ tín dụng: Cẩn thận 'nợ chồng nợ chất',,58,,Kinh doanh,"Tiêu tiền trước trả tiền sau, thậm chí rút tiền sử dụng cho việc khác, sau thời gian từ 1 tháng hoặc hơn (tùy từng ngân hàng) nếu người dùng chưa thanh toán sẽ phải tính lãi,… đó là những tiện ích mà thẻ tín dụng mang lại.",NamSyntax/vietnamese-news-classification
namsyntax_242952,Cận cảnh tiêm kích F-35 của Mỹ lần đầu hạ cánh xuống đường cao tốc châu Âu,,47,,Thế giới,Không quân Mỹ đã lần đầu tiên cho hạ cánh 2 chiến đấu cơ tàng hình F-35 Lightning II thế hệ thứ 5 trên đường cao tốc ở châu Âu.,NamSyntax/vietnamese-news-classification
namsyntax_203024,Người Mỹ hôm nay bắt đầu bầu cử giữa kỳ,,40,,Thế giới,"Hàng triệu cử tri Mỹ hôm nay bỏ phiếu để bầu lại Hạ viện và 1/3 Thượng viện trong cuộc bầu cử giữa kỳ, cùng với 36 thống đốc bang.",NamSyntax/vietnamese-news-classification
namsyntax_1267718,'Siêu thị mini' tại gia thời giãn cách,,45,,Đời sống,"Hơn một tuần Hà Nội giãn cách, cả nhà Ngọc Anh không bước chân ra cửa nhưng các bữa cơm của gia đình vẫn tươm tất nhờ có 'siêu thị mini' là chiếc tủ lạnh 660 lít.",NamSyntax/vietnamese-news-classification
namsyntax_810068,Mất thị lực do đục thủy tinh thể,,41,,Sức khỏe,"TP HCM - Bà Nhung, 82 tuổi, 4 năm trước phát hiện mắt trái đục thủy tinh thể độ hai nhưng không điều trị, nay tình trạng tiến triển gây mất thị lực.",NamSyntax/vietnamese-news-classification
namsyntax_1321131,Mẹo hữu ích khi đi du lịch không phải ai cũng biết,,31,,Đời sống,Những vật dụng tự chế sau đây sẽ vô cùng hữu ích cho bạn trong một chuyến đi xa.,NamSyntax/vietnamese-news-classification
namsyntax_74772,"'Lá phổi xanh' lạ mắt lọt giữa những khối bê tông, cao ốc ở Hà Nội",,48,,Thời sự,"Hầm chui Trung Hòa - đại lộ Thăng Long những ngày qua được ""thay áo mới"" với nhiều cây cảnh trang trí, phủ xanh hai bên đường tạo điểm nhấn lạ mắt.",NamSyntax/vietnamese-news-classification
namsyntax_236925,Đòn giáng mạnh vào Mỹ khi đồng minh từ bỏ mua hệ thống phòng không Patriot,,52,,Thế giới,"Việc Đan Mạch chọn hệ thống phòng không SAMP/T của Pháp - Italia thay vì Patriot của Mỹ là chiến thắng vang dội cho Paris, nhưng lại là đòn giáng mạnh với Tổng thống Donald Trump.",NamSyntax/vietnamese-news-classification
namsyntax_213281,Đại hội đồng LHQ sắp họp khẩn về chiến sự Israel - Hamas,,41,,Thế giới,Đại hội đồng LHQ dự kiến họp khẩn ngày 26/10 để thảo luận cách ứng phó với cuộc xung đột giữa lực lượng Hamas ở Gaza với Israel.,NamSyntax/vietnamese-news-classification
namsyntax_1301730,"Bi hài ở quán cà phê: Khách mang đèn đến học, ngồi 'mọc rễ' gọi 1 cốc nước",,48,,Đời sống,"Có nhiều khách hàng thường ""ngồi thiền"" cả buổi với một ly cà phê, trong khi bản thân chiếm dụng hẳn một chiếc bàn to, có thể ngồi 4-5 người.",NamSyntax/vietnamese-news-classification
namsyntax_1285419,Nữ giảng viên gốc Việt: Học thêm ngành tâm lý để giúp đỡ trẻ em,,42,,Đời sống,Giang Thanh đã trở lại thăm trường Đại học Nông nghiệp Queen University  (Mỹ) với ước nguyện học ngành tâm lý học để giúp đỡ trẻ em.,NamSyntax/vietnamese-news-classification
namsyntax_773702,TP HCM muốn đấu thầu tập trung 308 loại thuốc,,39,,Sức khỏe,Sở Y tế TP HCM muốn mở rộng danh mục đấu thầu tập trung thêm 308 loại thuốc để giải quyết tình trạng thiếu thuốc ở trạm y tế.,NamSyntax/vietnamese-news-classification
namsyntax_770944,Tiêm vaccine Covid-19 có ảnh hưởng đến phương pháp IVF?,,44,,Sức khỏe,Anh - Nghiên cứu mới của nhóm chuyên gia Đại học Iowa cho thấy vaccine Covid-19 không ảnh hưởng tiêu cực đến tỷ lệ mang thai ở những người đang thụ tinh ống nghiệm.,NamSyntax/vietnamese-news-classification
namsyntax_901254,Các golfer nữ Việt Nam tranh vé dự major ở giải WAAP,,41,,Thể thao,"Sáu golfer nữ Việt Nam có cơ hội dự ba major, nếu vô địch giải vô địch nghiệp dư nữ châu Á - Thái Bình Dương (WAAP) tuần này.",NamSyntax/vietnamese-news-classification
namsyntax_730297,"30 tuổi, tôi mua căn nhà đầu tiên và nhận ngay cái kết đắng",,44,,Bất động sản,"Vội vàng mua nhà khi chưa tính toán kỹ bài toán tài chính, anh Minh Long, Nghệ An đã buộc phải bán ngôi nhà để tất toán nợ ngân hàng.",NamSyntax/vietnamese-news-classification
namsyntax_715972,"Đồng Khởi, TP HCM lọt nhóm mặt bằng cho thuê đắt nhất thế giới",,44,,Bất động sản,"Giá thuê mặt bằng trên đường Đồng Khởi, TP HCM đắt thứ 13 thế giới, còn phố Tràng Tiền, Hà Nội xếp thứ 17 khu vực, theo Cushman & Wakefield.",NamSyntax/vietnamese-news-classification
namsyntax_742926,Vì sao Hà Nội tính chỉ tiêu dân số căn hộ diện tích 45-70m2 chỉ hai người ở?,,73,,Bất động sản,"Theo lãnh đạo Sở Quy hoạch - Kiến trúc Hà Nội, quy định xác định chỉ tiêu dân số với căn hộ chung cư thương mại 45-70m2 tính 2 người ở là để quản lý về quy hoạch không phải quản lý về hộ khẩu hay cấm bao nhiêu người ở trong một căn hộ.",NamSyntax/vietnamese-news-classification
namsyntax_1120033,Thế Anh nhớ về Mối tình đầu,,43,,Giải trí,"Gia tài gần 60 phim nhưng Mối tình đầu - phim đầu
tiên làm ở Sài Gòn sau giải phóng- vẫn là một trong những bộ phim tôi
thích, nhớ nhất dù 36 năm trôi qua.",NamSyntax/vietnamese-news-classification
namsyntax_111911,"Tàu cao tốc 96 chỗ cháy ngùn ngụt trong cảng Cái Rồng, Quảng Ninh",,36,,Thời sự,"Tàu cao tốc chở khách đỗ trong cảng cháy ngùn ngụt, chỉ 30 phút ngọn lửa thiêu rụi hoàn toàn chiếc tàu.",NamSyntax/vietnamese-news-classification
namsyntax_1163900,Tội ác trong cơn ảo giác của nghịch tử,,47,,Pháp luật,"TP HCM - Vũ Văn Tâm, 33 tuổi, khai rất thương mẹ nhưng do bị ảo giác từ ma túy và ""có người xúi giục sát hại bà để vợ con được bình an"" nên đã ra tay.",NamSyntax/vietnamese-news-classification
namsyntax_1230812,"Bộ GD-ĐT lo tình trạng học tủ, học lệch nếu chọn môn cố định thi vào lớp 10",,68,,Giáo dục,"Thứ trưởng Bộ GD-ĐT cho rằng, nếu để địa phương tự chọn môn thi lớp 10 có thể ảnh hưởng bởi ý chí chủ quan của người đứng đầu, gây ra nhiều hệ lụy; nếu chọn một môn cố định, Bộ lo gây ra tình trạng học tủ, học lệch.",NamSyntax/vietnamese-news-classification
namsyntax_1221178,Hơn 8 điểm/môn mới trúng tuyển ngành 'hot' ĐH Công nghệ Giao thông vận tải,,45,,Giáo dục,Trường ĐH Công nghệ Giao thông vận tải vừa công bố điểm chuẩn hệ chính quy năm 2023 theo phương thức xét tuyển bằng kết quả thi tốt nghiệp THPT.,NamSyntax/vietnamese-news-classification
namsyntax_1047898,"Trấn Thành và lằn ranh giữa bóng tối, ánh sáng…",,58,,Giải trí,"Nói về showbiz Việt hôm nay, có lẽ không có bất kỳ nghệ sĩ nào khác ngoài cái tên Trấn Thành là “dậy sóng” nhất theo đúng nghĩa của từ này. Gần như có cảm giác, nhất cử nhất động của anh đều khiến dư luận bàn tán.",NamSyntax/vietnamese-news-classification
namsyntax_391074,"Giá vàng nhẫn tăng hơn 1 triệu sau một đêm, lập đỉnh mới trên 74 triệu đồng",,58,,Kinh doanh,"Giá vàng nhẫn tăng mạnh, nhiều thương hiệu đắt thêm hơn 1 triệu đồng mỗi lượng chỉ sau 1 đêm. Chiều nay, có thương hiệu nâng giá bán lên mức cao kỷ lục chưa từng có, vượt mốc 74 triệu đồng/lượng.",NamSyntax/vietnamese-news-classification
namsyntax_240731,Hình ảnh hiếm có bên trong căn cứ hải quân ngầm của Iran,,58,,Thế giới,"Lực lượng Vệ binh Cách mạng Iran (IRGC) đã công bố về sự hiện diện của một căn cứ tên lửa hải quân ngầm tại một địa điểm bí mật ở Vịnh Ba Tư, hai ngày trước khi ông Trump nhậm chức Tổng thống Mỹ.",NamSyntax/vietnamese-news-classification
namsyntax_245470,"Ukraine công bố tổn thất của Nga, Mỹ thông qua luật viện trợ cho Kiev",,50,,Thế giới,Bộ Tổng tham mưu Lực lượng Vũ trang Ukraine hôm nay (24/4) đã công bố số liệu về tổn thất của Nga từ khi tiến hành chiến dịch quân sự đặc biệt ở nước này.,NamSyntax/vietnamese-news-classification
namsyntax_940684,Tuyển Việt Nam thay 4 cầu thủ trước ngày hội quân,,35,,Thể thao,Danh sách tập trung tuyển Việt Nam chuẩn bị cho hai trận gặp Oman và Nhật Bản có nhiều thay đổi về nhân sự.,NamSyntax/vietnamese-news-classification
namsyntax_818137,Loại đồ uống luôn có trên tay cụ bà 107 tuổi,,44,,Sức khỏe,"Loại đồ uống yêu thích nhiều năm qua của bà Edna Walmsley là trà. Đã 107 tuổi, cụ bà người Anh vẫn khỏe mạnh, nhớ được những bài thơ biết từ ngày trẻ.",NamSyntax/vietnamese-news-classification
namsyntax_1265932,Những bài học dạy con gái 4 tuổi của ông bố Hà Nội,,41,,Đời sống,"Thấy con gái có biểu hiện hiếu thắng, thiếu kiên nhẫn, anh Đinh Đức Dũng, 32 tuổi, lên kế hoạch uốn nắn bằng những bài học độc đáo.",NamSyntax/vietnamese-news-classification
namsyntax_1211717,Tàu thăm dò vũ trụ sắp mang mẫu vật từ tiểu hành tinh về Trái Đất,,43,,Giáo dục,Tàu thăm dò vũ trụ Hayabusa-2 của Nhật Bản đã rời khỏi quỹ đạo xung quanh một tiểu hành tinh xa xôi để trở về Trái đất.,NamSyntax/vietnamese-news-classification
namsyntax_17719,Nhà máy chi tiền tỷ thưởng công nhân mới,,47,,Thời sự,"Lì xì, tặng tiền khi ký hợp đồng, thưởng gắn bó mỗi tháng… là cách nhiều nhà máy ở TP HCM, Đồng Nai, Bình Dương thu hút công nhân mới với tổng chi phí cả trăm tỷ đồng.",NamSyntax/vietnamese-news-classification
namsyntax_472124,"Sát tết, chợ đêm tràn phố Sài thành",,44,,Kinh doanh,"(VEF.VN) - Những ngày kinh doanh  ít ỏi còn lại của năm cũ và cũng
tận dụng luôn các vỉa hè, đường xá, công viên… các chợ đêm ở TP.HCM
đang mọc lên ngày một nhiều.",NamSyntax/vietnamese-news-classification
namsyntax_387413,Bình Dương thu hút mạnh đầu tư FDI,,46,,Kinh doanh,"Với tốc độ tăng trưởng như hiện nay, Sở Kế hoạch & Đầu tư tỉnh Bình Dương dự kiến đến cuối năm, địa phương sẽ thu hút được 1,8 tỷ USD, đạt chỉ tiêu kế hoạch năm 2024.",NamSyntax/vietnamese-news-classification
namsyntax_466827,"Sắp có nhà máy thủy điện, xi măng Việt ở Cameroon",,58,,Kinh doanh,"Công ty TNHH Xuân Thiện Ninh
Bình thuộc Tập đoàn Kinh tế Xuân Thành vừa hoàn thành quá trình khảo sát, đàm
phán đầu tư Nhà máy Thủy điện công suất 2.000 MW và xây dựng Nhà máy sản xuất xi
măng 5 triệu tấn/năm tại Cameroon.",NamSyntax/vietnamese-news-classification
namsyntax_1138602,"Xử tù chung thân thanh niên trộm tài sản, đánh chết người",,35,,Pháp luật,"Đột nhập vào công trình ăn trộm, bị người trông coi tài sản phát hiện, Dương Đệ Hoàng đã đánh chết người này.",NamSyntax/vietnamese-news-classification
namsyntax_28372,Hơn 800 người chữa cháy rừng ở Sa Pa,,40,,Thời sự,"Lào Cai - Đám cháy rừng ở Vườn quốc gia Hoàng Liên hơn một ngày đêm lan rộng 30 ha, nhà chức trách phải huy động gần 840 người chữa cháy.",NamSyntax/vietnamese-news-classification
namsyntax_862918,Messi trách móc trọng tài,,28,,Thể thao,Đội trưởng Argentina Lionel Messi phàn nàn với trọng tài khi không được công nhận bàn thắng ở trận hòa Paraguay tối 12/11.,NamSyntax/vietnamese-news-classification
namsyntax_919889,VCK U17 quốc gia 2024: Thêm Hà Nội và Hà Tĩnh giành vé vào tứ kết!,,49,,Thể thao,"Sau PVF, thêm Hà Nội và Hà Tĩnh lấy vé sớm vào tứ kết giải U17 quốc gia – Thái Sơn Nam 2024, ở các lượt đấu bảng B và C, chiều 14/7.",NamSyntax/vietnamese-news-classification
namsyntax_822338,Khi nào đau lưng cảnh báo 3 loại ung thư?,,28,,Sức khỏe,"Ung thư bàng quang, phổi và cột sống là ba dạng bệnh có chung triệu chứng đau lưng.",NamSyntax/vietnamese-news-classification
namsyntax_1315972,Những người từng ly hôn đi tìm tình yêu mới tại 'Bạn muốn hẹn hò',,45,,Đời sống,"Nhiều người từng ""giữa đường gãy gánh"" trong hôn nhân đến ""Bạn muốn hẹn hò"" mong muốn tìm được tình yêu mới nhận nhiều sự đồng cảm từ khán giả.",NamSyntax/vietnamese-news-classification
namsyntax_717503,TP HCM xin hướng dẫn về phân lô bán nền tại các huyện ngoại thành,,55,,Bất động sản,"UBND TP HCM vừa kiến nghị Bộ Tư pháp và Xây dựng hướng dẫn rõ các vấn đề liên quan việc phân lô bán nền đất có hạ tầng kỹ thuật tại dự án ở các xã, thị trấn, huyện.",NamSyntax/vietnamese-news-classification
namsyntax_784313,Lầm tưởng thường gặp về cholesterol,,39,,Sức khỏe,"Ăn các món có cholesterol đều làm tăng mỡ máu, thực phẩm giàu chất béo đều không tốt, người trẻ không cần lo lắng về bệnh tim mạch là quan niệm chưa đúng.",NamSyntax/vietnamese-news-classification
namsyntax_1139463,Nữ sinh giao gà bị giết ở Điện Biện: Chân tướng kẻ chủ mưu Bùi Văn Công,,57,,Pháp luật,"Bị bắt, Bùi Văn Công vẫn ngoan cố chối tội, đưa ra những chứng cứ ngoại phạm giả. Khi các điều tra viên đưa chứng cứ xác thực thì hắn giả vờ kêu ốm, thậm chí giả câm giả điếc.",NamSyntax/vietnamese-news-classification
namsyntax_581572,Garena phát hành Free Fire: Battlegrounds trên toàn cầu,,28,,Khoa học,(GameSao.vn) – Free Fire đã “sang tay” Garena theo đúng như những gì cộng đồng người chơi suy đoán.,NamSyntax/vietnamese-news-classification
namsyntax_818375,"Cụ bà sống thọ 100 tuổi, cơ thể không đau nhức nhờ công việc yêu thích",,37,,Sức khỏe,Bí quyết sống thọ của cụ bà người Mỹ là thường xuyên giao tiếp với khách hàng suốt 80 năm qua.,NamSyntax/vietnamese-news-classification
namsyntax_250621,Chiến đấu cơ Anh bất ngờ tiếp cận Crưm,,41,,Thế giới,Một máy bay trinh sát chiến lược RC-135W và hai máy bay chiến đấu Eurofighter Typhoon của Không quân Anh được phát hiện bay cách biên giới không phận Crưm khoảng 100km.,NamSyntax/vietnamese-news-classification
namsyntax_1314699,Thầy giáo cưới học trò kém 22 tuổi: 'Tôi 40 khi cô ấy vừa 18',,50,,Đời sống,"Câu chuyện tình yêu giữa ông Hồ Đại Phước với người vợ kém ông 22 tuổi khiến không ít người ngưỡng mộ. Được biết, họ kết hôn khi ông Phước đã xấp xỉ 40 tuổi.",NamSyntax/vietnamese-news-classification
namsyntax_201055,Chật vật vì hạn hán ở Trung Quốc,,31,,Thế giới,"Giống nhiều thế hệ trước, Zhang Yue và chồng dựa vào Bà Dương, hồ nước ngọt lớn nhất Trung Quốc, để sinh nhai.",NamSyntax/vietnamese-news-classification
namsyntax_1319455,"Mẹo bảo vệ cáp sạc smartphone, máy tính",,37,,Đời sống,"Với những mẹo vặt nhỏ này, bạn có thể kéo dài tuổi thọ cho cáp sạc smartphone hay máy tính, làm chúng khó bị hao mòn, đứt gãy hơn.",NamSyntax/vietnamese-news-classification
namsyntax_328859,30 triệu nên kinh doanh online mặt hàng nào?,,30,,Kinh doanh,Với số vốn 30 triệu nên kinh doanh mặt hàng nào có nhu cầu nhiều và còn khoảng trống thị trường?,NamSyntax/vietnamese-news-classification
namsyntax_1237506,Giám đốc Sở Giáo dục và Đào tạo Cần Thơ xin nghỉ việc,,49,,Giáo dục,"Bà Trần Hồng Thắm, học vị Tiến sĩ (46 tuổi), Giám đốc Sở Giáo dục và Đào tạo TP Cần Thơ vừa gửi đơn đến Bí thư Thành ủy, Chủ tịch UBND TP xin nghỉ việc.",NamSyntax/vietnamese-news-classification
namsyntax_439125,MM Mega Market giành 10 tỷ đồng khuyến mãi dịp lễ,,60,,Kinh doanh,"Từ 26/04 - 09/05/2018, công ty TNHH MM Mega Market Việt Nam (trước đây là Metro) tung ra chương trình khuyến mãi “Cơn lốc giá sốc” với mức giảm giá lên đến 49% mừng 2 ngày lễ lớn Giải phóng miền Nam 30/4 và Quốc tế Lao động 1/5.",NamSyntax/vietnamese-news-classification
namsyntax_987483,"Công Vinh truyền “bí kíp” cho Tuấn Anh, Công Phượng",,39,,Thể thao,"Từng có khoảng thời gian 4 tháng thi đấu tại Nhật Bản, nên Công Vinh có nhiều bài học muốn được chia sẻ cho các đàn em của mình.",NamSyntax/vietnamese-news-classification
namsyntax_1142391,Bắt 2 thanh niên cắt trộm dây cáp chống sét của 150 trạm thu phát sóng,,58,,Pháp luật,"Trong vòng 20 ngày, Hội và Tráng đã sử dụng kìm phá khóa cùng máy cắt để đột nhập vào khoảng 150 trạm thu phát sóng của các nhà mạng, trộm dây cáp chống sét rồi mang bán lấy tiền tiêu xài.",NamSyntax/vietnamese-news-classification
namsyntax_1181378,Bí thư phường nhảy lầu vì đánh bạc: Một đối tượng đầu thú,,47,,Pháp luật,"Khi bị phát hiện đánh bạc, Bí thư phường Đông Giang cùng 2 người khác nhảy lầu để trốn thoát. Sau đó, một số người này đã đến cơ quan công an đầu thú.",NamSyntax/vietnamese-news-classification
namsyntax_977532,Lịch thi đấu bóng đá hôm nay 18/5,,31,,Thể thao,"Vietnamnet cập nhật lịch thi đấu và phát sóng trực tiếp bóng đá hôm nay, rạng sáng mai nhanh và chính xác nhất.",NamSyntax/vietnamese-news-classification
namsyntax_1023830,Phương Mỹ Chi - từ 'cô bé dân ca' đến ca sĩ đa tài,,43,,Giải trí,"Phương Mỹ Chi - ""cô bé dân ca"" ở Giọng hát Việt Nhí 2013 - hiện điều hành công ty giải trí riêng, lấn sân sáng tác, diễn xuất.",NamSyntax/vietnamese-news-classification
namsyntax_225829,Máy bay Hàn Quốc có thể đã thoát thảm họa nhờ cất cánh trễ giờ,,43,,Thế giới,Các hành khách cho biết máy bay Air Busan có thể đã bốc cháy trên không trung thay vì dưới mặt đất nếu cất cánh đúng kế hoạch.,NamSyntax/vietnamese-news-classification
namsyntax_743144,9 tuyệt chiêu biến nhà lắm đồ bỗng gọn trong nháy mắt,,39,,Bất động sản,Căn nhà vốn nhiều đồ lặt vặt sẽ trở nên gọn gàng hơn nếu chị em nắm được một số mẹo đơn giản mà dễ áp dụng.,NamSyntax/vietnamese-news-classification
namsyntax_931015,MU nhận tin sét đánh sau trận hòa Southampton,,34,,Thể thao,"Tài năng trẻ Alejandro Garnacho dính chấn thương mắt cá nghiêm trọng, phải rời sân Old Trafford với đôi nạng sau trận đấu gặp Southampton.",NamSyntax/vietnamese-news-classification
namsyntax_972098,"MU báo động đỏ, Conte dằn mặt sao Chelsea",,43,,Thể thao,"MU sẽ còn ăn hại, nhìn các đối thủ lên ngôi, Conte sau công kích lãnh đạo Chelsea, tiếp tục dằn mặt học trò là những tin bóng đá mới nhất tối nay, 12/2.",NamSyntax/vietnamese-news-classification
namsyntax_253775,Mỹ điều chỉnh đường bay của các UAV sau sự cố ở Biển Đen,,43,,Thế giới,"Sau sự cố UAV MQ-9 Reaper bị rơi ở Biển Đen, Mỹ đã điều chỉnh đường bay của các UAV ra xa khu vực xung quanh bán đảo Crưm.",NamSyntax/vietnamese-news-classification
namsyntax_863328,Bayern 1-1 Werder Bremen,,25,,Thể thao,"Bàn gỡ của Kingsley Coman, Bayern Munich thoát thua trên sân nhà trước Werder Bremen ở vòng 8 Bundesliga hôm 21/11.",NamSyntax/vietnamese-news-classification
namsyntax_849638,Đã quan hệ có nên tiêm vaccine?,,43,,Sức khỏe,"""Nhiều ngươi nói vaccine phòng ung thư cổ tử cung chỉ nên tiêm khi chưa
từng quan hệ tình dục, điều này có đúng không? Tôi đã quan hệ tình dục
thì có thể tiêm không?"".",NamSyntax/vietnamese-news-classification
namsyntax_581886,Chi tiết về bộ ứng dụng G Suite by Google Cloud,,75,,Khoa học,"G Suite là một bộ ứng dụng văn phòng dựa trên công nghệ điện toán đám mây do Google phát triển và cung cấp. Nó bao gồm Gmail theo tên miền, Drive, Lịch, Hangouts Meet, Sites, Google+, Docs (Trang tính, tài liệu và bản trình bày...) và một công cụ dành riêng cho quản trị viên để kiểm soát và điều khiển hệ thống.",NamSyntax/vietnamese-news-classification
namsyntax_79035,Chồng 93 tuổi đánh vợ tử vong vì nghi ngờ bà cho tiền hàng xóm,,48,,Thời sự,"Sau khi dùng dùi gỗ đánh vợ tử vong, ông Thắng được cơ quan công an cho tại ngoại vì được gia đình làm đơn xin bảo lãnh và đã quá già yếu.",NamSyntax/vietnamese-news-classification
namsyntax_738651,Khiếp vía đi qua,,37,,Bất động sản,"Hàng rào chắn bằng tôn của Dự án tuyến đường sắt đô thị trên cao Hà Nội bị bật tung, chìa cạnh sắc nhọn ra ngoài khiến nhiều người đi qua khiếp vía.",NamSyntax/vietnamese-news-classification
namsyntax_1219640,"Nhớ nhà khóc tới phát ốm, tân sinh viên xin rút hồ sơ về quê",,58,,Giáo dục,- Có thí sinh nhập học rồi nhưng nhớ nhà khóc tới phát sốt nên xin rút hồ sơ để về; Có thí sinh mẹ đi làm thủ tục nhập học hộ vì con không biết gì và còn bận đi du lịch.,NamSyntax/vietnamese-news-classification
namsyntax_1202581,BUV công bố quỹ học bổng trị giá 87 tỷ đồng,,44,,Giáo dục,"Trường Đại học Anh Quốc Việt Nam (BUV) công bố Quỹ học bổng 2024 với tổng trị giá 87 tỷ đồng, đồng thời giới thiệu 6 chương trình và một chuyên ngành mới.",NamSyntax/vietnamese-news-classification
namsyntax_740655,"Giá căn hộ TPHCM vượt 70 triệu đồng/m2, mua nhà 3 tỷ đồng phải đi xa hơn 10km",,57,,Bất động sản,Giá bán trung bình của căn hộ sơ cấp tại TPHCM trong nửa đầu năm đạt 73 triệu đồng/m2. Nguồn cung căn hộ có giá bán 3 tỷ đồng chủ yếu cách xa trung tâm thành phố hơn 10km.,NamSyntax/vietnamese-news-classification
namsyntax_330244,CityLand đồng hành 'Vì Việt Nam khỏe mạnh',,42,,Kinh doanh,"Công ty TNHH Đầu tư Địa ốc Thành Phố (CityLand) trao 300 triệu đồng hỗ trợ các bệnh viện tuyến đầu, bộ đội biên phòng và các đơn vị khác nhằm phòng chống Covid-19.",NamSyntax/vietnamese-news-classification
namsyntax_41388,Thiếu tướng Nguyễn Tiến Trung làm Giám đốc Công an Quảng Ninh,,38,,Thời sự,"Thiếu tướng Nguyễn Tiến Trung, Giám đốc Công an tỉnh Lạng Sơn được điều động, bổ nhiệm giữ chức Giám đốc Công an tỉnh Quảng Ninh.",NamSyntax/vietnamese-news-classification
namsyntax_975572,Lịch thi đấu bóng đá SEA Games 29 hôm nay 17/8,,29,,Thể thao,VietNamNet xin gửi tới quý độc giả lịch thi đấu bóng đá SEA Games 29 hôm nay (17/8).,NamSyntax/vietnamese-news-classification
namsyntax_572171,"Tựa game gây nghiện Alto's Odyssey chính thức ra mắt trên Android, tải về hoàn toàn miễn phí",,28,,Khoa học,"Trong khi Alto's Odyssey trên iOS có giá 4,99 USD.",NamSyntax/vietnamese-news-classification
namsyntax_758402,Chạy thận theo chuẩn Nhật Bản,,34,,Sức khỏe,"TP HCM - Bệnh viện Nguyễn Tri Phương ngày 20/1 triển khai Khu lọc máu chạy thận theo tiêu chuẩn Nhật Bản, màng lọc dùng lại 2-3 lần.",NamSyntax/vietnamese-news-classification
namsyntax_984501,Video: Man City 2-2 Arsenal,,48,,Thể thao,"Mặc dù vươn lên dẫn trước ở nửa đầu hiệp 1 nhưng Man City đã không thể duy trì lợi thế và 2 lần để Arsenal vươn lên gỡ hòa, kết thúc trận đấu với tỷ số 2-2 tại vòng 37 Premier League.",NamSyntax/vietnamese-news-classification
namsyntax_987433,Highlights: Southampton 4-0 Arsenal,,37,,Thể thao,Tham vọng chiếm ngôi đầu của Arsenal ở vòng 18 Ngoại hạng Anh đã phải nhận đòn đau với thất bại tới 0-4 của thầy trò HLV Wenger ngay trong ngày Boxing Day.,NamSyntax/vietnamese-news-classification
namsyntax_999957,Sneaker màu sắc cho phái nữ,,30,,Giải trí,"Phái nữ có thể chọn những đôi giày thể thao màu nổi, họa tiết hoa lá khi diện trang phục đơn sắc, bụi bặm.",NamSyntax/vietnamese-news-classification
namsyntax_1244971,43 người phục vụ 1 thí sinh,,43,,Giáo dục,"Sáng 4/7 tại hội đồng thi Trường THPT Đông Thành, thị xã Quảng Yên, tỉnh Quảng Ninh, bước vào môn thi Lịch sử của kì thi THPT quốc gia với chỉ duy nhất một thí sinh.",NamSyntax/vietnamese-news-classification
namsyntax_259301,"Nga kéo bệ phóng tên lửa Iskander-M áp sát Ukraine, nhiều đợt tấn công Donbass bị đẩy lùi",,58,,Thế giới,"Chiến dịch tấn công Ukraine của Nga hôm nay (24/4) bước sang tháng thứ ba nhưng giao tranh vẫn chưa có dấu hiệu chấm dứt. Hàng nghìn người thiệt mạng, nhiều thành phố Ukraine đã trở thành đống đổ nát.",NamSyntax/vietnamese-news-classification
namsyntax_965390,Lịch thi đấu bóng đá Ngoại hạng Anh vòng 21,,27,,Thể thao,VietNamNet cập nhật lịch thi đấu và kết quả vòng 21 Ngoại hạng Anh mùa giải 2018-2019.,NamSyntax/vietnamese-news-classification
namsyntax_277107,Người Trung Quốc xưa kéo dài đầu để 'đọ' đẳng cấp,,43,,Thế giới,"Những hộp sọ được kéo dài một cách có chủ đích vừa được phát hiện trong một ngôi mộ cổ tại di chỉ khảo cổ Houtaomuga, Đại An, Cát Lâm, Trung Quốc.",NamSyntax/vietnamese-news-classification
namsyntax_1292041,Sư tử cố 'đột nhập' phòng bếp lúc nửa đêm khiến chủ nhà hoảng hồn,,52,,Đời sống,"ẤN ĐỘ - Một gia đình ở làng Kovaya, huyện Rajula, đã vô cùng hoảng sợ khi chứng kiến ​​một con sư tử trưởng thành cố gắng xông vào phòng bếp nhà họ vào lúc nửa đêm.",NamSyntax/vietnamese-news-classification
namsyntax_1335694,Xúc động khoảnh khắc  trẻ khiếm thính lần đầu nghe được âm thanh,,42,,Đời sống,"Được gắn thiết bị trợ thính, các em lần đầu nghe được tiếng nói của người thân với niềm vui khôn tả khiến người xem vô cùng xúc động.",NamSyntax/vietnamese-news-classification
namsyntax_1199978,Nghề giáo viên hết 'hot' ở Hàn Quốc,,32,,Giáo dục,"Tại các trường đại học sư phạm ở Gongju và Seoul, cứ 10 sinh viên năm thứ nhất thì có một người bỏ học.",NamSyntax/vietnamese-news-classification
namsyntax_1134665,Tạm giữ hình sự ông Phan Bùi Bảo Thy,,33,,Pháp luật,Cơ quan An ninh điều tra Công an tỉnh Quảng Trị đã ra quyết định tạm giữ hình sự ông Phan Bùi Bảo Thy.,NamSyntax/vietnamese-news-classification
namsyntax_847375,Tập thể dục để phòng bệnh tim mạch,,56,,Sức khỏe,"Các nhà khoa học đã xác định tình trạng thừa cân -
béo phì, lối sống lười vận động, bị rối loạn lipid máu, hút thuốc lá...
là những yếu tố tạo nên nguy cơ mắc bệnh tăng huyết áp và các bệnh lý
khác về tim mạch.",NamSyntax/vietnamese-news-classification
namsyntax_1235014,Phát động cuộc thi 'Trí tuệ nhân tạo - AI Contest 2023',,49,,Giáo dục,"Sáng ngày 13/3, Lễ phát động cuộc thi Trí tuệ nhân tạo - Trí tuệ nhân tạo trong kỷ nguyên khai sáng toàn cầu (AI Contest 2023) đã diễn ra tại điểm trường THPT Chuyên Thái Nguyên.",NamSyntax/vietnamese-news-classification
namsyntax_732458,TP.HCM: Đất vàng 1 tỷ/m2 bị áp khung giá ‘rẻ mạt’,,29,,Bất động sản,Những con đường đắt đỏ nhất tại trung tâm TP.HCM có giá thị trường trên dưới 1 tỷ/m2,NamSyntax/vietnamese-news-classification
namsyntax_359196,Tiktok muốn đầu tư hàng tỷ USD vào Đông Nam Á,,45,,Kinh doanh,"TikTok của ByteDance dự kiến đầu tư hàng tỷ USD vào Đông Nam Á trong 3-5 năm tới, khi gã khổng lồ Trung Quốc muốn tăng cường sự hiện diện tại khu vực này.",NamSyntax/vietnamese-news-classification
namsyntax_727920,Bộ Xây dựng tham gia phá dỡ nhà 8B Lê Trực,,41,,Bất động sản,"Bộ Xây dựng vừa có văn bản phản hồi UBND Hà Nội về việc xử lý vi phạm tại dự án số 8B Lê Trực, quận Ba Đình, Hà Nội.",NamSyntax/vietnamese-news-classification
namsyntax_1157863,Vì sao người dân làm thẻ căn cước vài tháng chưa được nhận?,,48,,Pháp luật,"Bộ Công an cho hay chậm trả căn cước công dân có nhiều lý do, bao gồm việc người dân không đăng ký tạm trú khiến quá trình xác minh thông tin gặp khó khăn.",NamSyntax/vietnamese-news-classification
namsyntax_197454,"Thượng Hải, Bắc Kinh nới hạn chế Covid-19",,40,,Thế giới,"Trung Quốc - Thượng Hải sẽ gỡ hạn chế với các doanh nghiệp từ tuần sau, trong khi Bắc Kinh chấm dứt yêu cầu làm việc tại nhà ở một số quận.",NamSyntax/vietnamese-news-classification
namsyntax_1176500,"Á hậu, hoa khôi bán dâm, phi vụ ngàn đô cay đắng",,37,,Pháp luật,"Nhiều đường dây bán dâm ngàn đô liên quan đến các chân dài á hậu, hoa khôi, người mẫu bị phanh phui thời gian qua.",NamSyntax/vietnamese-news-classification
namsyntax_1323360,7 món sơn hào hải vị tiến vua thời xưa,,43,,Đời sống,"Trong văn hóa ẩm thực Việt Nam từ xa xưa, những món ăn được dùng để
tiến vua không chỉ ngon miệng, có giá trị dinh dưỡng cao mà còn rất quý
hiếm.",NamSyntax/vietnamese-news-classification
namsyntax_988178,Highlights: Malmoe 0-5 PSG,,53,,Thể thao,"Di Maria lập cú đúp góp phần vào thắng lợi 5-0 của PSG trên sân Malmoe tại vòng bảng Champions League. Với trận thắng này, đại diện nước Pháp chính thức ghi tên mình vào vòng sau bất chấp việc kém đội đầu bảng Real Madrid tới 3 điểm.",NamSyntax/vietnamese-news-classification
namsyntax_1159022,Ba người lĩnh án tử vì vận chuyển ma túy,,38,,Pháp luật,"Nghệ An - Nhận chuyển lô ma túy từ Nghệ An ra Hà Nội để hưởng 800 triệu đồng tiền công, 3 người lĩnh mức án cao nhất.",NamSyntax/vietnamese-news-classification
namsyntax_264265,Hàng nghìn người Bangladesh đổ xô đi xem bò tí hon,,41,,Thế giới,"Bất chấp các lệnh hạn chế bởi dịch Covid-19, hàng nghìn người dân Bangladesh vẫn đổ xô đi chiêm ngưỡng Rani, chú bò được cho là nhỏ nhất thế giới.",NamSyntax/vietnamese-news-classification
namsyntax_1338276,"Sau 20 năm hôn nhân, tôi quyết định để chồng quay về bên người cũ",,57,,Đời sống,"Người phụ nữ đó già, xấu hơn tôi nhiều, lại ăn mặc quê mùa. Tôi cố
cười mà nước mắt rơi lúc nào không hay. Người cũ của anh tuy xấu nhưng
lại có thứ mà thôi không bao giờ có được.",NamSyntax/vietnamese-news-classification
namsyntax_385136,"Ngân hàng muốn bán đấu giá 87 xe ô tô, giá khởi điểm hơn 45 tỷ đồng",,55,,Kinh doanh,Ngân hàng TMCP Đầu tư và Phát triển Việt Nam Chi nhánh Tây Hồ (BIDV Tây Hồ) thông báo lựa chọn tổ chức hành nghề đấu giá tài sản gồm 87 chiếc xe ô tô khách 47 chỗ.,NamSyntax/vietnamese-news-classification
namsyntax_783172,Nguyên nhân đường huyết biến động,,32,,Sức khỏe,"Người bệnh tiểu đường tiến triển, thường xuyên căng thẳng, ăn quá nhiều làm cho chỉ số xét nghiệm đường huyết trong ba tháng tăng cao.",NamSyntax/vietnamese-news-classification
namsyntax_731203,Thành lập Hội đồng thẩm định nhiệm vụ lập quy hoạch tỉnh,,39,,Bất động sản,"Thủ tướng Chính phủ vừa quyết định thành lập Hội đồng thẩm định nhiệm vụ lập quy hoạch tỉnh thời kỳ 2021-2030, tầm nhìn đến năm 2045.",NamSyntax/vietnamese-news-classification
namsyntax_747777,Trẻ sinh non lớn lên khó tìm bạn đời,,36,,Sức khỏe,"Trong quá trình trưởng thành, trẻ sinh non sẽ gặp khó khăn khi thể hiện tình cảm, kén bạn tình hơn so với trẻ sinh đủ tháng.",NamSyntax/vietnamese-news-classification
namsyntax_293469,Đại sứ quán Mỹ giả ngang nhiên hoạt động suốt 10 năm,,39,,Thế giới,Giới chức tại Ghana vừa triệt phá một đại sứ quán Mỹ giả mạo đã ngang nhiên hoạt động tại thủ đô Accra suốt 10 năm qua.,NamSyntax/vietnamese-news-classification
namsyntax_1231722,Nam sinh 15 tuổi đỗ học tiến sĩ đại học số 1 châu Á nhờ bí quyết của mẹ,,74,,Giáo dục,TRUNG QUỐC- Thông tin học sinh 15 tuổi Lý Tử Nghị được chọn vào chương trình đào tạo liên thông 8 năm lên tiến sĩ của Đại học Thanh Hoa đang nhận được sự quan tâm lớn của cộng đồng mạng Trung Quốc. Bí quyết nuôi dạy con của bà mẹ cũng được tiết lộ.,NamSyntax/vietnamese-news-classification
namsyntax_882914,HLV Polking: 'Di sản của Park Hang-seo sẽ được nhớ mãi',,40,,Thể thao,"Trên trang cá nhân ngày 20/1, Mano Polking bày tỏ sự tôn trọng cho những thành tựu mà đồng nghiệp Park Hang-seo đạt được cùng bóng đá Việt Nam.",NamSyntax/vietnamese-news-classification
namsyntax_642006,"Macbook 12 inch về Việt Nam, giá 36 triệu đồng",,28,,Khoa học,Thiết bị được chờ đợi nhất của Apple nửa đầu năm 2015 vừa xuất hiện tại Việt Nam.,NamSyntax/vietnamese-news-classification
namsyntax_1018747,Cách tiêu tiền của tỷ phú giàu nhất làng mốt Bernard Arnault,,36,,Giải trí,"Tỷ phú Bernard Arnault thâu tóm các nhà mốt lớn nhất thế giới, đầu tư bất động sản, sưu tập tác phẩm nghệ thuật.",NamSyntax/vietnamese-news-classification
namsyntax_952945,"MU lấy Kluivert, Liverpool mua Traore",,28,,Thể thao,"MU đàm phán lấy Justin Kluivert, Liverpool đẩy tốc độ mua Adama Traore là những tin chuyển nhượng chính hôm nay, 24/8.",NamSyntax/vietnamese-news-classification
namsyntax_987189,Chiêm ngưỡng siêu phẩm sút phạt của Messi,,46,,Thể thao,"Siêu sao người Argentina có pha sút phạt tuyệt đẹp từ ngoài vòng cấm, đưa bóng chạm mép dưới xà ngang trước khi bay vào khung thành của Espanyol trong sự bất lực của thủ môn Paul Lopez.",NamSyntax/vietnamese-news-classification
namsyntax_741162,Bộ Xây dựng ‘sốt ruột’ giục cải tạo chung cư cũ,,32,,Bất động sản,Bộ Xây dựng vừa có văn bản gửi các địa phương về việc cải tạo xây dựng lại nhà chung cư,NamSyntax/vietnamese-news-classification
namsyntax_484764,"Doanh nghiệp vừa thành lập xin làm dự án nhà ở hơn 500 tỷ, 'lộ diện' ông chủ đứng sau",,57,,Kinh doanh,"Thành lập chưa đầy 6 tháng, một doanh nghiệp đã xin đầu tư dự án khu dân cư hơn 500 tỷ đồng ở Lâm Đồng. Đại diện doanh nghiệp này là một vị doanh nhân kín tiếng.",NamSyntax/vietnamese-news-classification
namsyntax_453867,Lợn ỉn Việt Nam 'làm loạn' tại Tây Ban Nha,,30,,Kinh doanh,Khu vực Marina Baja của Tây Ban Nha đang gặp vấn đề với những con lợn đến từ Việt Nam.,NamSyntax/vietnamese-news-classification
namsyntax_1302470,Xu hướng tam đại đồng đường ở các gia đình Mỹ,,49,,Đời sống,"Các ngôi nhà đa thế hệ đang trên đà tăng cao ở Mỹ. Thay vì ra ở riêng như trước, nhiều gia đình chọn hợp nhất dưới một mái nhà để tiện chăm sóc người già, trẻ nhỏ.",NamSyntax/vietnamese-news-classification
namsyntax_751345,Bệnh nhân corona lớn tuổi nhất Việt Nam xuất viện,,44,,Sức khỏe,"TP HCM - Khỏi bệnh sau 21 ngày điều trị, Việt kiều Mỹ Tạ Hoa Kiên, 73 tuổi, nói ông biết ơn các y bác sĩ đã đưa ông trở về từ cõi chết.",NamSyntax/vietnamese-news-classification
namsyntax_1136303,"Tìm người yêu trên mạng, người phụ nữ bị lừa đảo 1,7 tỷ đồng",,37,,Pháp luật,"Chị H. tin lời người yêu trên mạng nên nhiều lần chuyển tiền và đã bị người này lừa đảo 1,7 tỷ đồng.",NamSyntax/vietnamese-news-classification
namsyntax_675703,Nokia Lumia 900,,44,,Khoa học,"Theo thông báo từ đại diện Nokia Việt Nam, do lô tai nghe Monster Purity HD được dự định tặng kèm với Lumia 900 có thể sẽ không về kịp nên Nokia sẽ phải lùi ngày bán dòng smartphone này tại",NamSyntax/vietnamese-news-classification
namsyntax_54850,Tìm thấy thi thể thứ 11 trong vụ sạt lở đất lấp xe khách ở Hà Giang,,52,,Thời sự,"Lực lượng tìm kiếm cứu nạn đã tìm thấy thi thể thứ 11 trong vụ sạt lở đất lấp xe khách 16 chỗ trên quốc lộ 34, đoạn qua huyện Bắc Mê, tỉnh Hà Giang.",NamSyntax/vietnamese-news-classification
namsyntax_719282,Bắc Ninh sắp có thêm khu đô thị hơn 11.000 tỷ đồng,,35,,Bất động sản,"Công ty Đầu tư Tây Bắc vừa được duyệt làm khu đô thị hơn 11.000 tỷ đồng ở TP Từ Sơn, Bắc Ninh.",NamSyntax/vietnamese-news-classification
namsyntax_1159058,Làm gì khi ở 20 năm tái định cư vẫn chưa có sổ đỏ?,,51,,Pháp luật,"Gia đình tôi tới ở khu tái định cư cách đây 20 năm theo diện di dời lấy đất làm khu công nghiệp, nay vẫn chưa được cấp giấy chứng nhận quyền sử dụng đất. (Duy Tân)",NamSyntax/vietnamese-news-classification
namsyntax_1176539,"Bắt 42 con bạc sát phạt nhau ở quán cafe, thu giữ nửa tỉ",,45,,Pháp luật,"Công an Quảng Nam bắt quả tang 42 đối tượng đang bạc dưới hình thức xóc đĩa, tạm giữ hơn 500 triệu đồng, 12 xe máy, 2 ô tô, 70 ĐTDĐ.",NamSyntax/vietnamese-news-classification
namsyntax_475829,Những nghề lạ lùng trong khủng hoảng,,26,,Kinh doanh,"Trên thế giới có một số nghề nghiệp đặc biệt, khác thường mà nhiều người chưa từng nghe thấy.",NamSyntax/vietnamese-news-classification
namsyntax_948896,Lịch thi đấu bóng đá hôm nay 3/3: MU gặp khó,,31,,Thể thao,"VietNamNet cập nhật lịch thi đấu bóng đá hôm nay 3/3, với các trận đấu quốc tế đáng chú ý.",NamSyntax/vietnamese-news-classification
namsyntax_1133763,"Ai không được thành lập, quản lý doanh nghiệp từ năm 2021?",,39,,Pháp luật,"Tôi nghe nói, từ năm sau sẽ có quy định mới về cấm thành lập, quản lý doanh nghiệp với một số diện nhất định. (Hồng Anh)",NamSyntax/vietnamese-news-classification
namsyntax_645745,[LMHT] Chi tiết bản cập nhật 5.3,,34,,Khoa học,(GameSao) - Cùng GameSao điểm qua những thay đổi chính của bản cập nhật 5.3 sẽ có mặt tại máy chủ Việt Nam trong ít ngày tới.,NamSyntax/vietnamese-news-classification
namsyntax_163461,Át chủ bài và 'gót Asin' của quân đội Trung Quốc,,51,,Thời sự,Cựu chuyên gia thuộc Trung tâm phân tích Hải quân Mỹ mổ xẻ sức mạnh quân sự của Trung Quốc với những con át chủ bài để đối địch với các cường quốc cũng như điểm yếu về thực lực.,NamSyntax/vietnamese-news-classification
namsyntax_1259680,Trường dạy ảo thuật làm thay đổi cuộc đời,,58,,Giáo dục,Câu chuyện về một đứa trẻ có hoàn cảnh thiệt thòi tình cờ diễn ảo thuật ở một sân khấu nhỏ với vài câu thần chú nhưng cuộc đời của em đã hoàn toàn thay đổi sau đó có thể là cốt truyện cho một bộ phim hấp dẫn.,NamSyntax/vietnamese-news-classification
namsyntax_1135520,Khởi tố vụ án tài xế lây dịch Covid-19 cho 9 người ở An Giang,,42,,Pháp luật,"Tài xế Nguyễn Trung Quân, 31 tuổi, đi từ vùng dịch về huyện Châu Phú, An Giang, sau đó làm lây lan dịch Covid-19 cho 9 người.",NamSyntax/vietnamese-news-classification
namsyntax_1256705,'Tôi không bi quan về 95%...',,48,,Giáo dục,"Có ít nhất 4% trong số 5% kia trực tiếp hay gián tiếp,
gần hay xa có thể sẽ nhập với 95% kia. Ngược lại, trong số 95% kia có
thể có 30-40 hay 50% mong muốn được trở về 5% kia.",NamSyntax/vietnamese-news-classification
namsyntax_1061615,"BTV, thượng úy công an Minh Hương: 4h sáng dậy đi làm, 23h mới về đến nhà",,47,,Giải trí,"Từ một diễn viên chuyển sang làm MC, BTV truyền hình chuyên biệt của ngành công an, diễn viên Minh Hương chia sẻ những thách thức khi làm báo hình.",NamSyntax/vietnamese-news-classification
namsyntax_907583,"Tài năng bóng rổ 14 tuổi cao 2,29 m ước lùn đi",,40,,Thể thao,"Jeremy Gohier đạt chiều cao lên tới gần 2,3 m dù chưa bước sang tuổi 15, nhưng cảm thấy lợi thế của bản thân là điều phiền toái.",NamSyntax/vietnamese-news-classification
namsyntax_236714,"Nga kiểm soát làng chiến lược ở Sumy, Ukraine nêu khả năng đóng băng tiền tuyến",,42,,Thế giới,"Bộ Quốc phòng Nga tuyên bố, quân đội nước này đã giành quyền kiểm soát làng chiến lược Yunakivka ở mặt trận Sumy, đông bắc Ukraine.",NamSyntax/vietnamese-news-classification
namsyntax_883985,Chelsea ngược dòng vào tứ kết Champions League,,35,,Thể thao,"Anh - Thắng 2-0 ở lượt về vòng 1/8 trên sân Stamford Brdige, Chelsea hạ Dortmund với tổng tỷ số 2-1 để vào tứ kết Champions League.",NamSyntax/vietnamese-news-classification
namsyntax_225764,Ông Zelensky: Ukraine vào NATO sẽ là thắng lợi cho Tổng thống Trump,,39,,Thế giới,"Tổng thống Zelensky nói kết nạp Ukraine vào NATO là phương án đảm bảo an ninh hiệu quả nhất và ""thắng lợi lớn"" cho ông Trump.",NamSyntax/vietnamese-news-classification
namsyntax_907053,Haaland có thể rời Man City,,33,,Thể thao,"Theo truyền thông Tây Ban Nha, Real Madrid có thể chiêu mộ Erling Haaland hè 2026, dù anh còn hợp đồng với Man City đến năm 2034.",NamSyntax/vietnamese-news-classification
namsyntax_1156233,Chủ nhà bị trộm sát hại,,31,,Pháp luật,"Ông Lê Tiến Mùi, 63 tuổi, phát hiện trộm đột nhập vào nhà nên tri hô, bị hắn đâm nhiều nhát tử vong, khuya 30/8.",NamSyntax/vietnamese-news-classification
namsyntax_546134,Chuyên gia bảo mật Viettel và hành trình tìm kiếm những ‘lỗ hổng’,,54,,Khoa học,"Tính đến cuối năm 2021, Đào Trọng Nghĩa, Công ty An ninh mạng Viettel, đã phát hiện 12 lỗ hổng bảo mật quan trọng ở mức nhân của hệ điều hành Windows, kể cả lỗi trên các phiên bản mới nhất.",NamSyntax/vietnamese-news-classification
namsyntax_1187242,Vào nghĩa trang quốc gia ăn trộm,,43,,Pháp luật,"Ngày 11/4, Công an Phường 4, Thành phố Đông Hà (Quảng Trị) cho biết, vừa bắt giữ
4 đối tượng lẻn vào Nghĩa trang liệt sĩ quốc gia Đường 9 tháo trộm 75 chiếc vòi
đồng.",NamSyntax/vietnamese-news-classification
namsyntax_340650,Cổ phiếu bật tăng nhờ 'gấu trúc mang thai',,46,,Kinh doanh,Nhật Bản - Một con gấu trúc tại vườn thú Tokyo có dấu hiệu mang thai đã giúp cổ phiếu của các nhà hàng gần đó tăng giá vì dự đoán du khách sẽ đổ đến xem.,NamSyntax/vietnamese-news-classification
namsyntax_208483,Tổng thống Ukraine để quên điện thoại khi thăm Đức,,37,,Thế giới,"Tổng thống Ukraine Zelensky để quên điện thoại trên chiếc ôtô chở ông ở Berlin, Đức, khiến nhân viên an ninh vội vã chạy theo trả lại.",NamSyntax/vietnamese-news-classification
namsyntax_1140073,Bắt giam chủ quán karaoke tổ chức cho nhiều thanh niên sử dụng ma túy ở Đắk Lắk,,51,,Pháp luật,"Công an huyện Krông Pắk (Đắk Lắk) vừa khởi tố, bắt tạm giam chủ một quán karaoke để điều tra về hành vi tổ chức cho nhiều thanh niên sử dụng ma túy.",NamSyntax/vietnamese-news-classification
namsyntax_882211,Giroud ném chai nước khi bị thay ra,,34,,Thể thao,Qatar - Tiền đạo Pháp Olivier Giroud tức giận khi phải rời sân từ phút 41 trận chung kết World Cup 2022 gặp Argentina ngày 18/12.,NamSyntax/vietnamese-news-classification
namsyntax_537649,Loài cá heo đen trắng giống gấu trúc,,33,,Khoa học,"Những mảng màu đen trắng của cá heo Commerson có thể là một hình thức ngụy trang gây nhiễu, giúp tăng khả năng săn mồi.",NamSyntax/vietnamese-news-classification
namsyntax_704897,VNCERT cảnh báo hệ thống server bị tấn công,,46,,Khoa học,"Hôm nay, Trung tâm Ứng cứu khẩn cấp máy tính Việt Nam (VNCERT) ra thông báo khẩn đang xuất hiện nguy cơ lớn đối với DNS Server của Việt Nam trên diện rộng trong vài ngày tới.",NamSyntax/vietnamese-news-classification
namsyntax_262268,Xem phòng không Nga phô diễn khả năng bắn chặn kẻ thù,,56,,Thế giới,"Bộ Quốc phòng Nga vừa công bố video về cuộc tập trận quy mô lớn của lực lượng phòng không nước này, trong đó các binh sĩ được thực hành dùng hỏa lực áp đảo bắn chặn tên lửa, máy bay của kẻ thù.",NamSyntax/vietnamese-news-classification
namsyntax_1085253,"Đòi tặng đồng hồ 7 tỷ cho Thái Châu, 'đại gia' Ngọc Sơn giàu cỡ nào?",,43,,Giải trí,"Chỉ tính riêng căn biệt thự ""Thiên niên kỷ"" đã hơn 100 tỷ đồng, có nghĩa rằng toàn bộ tài sản Ngọc Sơn còn lớn hơn nhiều.",NamSyntax/vietnamese-news-classification
namsyntax_1110140,"Chi 110 triệu USD, 'Khe nứt San Andreas' hòa vốn sau 3 ngày",,52,,Giải trí,Bộ phim thảm họa với sự tham gia của ngôi sao cơ bắp The Rock đã thu về 113 triệu USD chỉ sau 3 ngày công chiếu trên toàn cầu dù chi phí sản xuất là 110 triệu USD.,NamSyntax/vietnamese-news-classification
namsyntax_1231876,Lượng sinh viên tốt nghiệp ĐH Bách khoa Hà Nội năm 2024 cao chưa từng có,,50,,Giáo dục,"Năm 2024, ĐH Bách khoa Hà Nội có hơn 6.800 sinh viên tốt nghiệp, cao nhất từ trước tới nay. Trong đó, số sinh viên có hạng tốt nghiệp xuất sắc chiếm khoảng 8,7%.",NamSyntax/vietnamese-news-classification
namsyntax_741333,6th Element - nơi “nhà” là trung tâm,,39,,Bất động sản,"Với thông điệp ""Cân bằng cuộc sống"", 6th Element chính là tổ ấm, nơi “Nhà” là trung tâm, cư dân được hưởng thụ cuộc sống trọn vẹn nhất bên gia đình.",NamSyntax/vietnamese-news-classification
namsyntax_450403,Người thương binh già 2.000 ngày tìm 'giấc mơ' bay,,57,,Kinh doanh,"Gặp Bùi Hiển - người lái chiếc trực thăng
do mình tự chế tạo - ông nói: “Nói tôi gan thì đúng hơn. Chỉ một chút sơ
sẩy khi thử nghiệm máy bay trực thăng, tôi có thể đánh cược bằng cả
tính mạng của bản thân”.",NamSyntax/vietnamese-news-classification
namsyntax_424795,"Đu đủ bonsai 'giá đắt trên trời' có gì độc đáo, hút khách mua chơi Tết?",,55,,Kinh doanh,"Những chậu đu đủ bonsai tán rộng, hoa nở, quả trĩu ở Hưng Yên… có giá khá đắt, lên tới cả vài chục triệu đồng nhưng vẫn được dân sành chơi săn đón chưng Tết Canh Tý 2020 này.",NamSyntax/vietnamese-news-classification
namsyntax_1141854,"9X lừa bán cây cảnh qua mạng, chiếm đoạt gần nửa tỷ đồng",,57,,Pháp luật,"Ngày 28/2, Cơ quan CSĐT Công an huyện Đất Đỏ, tỉnh Bà Rịa - Vũng Tàu cho biết, vừa khởi tố bị can, bắt tạm giam Đỗ Văn Học (25 tuổi, trú tỉnh Quảng Ngãi) về hành vi Lừa đảo chiếm đoạt tài sản.",NamSyntax/vietnamese-news-classification
namsyntax_1093324,Ngỡ ngàng trước hình ảnh 17 năm trước của Mỹ Tâm,,40,,Giải trí,"Album đầu tay của ca sĩ Mỹ Tâm - 'Mãi yêu' cách đây 17 năm được tái bản với nhiều hình ảnh bất ngờ của ""Hoa mi tóc nâu"".",NamSyntax/vietnamese-news-classification
namsyntax_1213294,Lý do gần 14.000 học sinh giỏi trượt xét tuyển sớm Trường ĐH Sư phạm TPHCM,,46,,Giáo dục,"Điểm chuẩn học bạ Trường ĐH Sư phạm TPHCM cao nhất là 29,81. Có gần 14.000 học sinh giỏi nộp hồ sơ xét học bạ bị trượt vào trường này.",NamSyntax/vietnamese-news-classification
namsyntax_738430,Nhiều đồ án quy hoạch tại Hải Phòng 'quên đất' cho nhà ở xã hội,,60,,Bất động sản,Thanh tra Bộ Xây dựng nêu tên 7 đồ án quy hoạch phân khu xây dựng không bố trí quỹ đất dành cho phát triển nhà ở xã hội (NƠXH) để lập quy hoạch chi tiết tại 7 quận trên địa bàn TP Hải Phòng.,NamSyntax/vietnamese-news-classification
namsyntax_713329,Vinhomes thận trọng tìm quỹ đất,,34,,Bất động sản,"Do giá đất không phản ánh đúng thị trường, Chủ tịch HĐQT Vinhomes Nguyễn Diệu Linh cho biết, doanh nghiệp sẽ thận trọng khi tìm kiếm quỹ đất.",NamSyntax/vietnamese-news-classification
namsyntax_1118887,Angela Phương Trinh giật mình khi xem lại động tác phản cảm!,,27,,Giải trí,Angela Phương Trinh cũng hứa sẽ không bao giờ 'múa cột' khi trình diễn nữa.,NamSyntax/vietnamese-news-classification
namsyntax_1222634,Nhà Toán học người Việt 28 tuổi đoạt giải thưởng Dénes König,,44,,Giáo dục,TS Phạm Tuấn Huy là một trong hai nhà Toán học được Hiệp hội Toán học công nghiệp và ứng dụng quốc tế (SIAM) quyết định trao giải thưởng Dénes König 2024.,NamSyntax/vietnamese-news-classification
namsyntax_785385,Ăn gì khi chảy máu cam?,,35,,Sức khỏe,"Tôi hay chảy máu cam, nhất là vào mùa khô hanh, có nguy hiểm không? Tôi nên bổ sung thực phẩm gì để phòng tránh? (Vân Anh, Đồng Nai)",NamSyntax/vietnamese-news-classification
namsyntax_1158701,Nhóm giết người ở quán karaoke bị bắt trên đường bỏ trốn,,45,,Pháp luật,"Chạy xe bán tải bỏ trốn sau khi chém chết người trong quán karaoke ở TP HCM, Nguyễn Đình Phong, 26 tuổi, cùng đồng phạm bị CSGT chặn bắt khi đến Khánh Hòa.",NamSyntax/vietnamese-news-classification
namsyntax_656663,Giữ đúng lời hứa năm nào!,,14,,Khoa học,Hãy chúc phúc cho bọn anh đi :)),NamSyntax/vietnamese-news-classification
namsyntax_661987,1/3 máy tính toàn cầu gặp nguy hiểm vì dùng Windows XP,,43,,Khoa học,"Hàng trăm triệu máy tính trên khắp thế giới dễ trở thành mục tiêu tấn
công sau khi Microsoft ngừng hỗ trợ hệ điều hành Windows XP từ ngày 8/4
tới.",NamSyntax/vietnamese-news-classification
namsyntax_1276700,Vì sao tình bạn nam giới dễ phai nhạt?,,43,,Đời sống,"Theo tiến sĩ Loren Soeiro, nhà tâm lý học tại New York, đàn ông ở một độ tuổi nhất định sẽ không có nhiều bạn bè, thậm chí một số người không có bạn.",NamSyntax/vietnamese-news-classification
namsyntax_748441,Trẻ mọc lông như 'người sói' vì nhiễm độc,,38,,Sức khỏe,16 trẻ em Tây Ban Nha mọc lông tóc khắp người sau khi uống thuốc trị bệnh dạ dày bị nhiễm minoxidil - một chất kích thích mọc tóc.,NamSyntax/vietnamese-news-classification
namsyntax_1170550,Vụ kiện sa thải nhân viên vì 'tan làm sớm một phút',,51,,Pháp luật,"Trung Quốc - Anh Trần bất ngờ nhận quyết định sa thải sau khi camera công ty ghi nhận anh 5 lần rời công ty sớm một phút để đi ăn trưa, một lần tan làm sớm 11 phút.",NamSyntax/vietnamese-news-classification
namsyntax_233671,Bất đồng khiến nghị sĩ Cộng hòa bị ông Trump coi là 'kẻ phản bội',,50,,Thế giới,"Nghị sĩ Greene từng là đồng minh thân cận của ông Trump, nhưng loạt bất đồng về chính sách đối nội và đối ngoại đã khiến bà bị Tổng thống coi là ""kẻ phản bội"".",NamSyntax/vietnamese-news-classification
namsyntax_635113,"Nhiều siêu di động giảm giá mạnh chờ Note 5, iPhone mới",,44,,Khoa học,"Hầu hết các sản phẩm cao cấp như Samsung Galaxy S6, HTC One M9 hay Sony Xperia Z3+ đều giảm giá cả triệu đồng trước thời điểm Galaxy Note 5 lên kệ.",NamSyntax/vietnamese-news-classification
namsyntax_368714,Cửa khẩu Quốc tế Lào Cai - Hà Khẩu dừng hoạt động,,46,,Kinh doanh,"Cửa khẩu Quốc tế đường bộ số II Kim Thành tạm dừng hoạt động xuất - nhập khẩu hàng hóa từ 14h hôm nay do tình hình mưa lũ, nước sông Hồng dâng cao.",NamSyntax/vietnamese-news-classification
namsyntax_1332496,Nên và không nên chọn mặc gì cho ngày đi làm đầu tuần?,,57,,Đời sống,"Dưới đây là những điều nên và không nên lựa chọn trong ngày đi làm
đầu tuần, chúng sẽ giúp các quý cô công sở giải quyết được phần nào
những lo lắng đau đầu vào mỗi buổi sáng trước khi tới sở làm.",NamSyntax/vietnamese-news-classification
namsyntax_767712,Trẻ nhỏ dễ mắc viêm não Nhật Bản nếu chưa tiêm vaccine,,44,,Sức khỏe,Trẻ nhỏ là đối tượng có nguy cơ mắc viêm não Nhật Bản nếu chưa tiêm vaccine phòng viêm não Nhật Bản hoặc bỏ lỡ lịch nhắc lại 3-4 năm một lần.,NamSyntax/vietnamese-news-classification
namsyntax_257739,Video đội Việt Nam luyện thi “Vùng tai nạn” ở Army Games 2022,,47,,Thế giới,"Theo thông tin từ Ban tổ chức Army Games 2022, môn thi “Vùng tai nạn” năm nay sẽ diễn ra tại Trung tâm Huấn luyện quốc gia Miếu Môn ở Hà Nội, Việt Nam.",NamSyntax/vietnamese-news-classification
namsyntax_1137021,Hội thảo về công tác hỗ trợ pháp lý cho doanh nghiệp tại Đồng Nai,,51,,Pháp luật,"Sáng ngày 24/12/2024, Cục Phổ biến, giáo dục pháp luật phối hợp với Báo Pháp luật Việt Nam tổ chức Hội thảo về công tác hỗ trợ pháp lý cho doanh nghiệp tại tỉnh Đồng Nai.",NamSyntax/vietnamese-news-classification
namsyntax_715165,Giới đầu tư văn phòng cho thuê ở Mỹ bắt đầu vỡ nợ,,40,,Bất động sản,"Giá trị các tòa nhà văn phòng liên tục lao dốc do lãi suất tăng và ế khách, một số chủ đầu tư bắt đầu vỡ nợ.",NamSyntax/vietnamese-news-classification
namsyntax_1249506,Lời từ chối tình yêu gây sốt của cậu bé 11 tuổi,,60,,Giáo dục,"Người gửi bức thư là cô bé Jade, 11 tuổi và người nhận là cậu bạn học cùng lớp tiểu học. Bức thư tình trẻ con chỉ có duy nhất một câu hỏi: “Bạn có thích mình không?”, kèm theo 2 lựa chọn rõ ràng: có và không.",NamSyntax/vietnamese-news-classification
namsyntax_1131446,Ông Trần Bắc Hà bị cáo buộc thao túng cho vay hàng nghìn tỷ đồng,,55,,Pháp luật,"Hà Nội - Ông Trần Bắc Hà (cựu chủ tịch BIDV) lập ""công ty sân sau' với dự án nuôi bò hơn 4.000 tỷ đồng, rồi ép cấp dưới ký cho vay vốn dù hồ sơ không đủ điều kiện.",NamSyntax/vietnamese-news-classification
namsyntax_1272253,Chàng trai bị thần tượng 'cưa đổ',,43,,Đời sống,"Nhật Bản - Mỗi tuần, anh Mitsuo mất 5 giờ đi tàu hoặc 8 giờ đi ôtô đến Osaka xem thần tượng biểu diễn, khiến nữ ca sĩ 17 tuổi rung động, chủ động tỏ tình.",NamSyntax/vietnamese-news-classification
namsyntax_998009,Tường San - từ hot girl Hà Nội đến Á hậu Miss World Vietnam,,32,,Giải trí,"Nguyễn Tường San, sinh năm 2000, nổi tiếng từ thời phổ thông với vai trò người mẫu ảnh.",NamSyntax/vietnamese-news-classification
namsyntax_279676,Kim Jong Un sắp có chức danh mới?,,44,,Thế giới,"Việc Chủ tịch Kim Jong Un không có tên trong danh sách đại biểu Quốc hội Triều Tiên khóa mới đang làm dấy lên nhiều đồn đoán, kể cả việc ông sắp có chức danh mới.",NamSyntax/vietnamese-news-classification
namsyntax_806285,Mổ nối thông đường vào mạch máu cho người suy thận,,45,,Sức khỏe,"TP HCM - Bà Sa, 65 tuổi, chạy thận gần 10 năm, bị tắc hẹp đường vào mạch máu, được bác sĩ mổ nối thông tĩnh mạch để duy trì quá trình lọc máu.",NamSyntax/vietnamese-news-classification
namsyntax_1124475,Trà Ngọc Hằng  công khai,,38,,Giải trí,"Á hậu Trà Ngọc Hằng và chàng ca sĩ kiêm diễn viên Minh Anh đã có những cử
chỉ hết sức thân thiết như ôm nhau giữa chốn đông người ở Hà Nội.",NamSyntax/vietnamese-news-classification
namsyntax_978173,Link xem trực tiếp U19 Việt Nam vs U19 HAGL 18h30 ngày 18/4,,42,,Thể thao,Vietnamnet cập nhật link xem trực tiếp trận đấu giữa U19 Việt Nam và U19 HAGL trong khuôn khổ giải U19 quốc tế 2017 vào lúc 18h30 hôm nay.,NamSyntax/vietnamese-news-classification
namsyntax_1251648,10 câu nói 'kinh điển' của thầy cô giáo,,24,,Giáo dục,Học sinh bạn nào chắc hẳn cũng phải nghe qua ít nhất một lần rồi!,NamSyntax/vietnamese-news-classification
namsyntax_1340343,Tôi đau đớn không biết tác giả của bào thai trong bụng,,51,,Đời sống,"Cuộc đời thật trớ trêu và không như mong muốn, lúc hai vợ chồng đang hạnh phúc nhất thì tôi phát hiện mình đã có thai và cái thai không rõ tác giả là chồng hay của người tình.",NamSyntax/vietnamese-news-classification
namsyntax_230745,Lãnh đạo thế giới hoan nghênh Campuchia - Thái Lan ngừng bắn,,42,,Thế giới,"Lãnh đạo Mỹ, EU, Liên Hợp Quốc hoan nghênh lệnh ngừng bắn giữa Campuchia và Thái Lan, mong hai bên cùng tuân thủ đúng thỏa thuận một cách thiện chí.",NamSyntax/vietnamese-news-classification
namsyntax_408090,"Cận cảnh nấm cục đắt như kim cương, giá cao 'ngất ngưởng' hơn 2,6 tỷ đồng",,40,,Kinh doanh,Loại nấm có giá thành đắt đỏ nhất thế giới nhưng luôn được giới nhà giàu săn đón bởi có hương vị tuyệt hảo.,NamSyntax/vietnamese-news-classification
namsyntax_1159811,Bẫy chồng bằng ảnh khiêu dâm trẻ em,,43,,Pháp luật,Mỹ - Lacey Hucks hợp mưu với bạn là Angel Moore chụp lại 857 hình ảnh lạm dụng tình dục trẻ em trên trang web đen rồi lưu trong điện thoại cũ của chồng Lacey.,NamSyntax/vietnamese-news-classification
namsyntax_1214075,"Đánh học sinh thâm tím, cô giáo bị phụ huynh tát liên tiếp?",,59,,Giáo dục,"Ông Trần Đức Minh, Trưởng phòng GD-ĐT thành phố Đà Lạt (Lâm Đồng) cho biết: Trong sáng 7/5, đã làm việc với Trường Tiểu học Trưng Vương và quyết định tạm đình công tác đối với cô giáo đánh nam học sinh lớp 2D của trường.",NamSyntax/vietnamese-news-classification
namsyntax_637865,Phát hiện một vụ dùng công nghệ cao đọc lời giải vào phòng thi,,57,,Khoa học,Nhóm đối tượng có dấu hiệu dùng thiết bị công nghệ cao để giải đề từ bên ngoài phòng thi và đọc lời giải cho thí sinh đang dự thi tại điểm thi đang được cơ quan công an điều tra làm rõ.,NamSyntax/vietnamese-news-classification
namsyntax_125114,Vụ 6 lần đi làm giấy chứng tử: Niêm phong camera phường để xác minh,,72,,Thời sự,"Liên quan đến vụ cấp giấy chứng tử ở phường Văn Miếu, sáng 28/7, Sở Thông tin và Truyền thông Hà Nội đã kiểm tra các thiết bị ghi hình lắp đặt tại phòng giải quyết thủ tục hành chính. Trước đó, dữ liệu của hệ thống camera cơ sở cũng được chuyển đi để điều tra.",NamSyntax/vietnamese-news-classification
namsyntax_57573,Bắt nữ Giám đốc Ngân hàng MSB chi nhánh Thanh Xuân lừa đảo 338 tỷ đồng,,53,,Thời sự,"Theo lãnh đạo Công an TP Hà Nội, Giám đốc Ngân hàng TMCP Hàng Hải Việt Nam chi nhánh Thanh Xuân Bùi Thị Hoài Anh đã lừa đảo 8 bị hại với số tiền 338 tỷ đồng.",NamSyntax/vietnamese-news-classification
namsyntax_754421,Ung thư di căn bởi bỏ điều trị theo thực dưỡng,,41,,Sức khỏe,"Người bệnh bỏ phác đồ điều trị để áp dụng thực dưỡng, uống thuốc nam, khi quay lại bệnh viện đã suy kiệt nặng, ung thư giai đoạn 3, 4.",NamSyntax/vietnamese-news-classification
namsyntax_803375,Hàn Quốc tặng 20.000 USD cho các đôi kết hôn để khuyến sinh,,45,,Sức khỏe,"Hàn Quốc áp dụng chính sách tặng tiền cưới lên tới 20.000 USD cho các đôi lứa nhằm tăng tỷ lệ sinh, nhưng hiệu quả thực tế vẫn còn gây tranh cãi.",NamSyntax/vietnamese-news-classification
namsyntax_1209817,"ĐH Nha Trang công bố phương án tuyển sinh 2026, bắt buộc phải có môn Toán, Văn",,58,,Giáo dục,"Trường ĐH Nha Trang công bố phương án tuyển sinh 2026, điểm mới là các tổ hợp xét tuyển bắt buộc phải có môn Toán, Văn và việc quy đổi điểm môn tiếng Anh cũng thấp hơn so với năm trước.",NamSyntax/vietnamese-news-classification
namsyntax_273334,"Xe sứ quán Mỹ gây tai nạn ở Islamabad, 2 người thiệt mạng",,48,,Thế giới,"Theo Sputnik, vụ việc xảy ra hôm 26/1 ở một ngã tư trên đại lộ Faisal thuộc thủ đô Islamabad, Pakistan. Tài xế đã bị bắt và một cuộc điều tra đã được mở ra.",NamSyntax/vietnamese-news-classification
namsyntax_207257,Hungary nêu lý do chưa phê duyệt Thụy Điển vào NATO,,42,,Thế giới,Hungary cho biết nỗi bất bình vì những lời chỉ trích từ Thụy Điển đã khiến quốc hội nước này chưa thể phê duyệt quốc gia Bắc Âu gia nhập NATO.,NamSyntax/vietnamese-news-classification
namsyntax_866431,Messi lạnh run ở El Clasico,,37,,Thể thao,"Tây Ban Nha - Dưới trời mưa rét ở Madrid, Lionel Messi đứng chống tay và run lên vì lạnh, khi Barca bị Real dẫn 2-1 ở La Liga tối 10/4.",NamSyntax/vietnamese-news-classification
namsyntax_288588,Hành trình trở thành MC quốc dân của người phụ nữ áo hồng 74 tuổi,,108,,Thế giới,"Với người Triều Tiên, bà là MC quốc dân gắn liền với các sự kiện trọng đại của đất nước. Với thế giới, bà là ""nữ hoàng áo hồng"" hay ""quý bà tin tức"". Không ai khác, bà chính là Ri Chun Hee, gương mặt quen thuộc với khán giả mỗi khi Triều Tiên phóng tên lửa hay thử hạt nhân gây chấn động thế giới. Nhưng ít người biết rằng, trước kia, bà từng là diễn viên và hiện nay, bà không đơn giản chỉ là một MC trên sóng truyền hình.",NamSyntax/vietnamese-news-classification
namsyntax_393426,"Bản tin tài chính sáng 23/11/2023: Giá vàng và USD tăng, dầu đi xuống",,58,,Kinh doanh,"Giá vàng hôm nay 23/11/2023 trên thị trường thế giới đi lên, vàng trong nước tiếp tục tăng sốc. Giá USD quốc tế có xu hướng phục hồi. Trong khi đó, giá xăng dầu trong nước và thế giới có thể cùng đi xuống.",NamSyntax/vietnamese-news-classification
namsyntax_809051,Lý do trẻ mắc bệnh tay chân miệng nhiều lần,,37,,Sức khỏe,"Trẻ mắc bệnh tay chân miệng nhiều lần có thể do tiếp xúc với nhiều chủng virus khác nhau, vệ sinh kém, hệ miễn dịch còn yếu.",NamSyntax/vietnamese-news-classification
namsyntax_291208,Canada phát hiện làng cổ 14.000 năm tuổi lâu đời hơn cả Kim tự tháp Ai Cập,,54,,Thế giới,"Các nhà khoa học phát hiện một ngôi làng cổ đại được cho là khu định cư lâu đời nhất của con người ở Bắc Mỹ khi khai quật hòn đảo xa xôi ở British Columbia, Canada.",NamSyntax/vietnamese-news-classification
namsyntax_830627,Bí quyết giữ gìn vóc dáng của diễn viên Cát Tường,,48,,Sức khỏe,"Từng có giai đoạn khủng hoảng sau sinh vì sự thay đổi của vóc dáng, giờ đây diễn viên Cát Tường lại sở hữu vẻ đẹp tươi tắn cùng thân hình săn chắc ở độ tuổi 43.",NamSyntax/vietnamese-news-classification
namsyntax_1227670,Người dân tỉnh nào kết hôn sớm nhất?,,37,,Giáo dục,"Tuổi kết hôn lần đầu trung bình của người Việt Nam tính đến năm 2023 là 27,22, nhưng giữa các tỉnh thành con số này có nhiều khác biệt.",NamSyntax/vietnamese-news-classification
namsyntax_122474,Đang làm quy trình xem xét tư cách ĐBQH bà Phan Thị Mỹ Thanh,,47,,Thời sự,"Về đề nghị xem xét tư cách ĐBQH của Phó bí thư tỉnh Đồng Nai Phan Thị Mỹ Thanh, các cơ quan chức năng đang xem xét thực hiện quy trình cụ thể.",NamSyntax/vietnamese-news-classification
namsyntax_34893,Tài xế ôtô tông chết người rồi bỏ chạy,,46,,Thời sự,"Nghệ An - Gây ra hai vụ tai nạn ở huyện Nghi Lộc và Hưng Nguyên, ôtô 7 chỗ bị nổ lốp nhưng tài xế vẫn cố tình bỏ chạy khoảng 35 km thì bị bắt giữ.",NamSyntax/vietnamese-news-classification
namsyntax_744466,Centrix City Đại Phúc - Đô thị lõi trung tâm được đầu tư bài bản tại Đại Phúc,,74,,Bất động sản,"Không chỉ nằm ở vị trí lõi trung tâm đã hoàn thiện hạ tầng và sẵn tệp dân cư ổn định, dự án Centrix City Đại Phúc trở thành một mô hình đô thị hiếm tại Đại Phúc (Thái Nguyên): quy hoạch bài bản, tiện ích vận hành thực tế, cộng đồng cư dân văn minh.",NamSyntax/vietnamese-news-classification
namsyntax_1316533,'Yêu' nhiều hơn để cải thiện trí nhớ,,33,,Đời sống,Nghiên cứu mới cho thấy các cặp đôi có quan hệ mặn nồng giúp trí nhớ của họ tốt hơn ở độ tuổi trung niên.,NamSyntax/vietnamese-news-classification
namsyntax_6606,Nhân viên quán bar mắc Covid-19,,28,,Thời sự,"Ban ngày ""bệnh nhân 792"" vào thăm bố điều trị ở Bệnh viện Đà Nẵng, ban đêm đi làm ở quán bar.",NamSyntax/vietnamese-news-classification
namsyntax_271208,Hé lộ trận đấu căng thẳng tái thiết lập hòa bình thế giới sau Thế chiến 2,,53,,Thế giới,"Nhờ những nỗ lực không mệt mỏi của Liên Xô, hội nghị Yalta đã đạt được những kết quả tích cực, góp phần củng cố sức mạnh và sự thống nhất của các nước Đồng minh.",NamSyntax/vietnamese-news-classification
namsyntax_1138366,"Nhóm đối tượng cho vay lãi cắt cổ hơn 600%/năm, thu bất chính 2 tỷ",,39,,Pháp luật,"Nhóm đối tượng cho hơn 300 người vay với lãi cắt cổ 304 – 608%/năm, qua đó bọn chúng thu lợi 2 tỷ đồng.",NamSyntax/vietnamese-news-classification
namsyntax_687688,Intel ra ổ cứng SSD 510 có lưu lượng siêu nhanh,,46,,Khoa học,"Ngày 1/3, Tập đoàn Intel công bố sản phẩm kế tiếp trong dòng ổ cứng thể rắn (SSD) mới, Intel® Solid-State Drive 510 Series, cho phép truyền tải dữ liệu trong thời gian ngắn hơn.",NamSyntax/vietnamese-news-classification
namsyntax_346864,Những điểm nhấn của biệt thự Verona tại Đồng Nai,,39,,Kinh doanh,"Được quy hoạch đồng bộ trên quy mô 19,02 ha, dự án Tiến Lộc Garden có đa dạng sản phẩm, hạ tầng chỉn chu và tiện ích hiện đại.",NamSyntax/vietnamese-news-classification
namsyntax_1040885,"Diễn viên Lý Hùng phong độ tuổi 56, ca sĩ Đan Trường thân thiết cô gái lạ",,48,,Giải trí,Diễn viên Lý Hùng phong độ trong chuyến du xuân cùng gia đình. Ca sĩ Đan Trường gây chú ý khi tạo dáng thân mật cùng một cô gái giấu mặt.,NamSyntax/vietnamese-news-classification
namsyntax_252119,Phản ứng của thẩm phán và bên bị đơn khi Hoàng tử Harry không xuất hiện ở tòa án,,62,,Thế giới,"Hoàng tử Harry đã không xuất hiện tại Tòa án Tối cao London vào ngày 5/6 như dự kiến. Tuy nhiên, theo Reuters, anh vẫn phải tham dự  buổi cho lời khai được cho là sẽ kéo dài hàng giờ vào ngày 6/6.",NamSyntax/vietnamese-news-classification
namsyntax_762424,Một bảo mẫu Bệnh viện Nhi đồng 1 nghi Covid-19,,41,,Sức khỏe,"TP HCM - Nữ nhân viên bảo mẫu 49 tuổi, khoa Sơ Sinh, Bệnh viện Nhi đồng 1, tối 10/6 có kết quả dương tính nCoV, toàn khoa phải phong tỏa.",NamSyntax/vietnamese-news-classification
namsyntax_922898,"HLV Vũ Hồng Việt tiết lộ cách giúp Nam Định đánh bại Hà Nội, giữ ngôi đầu bảng",,60,,Thể thao,"Thắng kịch tính 3-2 trước Hà Nội FC ở vòng 11 V-League 2023-24, HLV Vũ Hồng Việt cho biết ông và các cầu thủ Nam Định đã nghiên cứu rất kỹ về đối thủ, đưa ra phương án phong tỏa hiệu quả.",NamSyntax/vietnamese-news-classification
namsyntax_1179465,"Cán bộ ngân hàng giả chữ ký, chiếm đoạt gần 100 tỷ đồng",,47,,Pháp luật,"Vay nợ với lãi xuất “cắt cổ”, khi không còn khả năng thanh toán, Trang liền chỉ đạo nhân viên lập 53 chứng từ khống, chiếm đoạt của cơ quan gần 100 tỷ đồng.",NamSyntax/vietnamese-news-classification
namsyntax_275541,Dấu hiệu TQ đang 'hụt hơi' trong thương chiến với Mỹ,,43,,Thế giới,"Trung Quốc có thể đã thua trong thương chiến, cho dù ‘quốc gia tỷ dân’ chưa từng thừa nhận điều này, nhưng những dấu hiệu thua cuộc đang dần hiện rõ hơn.",NamSyntax/vietnamese-news-classification
namsyntax_729021,"Lo vỡ nợ dây chuyền, Trung Quốc công khai hỗ trợ ‘ông lớn’ bất động sản Vanke",,57,,Bất động sản,"Vanke từng là nhà phát triển bất động sản lớn nhất Trung Quốc trong nhiều năm, trong giai đoạn khó khăn, doanh nghiệp có yếu tố nhà nước này nhận được sự hỗ trợ từ nhà chức trách địa phương.",NamSyntax/vietnamese-news-classification
namsyntax_822463,Trường mầm non có hơn 80 cô trò nghỉ vì viêm đường hô hấp cấp,,64,,Sức khỏe,"Gần 80 trẻ ở trường Mầm non xã Nam Hà, Tiền Hải, tỉnh Thái Bình nghỉ học vì ho, đau họng, sổ mũi, một số trường hợp tiêu chảy, sốt nhẹ. Ngành Y tế Thái Bình đã lấy mẫu xét nghiệm, tiếp tục giám sát chặt chùm ca bệnh.",NamSyntax/vietnamese-news-classification
namsyntax_405380,Tổ yến món ăn ‘quý tộc’ giá rẻ như rau mua về tẩm bổ,,52,,Kinh doanh,"Có giá chỉ từ 25.000 đồng - rẻ như rau, tổ yến đang bày bán la liệt trên “chợ mạng”. Trong khi yến sào vốn được coi là món ăn “quý tộc” vì giá vô cùng đắt đỏ.",NamSyntax/vietnamese-news-classification
namsyntax_263586,Người Afghanistan ở Mỹ lo thời cai trị hà khắc sẽ trở lại cùng Taliban,,38,,Thế giới,"Tương lai của hàng triệu người dân Afghanistan đã trở nên bất định, sau khi Taliban hôm 15/8 tiến vào thủ đô Kabul.",NamSyntax/vietnamese-news-classification
namsyntax_1325732,Mẹ bị ung thư giai đoạn cuối vẫn quyết mổ ngồi để cứu con,,74,,Đời sống,Người phụ nữ dù biết mình bị ung thư nhưng vẫn cương quyết từ chối phác đồ điều trị với hy vọng đứa con có thể chào đời khỏe mạnh. Đây là ca sinh mổ đầu tiên trên nền bệnh nhân bị ung thư di căn và cũng là ca mổ lấy thai đặc biệt nhất từ trước đến nay.,NamSyntax/vietnamese-news-classification
namsyntax_726586,Vài sắp đặt đơn giản là có ngay “vườn đặt trong nhà”,,42,,Bất động sản,"Ở các thành phố lớn, đặt vườn trong nhà là một thủ pháp nhằm nâng cao hiệu quả thẩm mỹ cùng hiệu ứng tích cực về mặt vi khí hậu.",NamSyntax/vietnamese-news-classification
namsyntax_195674,Thêm hai nước công nhận hộ chiếu vaccine Việt Nam,,40,,Thế giới,"Bộ Ngoại giao cho biết Malaysia và Iran đã công nhận hộ chiếu vaccine lẫn nhau với Việt Nam, nâng tổng số quốc gia đạt thỏa thuận này lên 19.",NamSyntax/vietnamese-news-classification
namsyntax_1244931,Trường ĐH Sư phạm TP.HCM chấm thuê 10.000 bài thi,,32,,Giáo dục,Trường ĐH Luật TP.HCM và Trường ĐH Marketting TP.HCM sẽ thuê Trường ĐH Sư phạm TP.HCM chấm các môn thi tự luận,NamSyntax/vietnamese-news-classification
namsyntax_1101644,20 nhà xuất bản nước ngoài tham gia Hội sách Hà Nội,,47,,Giải trí,"Đây là lần đầu tiên sự kiện sách thường niên của Thủ đô được “quốc tế hóa” với sự góp mặt của 20 nhà xuất bản, tập đoàn xuất bản uy tín của nước ngoài.",NamSyntax/vietnamese-news-classification
namsyntax_1025203,3 cuốn sách yêu thích trong 2023 của Bill Gates,,40,,Giải trí,Tỷ phú Mỹ Bill Gates gợi ý ba tác phẩm ông đọc trong năm qua với cảm hứng động viên mọi người nghĩ sâu hơn về thế giới xung quanh.,NamSyntax/vietnamese-news-classification
namsyntax_844558,Bị sỏi thận cần tránh ăn gì?,,35,,Sức khỏe,"Vì đa số sỏi thận là sỏi calci nên nhiều người nghĩ rằng kiêng ăn hoàn toàn calci để tránh bị sỏi thận, thật sự không phải vậy.",NamSyntax/vietnamese-news-classification
namsyntax_436908,Khởi nghiệp và bài toán quản trị nhân sự cấp cao,,47,,Kinh doanh,"Theo thống kê của Navigos - Tập đoàn quản lý trang web tuyển dụng nhân sự trực tuyến VietnamWorks.com, nhu cầu tuyển dụng nhân sự có kinh nghiệm và chuyên môn cao đang tăng trở lại.",NamSyntax/vietnamese-news-classification
namsyntax_173091,Bộ trưởng Thăng nói về gia tăng tai nạn xe khách,,56,,Thời sự,"Để chấn chỉnh hoạt động vận tải, nhất là tai nạn xe khách liên tục có xu hướng
gia tăng thời gian qua, Bộ GTVT cùng các cơ quan Nhà nước sẽ xem lại điều kiện
kinh doanh vận tải để quản lý chặt chẽ.",NamSyntax/vietnamese-news-classification
namsyntax_843750,9X có triệu chứng này cần nghĩ ngay đến ung thư,,32,,Sức khỏe,Số người mắc ung thư ruột kết và trực tràng đang gia tăng mạnh trong nhóm tuổi sinh sau năm 1990.,NamSyntax/vietnamese-news-classification
namsyntax_1184439,Cây xăng gắn chip gian lận kiếm tiền tỷ ở Hà Nội,,48,,Pháp luật,"Liên quan đến việc gian lận ở cửa hàng xăng dầu trên đường Trần Khát Chân, ngày 18/5, Công an Hà Nội đã đề nghị truy tố 16 bị can hành vi Lừa dối khách hàng.",NamSyntax/vietnamese-news-classification
namsyntax_1227019,Gợi ý lời giải bài toán hình học thi học sinh giỏi quốc gia,,40,,Giáo dục,Ở môn Toán thi Học sinh giỏi quốc gia năm nay có 475 thí sinh tham dự. Dưới đây là lời giải bài hình ngày 1.,NamSyntax/vietnamese-news-classification
namsyntax_1005332,Sách cảnh báo về thực trạng dòng Mekong,,35,,Giải trí,"""Những ngày cuối của dòng Mekong hùng vĩ"" cảnh báo các quốc gia có thể ""giết chết"" dòng sông với chính sách kinh tế không phù hợp",NamSyntax/vietnamese-news-classification
namsyntax_464333,Đại gia Việt tìm thần dược ướp xác lo hậu sự,,43,,Kinh doanh,"Những đại gia Việt thời nay sẵn
sàng chi hàng triệu đô mua quan tài, xây lăng mộ, thậm chí chuẩn bị sẵn
hương liệu để chờ ngày về chầu tiên tổ.",NamSyntax/vietnamese-news-classification
namsyntax_390288,Ngân hàng bán vàng trực tiếp cho người dân: Thu hẹp chênh lệch giá vàng trong tầm tay?,,66,,Kinh doanh,"Với việc NHNN giao 4 ngân hàng quốc doanh trực tiếp bán vàng miếng SJC, nguồn cung vàng miếng sẽ đến trực tiếp người tiêu dùng mà không bị găm giữ hay đầu cơ. Mức giá cũng sẽ hợp lý hơn và giao dịch sẽ được công khai.",NamSyntax/vietnamese-news-classification
namsyntax_142303,Ngày mai xét xử sát thủ máu lạnh giết 4 người ở 4 tỉnh,,49,,Thời sự,"Sau gần 1 năm tạm giam, ngày mai (17/12) Trần Văn Điểm, sát thủ giết 4
người ở 4 tỉnh, thành sẽ được đưa ra xét xử tại TAND tỉnh Bà Rịa - Vũng
Tàu.",NamSyntax/vietnamese-news-classification
namsyntax_910170,"Bayern Munich thắng đậm Leverkusen, vững vàng trên đỉnh Bundesliga",,45,,Thể thao,"Bayern Munich tiếp tục thể hiện sức mạnh vượt trội tại Bundesliga khi dễ dàng đè bẹp Bayer Leverkusen 3-0, qua đó củng cố ngôi đầu bảng với phong độ hủy diệt không đối thủ.",NamSyntax/vietnamese-news-classification
namsyntax_823495,Nỗi ân hận của nữ bệnh nhân mắc ung thư giai đoạn cuối,,52,,Sức khỏe,"Được chẩn đoán ung thư ở giai đoạn sớm, chị T.M không vào viện điều trị, lại tìm uống các bài thuốc Nam và áp dụng phương pháp ""bỏ đói tế bào ung thư” khiến bệnh chuyển biến xấu.",NamSyntax/vietnamese-news-classification
namsyntax_766265,"Trẻ bị tự kỷ, tăng động tiêm vaccine Covid-19 cần lưu ý gì?",,50,,Sức khỏe,"Thành phố tôi ở đang triển khai tiêm vaccine cho trẻ 12-17 tuổi, nhóm trẻ mắc bệnh tự kỷ hay tăng động có được tiêm vaccine Covid-19 không và cần lưu ý gì? (Ngọc Hoa, Vĩnh Long)",NamSyntax/vietnamese-news-classification
namsyntax_1323331,"Xuýt xoa nếm món bánh xèo, nem lụi chính gốc Đà Nẵng ngon, bổ, rẻ",,86,,Đời sống,"Nằm khiêm nhường trên con phố nhỏ Nguyễn Khuyến, gần di tích Văn Miếu, Quốc Tử Giám nổi tiếng, quán bánh xèo, nem lụi của cô chủ người gốc Đà Nẵng luôn tấp nập khách ra vào, không chỉ bởi vị ngon đặc biệt của hai món ăn hấp dẫn này mà còn bởi giá cả rất bình dân. Hãy cùng khám phá địa chỉ ẩm thực đặc biệt này nhé!",NamSyntax/vietnamese-news-classification
namsyntax_728231,Lý do BĐS Khu đô thị Cát Lái hút khách,,58,,Bất động sản,"Nhờ vào sự đầu tư lớn về cơ sở hạ tầng của thành phố vào khu Đông: cầu - hầm Thủ Thiêm, cầu Sài Gòn 2, cầu Phú Mỹ, đại lộ Mai Chí Thọ…,Cát Lái thu hút một lượng lớn người mua để ở lẫn nhà đầu tư.",NamSyntax/vietnamese-news-classification
namsyntax_222825,Iran thề đáp trả vụ phó tư lệnh IRGC thiệt mạng ở Lebanon,,41,,Thế giới,Ngoại trưởng Iran Araghchi tuyên bố nước này sẽ đáp trả vụ Israel tập kích hạ phó tư lệnh Vệ binh Cách mạng Hồi giáo Nilforoushan ở Lebanon.,NamSyntax/vietnamese-news-classification
namsyntax_1036423,"Hồ Ngọc Hà, Tóc Tiên, Chi Pu: Xinh đẹp thôi chưa đủ",,33,,Giải trí,"Hồ Ngọc Hà, Tóc Tiên, Chi Pu chứng minh chiến lược đa năng là chìa khóa thành công trong showbiz Việt.",NamSyntax/vietnamese-news-classification
namsyntax_717031,'Sống nghỉ dưỡng' tại căn hộ Sun Symphony Residence,,42,,Bất động sản,"Sun Property sẽ phát triển những căn hộ có diện tích rộng, thiết kế tối ưu công năng cùng hệ thống tiện ích đồng bộ tại quần thể Sun Symphony Residence, Đà Nẵng.",NamSyntax/vietnamese-news-classification
namsyntax_1189740,Thay đổi trong đề thi Ngữ văn vào lớp 10 TP HCM,,41,,Giáo dục,"Ba năm gần đây, Đề thi vào lớp 10 môn Ngữ văn tại TP HCM yêu cầu nhẹ nhàng hơn về kiến thức nhưng nâng cao tính thực tiễn.",NamSyntax/vietnamese-news-classification
namsyntax_264894,Mỹ vượt mốc quan trọng trong chiến dịch tiêm vắc xin Covid-19,,36,,Thế giới,Nước Mỹ hôm 6/6 đã vượt qua một cột mốc quan trọng khác trong nỗ lực tiêm chủng vắc xin Covid-19 cho người dân.,NamSyntax/vietnamese-news-classification
namsyntax_343439,"Mở cửa hàng tiện lợi, quán trà sữa hay cà phê?",,45,,Kinh doanh,"Tôi đang lên kế hoạch cho cuối năm nay nhưng băn khoăn giữa mở cửa hàng tiện lợi, quán trà sữa hay cà phê để kinh doanh tại khu nhà phố gần 170 căn?",NamSyntax/vietnamese-news-classification
namsyntax_300414,Máy bay quân sự Trung Quốc gặp nạn,,39,,Thế giới,"Theo mạng Quan Sát, lúc 17h30 ngày 17/12, một chiến cơ J-10S của không
quân Hạm đội Đông Hải đã bị rơi tại ngoại ô thị trấn Trạch Quốc, Chiết
Giang.",NamSyntax/vietnamese-news-classification
namsyntax_717533,BIM Land lần đầu báo lỗ sau 5 năm,,36,,Bất động sản,"Công ty cổ phần Bất động sản BIM lỗ khoảng 341 tỷ đồng trong hai quý đầu năm, trong khi cùng kỳ 2023 vẫn lãi 810 tỷ.",NamSyntax/vietnamese-news-classification
namsyntax_827207,"Phân bổ gần 1 triệu liều vắc xin Pfizer về các địa phương, đơn vị",,43,,Sức khỏe,"Bình Dương, TP.HCM, Đồng Nai là những địa phương nhận nhiều vắc xin Covid-19 nhất đợt này, sau đó tới Hà Nội, Đà Nẵng, Khánh Hòa, An Giang,…",NamSyntax/vietnamese-news-classification
namsyntax_824285,Phẫu thuật não cho bé trai bị 6-7 cơn động kinh mỗi ngày,,36,,Sức khỏe,"Trẻ luôn trong trạng thái lên cơn động kinh bất kỳ khi nào. Mỗi ngày, em có thể bị giật từ 6-7 cơn.",NamSyntax/vietnamese-news-classification
namsyntax_1299137,Cách chuẩn bị bữa ăn không cần nấu mang đi làm,,43,,Đời sống,"Nếu bạn muốn tiết kiệm thời gian chế biến hoặc chưa có nhiều kinh nghiệm nấu nướng, công thức chuẩn bị bữa ăn đơn giản dưới đây là gợi ý lý tưởng.",NamSyntax/vietnamese-news-classification
namsyntax_1051618,Trích hồi ký Hoàng tử Harry phần 3: Cuộc chiến nội tâm khi Megan từ bỏ vai diễn,,56,,Giải trí,"Trong cuốn hồi ký 'Spare - Kẻ dự bị', Hoàng tử Harry tiết lộ cuộc chiến nội tâm, giằng xé khi Megan phải từ bỏ nhà cửa và vai diễn, chuyển đến sống với Harry ở Nott Cott.",NamSyntax/vietnamese-news-classification
namsyntax_927283,"Tứ kết World Cup nữ, Nhật Bản vs Thụy Điển: Viết tiếp điều kỳ diệu",,44,,Thể thao,"Có phong độ và tinh thần rất tốt, đội nữ Nhật Bản quyết tâm đòi nợ đối thủ nữ Thụy Điển trong trận tứ kết 2 World Cup 2023.",NamSyntax/vietnamese-news-classification
namsyntax_698745,Game thủ xôn xao về game mới của FPT,,36,,Khoa học,Việc FPT Online giới thiệu một cách úp mở về game Tiếu Ngạo Giang Hồ đã gây ra rất nhiều tranh luận trong cộng đồng game thủ.,NamSyntax/vietnamese-news-classification
namsyntax_1291827,Người trẻ thích 'ở trọ' trong khách sạn tiện nghi,,37,,Đời sống,"TRUNG QUỐC - Thay vì chịu ràng buộc với những hợp đồng thuê nhà, ngày càng nhiều người trẻ tuổi chọn cách vào ở trong khách sạn.",NamSyntax/vietnamese-news-classification
namsyntax_712418,Căn hộ chung cư ốp gỗ,,28,,Bất động sản,"Bốn vách tường và nội thất làm từ gỗ khiến căn hộ trở nên gần gũi, ấm cúng nhưng rất khác biệt.",NamSyntax/vietnamese-news-classification
namsyntax_304892,Mỹ tố TQ đưa vật thể bí ẩn vào không gian,,36,,Thế giới,"Báo cáo mới đây của Bộ Quốc phòng Mỹ cảnh báo chương trình vũ trụ của Trung
Quốc đang phát triển mạnh nhất thế giới.",NamSyntax/vietnamese-news-classification
namsyntax_597067,Laptop chạy Windows 10 S đầu tiên của Acer trình làng,,56,,Khoa học,"Cùng với sự kiện Microsoft ra mắt Windows 10 S, Acer cũng giới thiệu chiếc máy tính xách tay (laptop) đầu tiên của mình chạy phiên bản hệ điều hành Windows 10 dành riêng cho giáo dục của Microsoft - chiếc Acer TravelMate Spin B1.",NamSyntax/vietnamese-news-classification
namsyntax_1238688,California lùi thời điểm bắt đầu giờ học để đảm bảo sức khỏe cho học sinh,,66,,Giáo dục,California đã trở thành tiểu bang đầu tiên tại Mỹ lùi thời điểm bắt đầu giờ học tại các trường công lập với hy vọng biện pháp này sẽ giúp các học sinh ngủ đủ giấc trước khi đến trường cũng như đạt được thành tích học tập tốt hơn.,NamSyntax/vietnamese-news-classification
namsyntax_1144109,"Mở lại phiên phúc thẩm đường dây xăng giả Trịnh Sướng, thêm một bị cáo kêu oan",,45,,Pháp luật,"Cho rằng mình chỉ làm báo cáo kế toán thuế và bị truy tố oan, bị cáo Lưu Phạm Quốc Anh đã làm đơn kháng cáo, kêu oan.",NamSyntax/vietnamese-news-classification
namsyntax_752622,Chiều nay không ghi nhận thêm ca nhiễm nCoV,,32,,Sức khỏe,"18h ngày 16/4, Bộ Y tế không ghi nhận thêm ca dương tính nCoV, 91 người đang điều trị, 177 người khỏi bệnh.",NamSyntax/vietnamese-news-classification
namsyntax_177089,Hàng loạt xe chết máy vì xăng pha nước lã?,,50,,Thời sự,"Khoảng 16 giờ 30 phút chiều
5/10, hàng loạt xe máy và ô tô đổ xăng tại Đại lý xăng dầu Bắc Tây Nguyên của
DNTN Mạnh Tiến – Gia Lai, địa chỉ 1026 Phạm Văn Đồng, TP.Pleiku (Gia Lai).",NamSyntax/vietnamese-news-classification
namsyntax_249427,Iran công bố video UAV theo dõi tàu chiến Mỹ,,49,,Thế giới,Giới chức Iran công bố đoạn video cho thấy máy bay không người lái (UAV) của nước này theo dõi một tàu chiến của Mỹ đang di chuyển trong vùng biển quốc tế ở phía bắc Ấn Độ Dương.,NamSyntax/vietnamese-news-classification
namsyntax_653357,Những cỗ máy săn giải thưởng của eSports Việt,,60,,Khoa học,– SJK vàFreedom là hai đội tuyển eSports có tên tuổi của Việt Nam đã gặt hái được nhiều thành tích tại các giải đấu thể thao điện tử quốc tế. Không chỉ mang thành tích cho eSports Việt các game thủ còn được mang danh “cỗ máy” săn giải thưởng.,NamSyntax/vietnamese-news-classification
namsyntax_289034,Máy bay do thám Nga rà sát các vị trí trọng yếu trên đất Mỹ,,40,,Thế giới,Một máy bay do thám của Nga đã bay lượn rất thấp qua nhiều tòa nhà liên bang ở Washington DC vào chiều ngày 9/8.,NamSyntax/vietnamese-news-classification
namsyntax_921843,Kết quả bóng đá hôm nay 19/4: U23 Hàn Quốc đè bẹp U23 Trung Quốc,,44,,Thể thao,"Kết quả bóng đá hôm nay 19/4/2024, với các trận đấu trong nước và các giải tại châu Âu, châu Mỹ và châu Á đêm nay, rạng sáng mai.",NamSyntax/vietnamese-news-classification
namsyntax_721518,"Lâm Đồng đóng cửa dự án King Palace, hoàn trả cho doanh nghiệp gần 73 tỷ đồng",,57,,Bất động sản,"Sau khi nhiều lần họp bàn, làm việc với chủ đầu tư, tỉnh Lâm Đồng sẽ đóng cửa dự án King Palace (Dinh 1) Đà Lạt và đưa ra phương án hoàn trả cho doanh nghiệp gần 73 tỷ đồng.",NamSyntax/vietnamese-news-classification
namsyntax_725702,Cẩn thận phong thủy khi đặt vị trí lò vi sóng,,38,,Bất động sản,"Lò vi sóng đặt trong bếp bạn nên cẩn thận nếu không muốn phá hỏng phong thủy nhà bếp, ảnh hưởng đến tài lộc và sức khỏe.",NamSyntax/vietnamese-news-classification
namsyntax_1330980,Mẹ chồng nổi điên vì con dâu dám “đuổi” con gái ra khỏi nhà,,57,,Đời sống,"Chị chồng em mang thai ngoài ý muốn, em chỉ bảo chị ấy ra khách sạn
ngủ một đêm rồi hẵng về nhà vì sợ đen. Nào ngờ chị chồng, mẹ chồng và cả
chồng nữa xúm vào chửi em là “đồ ngu”...",NamSyntax/vietnamese-news-classification
namsyntax_1240566,Gặp tác giả và người phản biện luận án tiến sĩ về bìa sách,,48,,Giáo dục,Các nhà chuyên môn cho rằng luận án xứng tầm hay không là do chất lượng khoa học chứ không nằm ở tên đề tài theo cách lý giải của kiến thức phổ thông.,NamSyntax/vietnamese-news-classification
namsyntax_1031075,Mẹ Elon Musk diện xuyên thấu catwalk,,29,,Giải trí,Maye Musk - mẹ tỷ phú Elon Musk - trình diễn đầm xuyên thấu cùng áo lông ở New York Fashion Week.,NamSyntax/vietnamese-news-classification
namsyntax_1147561,Khởi tố gã trai đâm chết phu vàng ở Quảng Nam,,38,,Pháp luật,"Trong lúc xô xát với 2 người ở bãi vàng, Lợi dùng dao đâm khiến một người chết, một người bị thương, rồi bỏ trốn vào rừng.",NamSyntax/vietnamese-news-classification
namsyntax_367073,"GDP quý II tăng 6,93%",,26,,Kinh doanh,"Tốc độ tăng trưởng kinh tế quý II ước đạt 6,93%, tăng cao thứ hai nếu xét trong 5 năm qua.",NamSyntax/vietnamese-news-classification
namsyntax_843549,Phẫu thuật cho người em cặp song sinh dính liền Việt - Đức,,40,,Sức khỏe,Cuộc phẫu thuật nhằm khắc phục tình trạng hẹp niệu quản vốn đã gây tình trạng nhiễm trùng hệ niệu tái phát nhiều lần ở người bệnh.,NamSyntax/vietnamese-news-classification
namsyntax_740158,"Bí quyết tân trang, sửa nhà đón Tết",,55,,Bất động sản,"Là người Việt, ai cũng mong muốn có một ngôi nhà đẹp để đón Tết.
Những gợi ý sau của Kiến trúc sư sẽ giúp bạn tự bài
trí làm đẹp lại cho không gian ngôi nhà của mình đẹp mắt nhưng vẫn cực
kì tiết kiệm.",NamSyntax/vietnamese-news-classification
namsyntax_826743,"Dự kiến giữa tháng 11, Việt Nam phủ mũi 1 vắc xin Covid-19 cho người trên 18 tuổi",,49,,Sức khỏe,"Bộ Y tế dự kiến, từ nay đến giữa tháng 11, Việt Nam sẽ tiêm mũi 1 vắc xin phòng Covid-19 cho 70 triệu người và triển khai tiêm mũi 2.",NamSyntax/vietnamese-news-classification
namsyntax_598731,Nhẫn thông minh: Khi trang sức “kết hôn” với công nghệ,,43,,Khoa học,"Đa chức năng, nhỏ gọn, xinh xắn, hợp thời trang, không kỳ quặc như các thiết bị đeo khác, nhẫn thông minh đang là xu hướng mới của thị trường hiện nay.",NamSyntax/vietnamese-news-classification
namsyntax_944227,Báo Trung Quốc: 'Tuyển Việt Nam sẽ khiến chúng ta đau đầu',,42,,Thể thao,"Tờ Sina của Trung Quốc vừa chỉ ra vấn đề lớn nhất của đội nhà, trước thềm cuộc chiến với đội tuyển Việt Nam ở vòng loại World Cup 2022.",NamSyntax/vietnamese-news-classification
namsyntax_1191807,Lớp học trong rừng,,37,,Giáo dục,"Ấn Độ - Tại thung lũng Kashmir, vì không thể học online, các trường tổ chức lớp học trong rừng nhưng luôn phải để phòng thú dữ, đường đi tiềm ẩn nguy hiểm.",NamSyntax/vietnamese-news-classification
namsyntax_256241,Mỹ - Trung đối thoại về kinh tế bên lề thượng định G20,,54,,Thế giới,"Bộ trưởng Tài chính Mỹ và Thống đốc Ngân hàng Nhân dân Trung Quốc đã đối thoại về nhiều vấn đề, từ giá năng lượng tăng cao tới triển vọng kinh tế vĩ mô, bên lề hội nghị thượng đỉnh G20.",NamSyntax/vietnamese-news-classification
namsyntax_191720,Cùng quốc tế tìm lời giải bảo tồn di sản Hà Nội,,43,,Thời sự,"Bảo tồn không đối lập với phát triển, và Hà Nội có thể đảm bảo rằng
những lợi ích của đô thị hoá ngày nay sẽ bền vững trong tương lai",NamSyntax/vietnamese-news-classification
namsyntax_819031,"5 năm, danh mục thuốc bảo hiểm y tế chưa được cập nhật",,52,,Sức khỏe,"Trong 5 năm qua, danh mục thuốc thuộc phạm vi thanh toán bảo hiểm y tế chưa được cập nhật, bổ sung các thuốc mới. Lần cập nhật gần nhất chỉ bổ sung danh mục thuốc điều trị Covid-19.",NamSyntax/vietnamese-news-classification
namsyntax_1264337,Vườn hoa trăm loài của người phụ nữ Việt ở Séc,,47,,Đời sống,"Cuối 2015, chị Hiền bắt đầu tự thiết kế khu vườn của mình ở Plzeň. Đến nay, vườn nhà đã có hàng trăm loại hoa nhưng cũng tốn ""không biết bao nhiêu học phí"", công sức.",NamSyntax/vietnamese-news-classification
namsyntax_1207025,2.000 suất học bổng cho sinh viên nhập học trường ĐH Nguyễn Tất Thành,,43,,Giáo dục,"Trường ĐH Nguyễn Tất Thành (NTTU) duy trì mức học phí ổn định, minh bạch, đồng thời, triển khai các gói học bổng trị giá đến 50 tỷ đồng.",NamSyntax/vietnamese-news-classification
namsyntax_115309,Ngoại trưởng Mỹ chọn Việt Nam là điểm đến đầu tiên ở Đông Nam Á,,43,,Thời sự,"Theo Phó phát ngôn viên Bộ Ngoại giao Ngô Toàn Thắng, đây là chuyến thăm Việt Nam đầu tiên của ông Mike Pompeo kể từ khi nhậm chức.",NamSyntax/vietnamese-news-classification
namsyntax_1100471,Lần hiếm hoi Hồ Ngọc Hà lên tiếng về Đàm Vĩnh Hưng,,55,,Giải trí,"Hồ Ngọc Hà và Đàm Vĩnh Hưng nhiều lần
xuất hiện cùng sân khấu nhưng chỉ khi Mr Đàm có những chia sẻ gây chấn
động dư luận Hồ Ngọc Hà mới chính thức lên tiếng chia sẻ về người
anh của mình.",NamSyntax/vietnamese-news-classification
namsyntax_1306944,"Trao giải cuộc thi viết 'Cha và con gái': Tôn vinh giá trị nhân văn, tình cảm gia đình",,49,,Đời sống,"Nhiều tác phẩm tham dự cuộc thi Cha và con gái đã gây xúc động mạnh mẽ, tạo nên giá trị nhân văn cao đẹp của tình cảm gia đình.",NamSyntax/vietnamese-news-classification
namsyntax_1153614,Cướp tiệm vàng ở Hải Phòng,,25,,Pháp luật,"Nguyễn Mạnh Đức cầm dao xông vào tiệm vàng Công Huệ ở huyện Tiên Lãng, uy hiếp chủ tiệm.",NamSyntax/vietnamese-news-classification
namsyntax_358896,Nhiều loại thép Việt sang EU chịu thêm 1 năm thuế quan,,30,,Kinh doanh,Nhiều nhóm sản phẩm thép của Việt Nam phải chịu hạn ngạch thuế quan đến hết tháng 6/2024.,NamSyntax/vietnamese-news-classification
namsyntax_275350,"Nga bắn tên lửa đạn đạo liên lục địa, tiêu diệt mục tiêu cách 5.000 km",,43,,Thế giới,Quân đội Nga phóng một tên lửa Topol-M từ trung tâm vũ trụ Plesetsk ngày 30/9 để kiểm tra tính năng của hệ thống vũ khí này.,NamSyntax/vietnamese-news-classification
namsyntax_784538,Chứng bệnh sợ phụ nữ,,33,,Sức khỏe,"Người mắc bệnh sợ phụ nữ thường cảm thấy hoảng loạn, tức ngực, đổ mồ hôi, khó thở, chóng mặt khi tiếp xúc hoặc nghĩ đến phái nữ.",NamSyntax/vietnamese-news-classification
namsyntax_1179318,Hải Phòng: Con gái tố bị bố đẻ lấy gạch đập vào đầu,,38,,Pháp luật,"Người con gái đệ đơn lên cơ quan công an tố cáo bị bố đẻ hành hung, dùng gạch đập vào đầu gây thương tích.`",NamSyntax/vietnamese-news-classification
namsyntax_584189,Đã đến lúc ngừng mua iPhone 6,,43,,Khoa học,"Biết rằng iPhone 6 hiện có giá rất rẻ, nhưng nếu bạn (hay người quen của bạn) đang có nhu cầu mua chiếc máy này, thì hãy nghe lời khuyên của tôi và đừng làm vậy.",NamSyntax/vietnamese-news-classification
namsyntax_739150,Có nên đặt giá sách trong phòng ngủ?,,38,,Bất động sản,"Hầu như gia đình nào cũng có giá sách/kệ sách, nhưng không phải ai cũng chú ý đến cách sắp xếp, bài trí. Dưới đây là một số lưu ý.",NamSyntax/vietnamese-news-classification
namsyntax_844713,BS Việt mơ xây thương hiệu nha khoa khắp thế giới,,61,,Sức khỏe,"Không chỉ cung cấp dịch vụ khám chữa bệnh chất lượng cao, tất cả y, bác sỹ của Nha khoa Phương Anh đều luôn lắng nghe ý kiến của bệnh nhân và khách hàng để hoàn thiện hình ảnh đúng với thương hiệu một trung tâm Nha khoa chuẩn mực.",NamSyntax/vietnamese-news-classification
namsyntax_1212816,Thầy giáo giỏi nhất thế giới làm gì với phần thưởng 1 triệu USD?,,41,,Giáo dục,Thầy Peter Tabichi sẽ quyên góp phần thưởng này cho ngôi trường và cộng đồng địa phương để cải thiện giáo dục và đời sống nơi đây.,NamSyntax/vietnamese-news-classification
namsyntax_290851,Phi công Delta Airlines gây bức xúc vì đánh nữ hành khách,,119,,Thế giới,"Thời gian gần đây, các hãng hàng không Mỹ liên tục dính phải các bê bối, như vụ việc bác sỹ gốc Việt David Đào bị lôi ra khỏi máy bay hay vụ thỏ khổng lồ chết trên máy bay của hãng United Airlines. Tiếp sau đó là vụ việc hành khách bị bắt rời khỏi máy bay Delta Airlines vì lỡ dùng nhà vệ sinh trong thời gian chờ đợi cất cánh. Theo thông tin mới nhất thì hãng Delta Airlines còn đang gây nên 1 làn sóng bức xúc khác khi có người quay được cảnh phi công hãng này đánh 1 nữ hành khách.",NamSyntax/vietnamese-news-classification
namsyntax_692355,"Viettel kết nối cầu truyền hình đến quận, huyện",,48,,Khoa học,"Hiện Viettel điều hành trực tiếp hàng ngày đến tuyến huyện qua 600 điểm cầu truyền hình nên đã giảm 50% thời gian dành cho đi lại, giảm 90% chi phí hội họp, tăng 200% hiệu quả điều hành.",NamSyntax/vietnamese-news-classification
namsyntax_1070809,Siêu mẫu Đình Quyền hóa nam thần cổ trang đón Tết,,48,,Giải trí,"Trong bộ ảnh đón Tết Tân Sửu 2021, giải Bạc Siêu mẫu Thế giới người Việt 2014 Nguyễn Đình Quyền gây bất ngờ khi hóa thân thành ""nam thần cổ trang"" với mái tóc dài ấn tượng.",NamSyntax/vietnamese-news-classification
namsyntax_1209039,10 đề tài được trao giải Nhất cuộc thi Sinh viên nghiên cứu khoa học 2019,,50,,Giáo dục,"- 10 giải Nhất, 62 giải Nhì, 89 giải Ba và 118 giải Khuyến khích đã được trao cho các đề tài tham dự giải thưởng “Sinh viên nghiên cứu khoa học"" năm 2019.",NamSyntax/vietnamese-news-classification
namsyntax_1346869,Khoảnh khắc ngộ nghĩnh của các bé dưới hồ bơi,,55,,Đời sống,"Nắm bắt được lợi ích và sự cần thiết của môn thể thao bơi lội, cho nên ngày nay
nhiều bậc phụ huynh đã rất quan tâm đến việc cho con theo học môn thể thao này
ngay từ khi các bé còn rất nhỏ.",NamSyntax/vietnamese-news-classification
namsyntax_568027,Hyundai Kona - Ford EcoSport: Ganh đua quyết liệt,,40,,Khoa học,ictnews Ford EcoSport đạt kỷ lục về doanh số trong tháng cuối cùng của năm 2018 nhưng vẫn thua tân binh Hyundai Kona khi mẫu xe này đạt tới 859 chiếc.,NamSyntax/vietnamese-news-classification
namsyntax_349831,Hậu Covid - thời cơ của tăng trưởng xanh,,36,,Kinh doanh,"Các chuyên gia cho rằng, chuyển sang kinh tế xanh là lối thoát sau khủng hoảng Covid-19, bắt kịp xu thế và nâng cao được cạnh tranh.",NamSyntax/vietnamese-news-classification
namsyntax_729360,Người trong nhà dễ bất an vì những sai lầm khi thiết kế cửa sổ này,,53,,Bất động sản,"Được xem là sợi dây liên kết không thể thiếu giữa không gian trong và ngoài nhà, cửa sổ còn có vai trò vô cùng quan trọng khi tác động đến cảm xúc cho người trong nhà.",NamSyntax/vietnamese-news-classification
namsyntax_876219,Bayern bị chỉ trích thiếu tôn trọng Bundesliga,,38,,Thể thao,"Đức - Cựu HLV Bayern Felix Magath bất bình khi đội bóng cũ thua 1-3 trên sân Mainz ở vòng 32 ngày 30/4, một tuần sau khi vô địch Bundesliga.",NamSyntax/vietnamese-news-classification
namsyntax_288952,Chết vì cai nghiện Internet,,50,,Thế giới,"Xuất phát từ nhu cầu tăng nhanh của xã hội, các khu trại hỗ trợ cai nghiện internet mọc lên ngày một nhiều. Tuy nhiên, không phải trung tâm nào cũng đáng tin cậy khi đã có người chết trong quá trình cai nghiện internet.",NamSyntax/vietnamese-news-classification
namsyntax_102123,"Nhờ triển khai NTM, xã Mường Cơi ngày càng khang trang, khá giả",,35,,Thời sự,"Hôm 24/11, UBND huyện Phù Yên, tỉnh Sơn La tổ chức Lễ công bố xã Mường Cơi đạt chuẩn nông thôn mới.",NamSyntax/vietnamese-news-classification
namsyntax_1058644,Ca sĩ Phạm Khánh Hưng: Vợ cũ và 3 bạn gái cũ ăn cơm cùng ba mẹ tôi,,52,,Giải trí,"""Vợ cũ và 3 bạn gái cũ của tôi đều vui vẻ đến ăn cơm. Họ thoải mái nói chuyện với nhau, xưng ""con"" với ba mẹ tôi"", ca sĩ Phạm Khánh Hưng kể.",NamSyntax/vietnamese-news-classification
namsyntax_152302,Trẻ viêm phổi tăng cao do nắng nóng đột ngột,,33,,Thời sự,"Thời tiết nắng nóng, oi bức đột ngột khiến trẻ em mắc các bệnh hô hấp gia tăng, đa phần là viêm phổi…",NamSyntax/vietnamese-news-classification
namsyntax_116312,Chủ tịch nước Trần Đại Quang đón Toàn quyền Australia,,39,,Thời sự,"Nhận lời mời của Chủ tịch nước Trần Đại Quang, Toàn quyền Australia Peter Cosgrove và Phu nhân thăm cấp Nhà nước tới Việt Nam từ ngày 23- 26/5.",NamSyntax/vietnamese-news-classification
namsyntax_330010,Sacombank tặng phiếu quà điện tử cho khách vay tiêu dùng,,35,,Kinh doanh,"Tham gia gói vay tiêu dùng trên ứng dụng Sacombank Pay, khách sẽ nhận phiếu quà tặng từ Got It trị giá 100.000 đồng.",NamSyntax/vietnamese-news-classification
namsyntax_1158015,Cho vay lãi suất cao mức nào sẽ bị đi tù?,,45,,Pháp luật,"Hà Nội - Theo Nghị quyết 01/2021 của Hội đồng thẩm phán TAND Tối cao, lãi suất vay không quá 20%/năm (1,67%/tháng) nên ai quá 5 lần mức này là cho vay nặng lãi.",NamSyntax/vietnamese-news-classification
namsyntax_1134175,"Mâu thuẫn tại đám cưới, phó trưởng thôn ở Nghệ An bị đâm tử vong",,36,,Pháp luật,"Đến nhà hàng xóm giúp đám cưới thì xảy ra mâu thuẫn, ông Hồng dùng dao đâm ông Lợi tử vong.",NamSyntax/vietnamese-news-classification
namsyntax_313365,Sức mạnh không quân kinh ngạc trên bầu trời Áo,,35,,Thế giới,"Triểm lãm Sức mạnh Không quân 2013 ở Zeltweg,
Steiermark (Áo) diễn ra trong 2 ngày 28 và 29/6, thu hút 200.000 người tham dự.",NamSyntax/vietnamese-news-classification
namsyntax_946865,"Hạ Man City, Chelsea lần thứ hai vô địch Champions League",,36,,Thể thao,Pha ghi bàn duy nhất của Kai Havertz mang về chiến thắng cho Chelsea trước Man City để lần thứ 2 vô địch Champions League.,NamSyntax/vietnamese-news-classification
namsyntax_745942,"Đất công cộng 'hoá thân' thành chung cư, trung tâm thương mại ở Bà Rịa-Vũng Tàu",,59,,Bất động sản,"Tỉnh Bà Rịa - Vũng Tàu có 6 dự án chung cư, căn hộ nghỉ dưỡng, tổ hợp dịch vụ du lịch vừa bị Thanh tra Chính phủ “điểm tên”  với nhiều tồn tại, khuyết điểm liên quan đến quy hoạch, thiết kế.",NamSyntax/vietnamese-news-classification
namsyntax_714527,Biệt thự 2.000 m2 hình chuồn chuồn nước,,42,,Bất động sản,Đà Nẵng - Thiết kế của Libellule Villa mượn ý tưởng hình dáng thanh thoát nhưng mạnh mẽ của loài chuồn chuồn nước và nổi bật bởi được kết hợp các yếu tố xanh.,NamSyntax/vietnamese-news-classification
namsyntax_911362,"Kết quả bóng đá hôm nay 7/9/2025: Sôi động vòng loại U23 châu Á, VL World Cup",,47,,Thể thao,Kết quả bóng đá hôm nay 7/9/2025 - Cập nhật kết quả các trận đấu bóng đá trong nước và quốc tế diễn ra đêm qua và rạng sáng nay.,NamSyntax/vietnamese-news-classification
namsyntax_1330056,Mẹo hay giảm đau khi bị chuột rút,,37,,Đời sống,"Chuột rút là tình trạng co thắt cơ đột ngột, gây đau dữ dội ở một bắp thịt, làm cho bệnh nhân không tiếp tục cử động được nữa.",NamSyntax/vietnamese-news-classification
namsyntax_463317,SH 300 triệu: Trai Việt sành điệu như Tây dọn vệ sinh,,29,,Kinh doanh,"SH ở nước ngoài chỉ để dọn vệ sinh, nhưng ở nước ta cho là đẳng cấp.",NamSyntax/vietnamese-news-classification
namsyntax_1055699,Cuộc thi sắc đẹp dành cho nam giới được tổ chức tại Việt Nam,,37,,Giải trí,Mister Grand International 2023 tại Việt Nam - cuộc thi sắc đẹp dành cho nam giới sẽ được tổ chức tại Việt Nam.,NamSyntax/vietnamese-news-classification
namsyntax_1328901,Đại chiến con dâu - mẹ chồng - chị chồng trong căn hộ 75m2,,43,,Đời sống,"Vợ chồng tôi sống chung với mẹ chồng và gia đình chị gái
chồng trong một căn hộ chung cư rộng 75m2. Mọi bi kịch từ đây mà ra...",NamSyntax/vietnamese-news-classification
namsyntax_681123,Canon ra mắt máy ảnh và máy in mới,,49,,Khoa học,Canon đã công bố ra mắt loạt 5 máy ảnh số mới và 8 máy in phun trong giai đoạn cuối năm 2011 cùng bộ vi xử lý DIGIC 5 tại thị trường Việt Nam vào ngày 9/11/2011 tại TP.HCM.,NamSyntax/vietnamese-news-classification
namsyntax_148088,"Xe giường nằm chồm dải phân cách, 40 khách thót tim",,43,,Thời sự,"Chiếc xe chạy với tốc độ cao tông vào xe tải trước khi lao lên dải
phân cách và bị nghiêng. Hàng chục hành khách trên xe trải qua phen thót
tim.",NamSyntax/vietnamese-news-classification
namsyntax_398142,Sự kiện chứng khoán đáng chú ý ngày 21/3,,61,,Kinh doanh,"Sự kiện chứng khoán 21/3: Tổng CTCP Địa ốc Novaland bổ sung điều khoản thánh toán trái phiếu bằng tài sản; bà Phạm Thị Thanh Huyền, chị gái ông Phạm Thanh Tùng - Chủ tịch HĐQT CTCP Chứng khoán Trí Việt mua thành công một nửa số cố phiếu đã đăng ký.",NamSyntax/vietnamese-news-classification
namsyntax_1341192,Vợ khôn là vợ biết 'giam lỏng' chồng,,43,,Đời sống,"“Không nên đối xử tốt với đàn ông, họ hay sinh tật. Nhưng cái sự đối xử
xấu ấy, mình chỉ nên để trong lòng, còn trước mặt thì vẫn phải giả lả,
ngọt ngào”.",NamSyntax/vietnamese-news-classification
namsyntax_801372,Tiền mất tật mang sau uống nước chanh để 'thải độc',,43,,Sức khỏe,"Mai 25 tuổi, ở Hà Nội, uống nước cốt chanh liên tục 10 buổi sáng để ""thải độc"", cuối cùng suy nhược, đau bụng do viêm loét dạ dày, phải nhập viện.",NamSyntax/vietnamese-news-classification
namsyntax_1190152,Kiểm tra IQ với bốn câu đố,,33,,Giáo dục,"Trong 30 giây, bạn cần tìm ra quy luật của dãy số trong các câu đố để điền đáp án chính xác vào dấu hỏi chấm.",NamSyntax/vietnamese-news-classification
namsyntax_395993,"Lo xuất tiêu, điều sang Trung Đông nguy cơ dính lừa, Bộ Công Thương khuyến cáo",,66,,Kinh doanh,"Bộ Công Thương vừa có công hàm gửi Đại sứ quán UAE tại Hà Nội đề nghị Đại sứ quán thông báo với các cơ quan có thẩm quyền liên quan xem xét và xử lý vụ việc nghi lừa đảo xuất khẩu điều, quế, tiêu với doanh nghiệp Việt.",NamSyntax/vietnamese-news-classification
namsyntax_250561,Tình yêu với những chú chó 'ngoại giao' của Tổng thống Putin,,46,,Thế giới,"Ông Putin được biết tới là người vô cùng yêu mến loài chó, và rất nhiều quốc gia trên thế giới đã gửi tặng những chú chó đặc biệt tới nhà lãnh đạo Nga.",NamSyntax/vietnamese-news-classification
namsyntax_90655,Sân bay Tân Sơn Nhất mở thêm làn cho một hãng xe công nghệ ở tầng 1,,46,,Thời sự,Một hãng xe công nghệ vừa đạt thỏa thuận với sân bay Tân Sơn Nhất trong việc đấu thầu đón khách tại khu vực tầng trệt nhà xe TCP.,NamSyntax/vietnamese-news-classification
namsyntax_325511,Dấu ấn ví điện tử của Viettel ở châu Phi,,44,,Kinh doanh,Ví điện tử của Lumitel - công ty con thuộc Tập đoàn Viettel tại Burundi (châu Phi) đã xây dựng hệ thống kênh phân phối với 16.793 đại lý bao phủ phần lớn Burundi.,NamSyntax/vietnamese-news-classification
namsyntax_413096,"4 mẹo chọn vải thiều ngon ngọt, không bị sâu đầu",,28,,Kinh doanh,"Muốn chọn được những quả ngon ngọt, chị em đừng bỏ qua những bí quyết này nhé.",NamSyntax/vietnamese-news-classification
namsyntax_732516,"Condotel, biệt thự biển cam kết trên trời, “gót chân Asin” lộ diện",,52,,Bất động sản,"Đối với những condotel, biệt thự biển mà chủ đầu tư cam kết lợi nhuận từ 8 - 12%, thì trong giá bán có thể đã được nâng lên, đủ để chi trả khoản cam kết lợi nhuận này.",NamSyntax/vietnamese-news-classification
namsyntax_270819,Vệ binh quốc gia tái triển khai tại thủ đô Washington,,42,,Thế giới,Khoảng 400 binh sĩ thuộc Vệ binh quốc gia Mỹ được điều động ở thủ đô Washington nhằm bảo vệ nhiều tượng đài lịch sử khỏi đám đông người biểu tình.,NamSyntax/vietnamese-news-classification
namsyntax_1028525,'Đứa trẻ được nuôi trong chuồng chó' - sang chấn tâm lý tuổi thơ,,39,,Giải trí,"""Đứa trẻ được nuôi trong chuồng chó"" nêu kiến thức về lĩnh vực tâm thần nhi với mong muốn ngăn ngừa, chữa lành nỗi đau.",NamSyntax/vietnamese-news-classification
namsyntax_1096641,Mix đồ cho chàng công sở diện thu đông,,37,,Giải trí,"Thời trang công sở thu đông thường không có quá nhiều kiểu mẫu, thông thường là những mẫu cơ bản như áo phao, áo măng tô, áo len...",NamSyntax/vietnamese-news-classification
namsyntax_691094,UAE lạc quan giải pháp cho BlackBerry trước giờ G,,52,,Khoa học,"Một quan chức cao cấp của Các Tiểu Vương quốc Arập thống nhất (UAE) cho biết họ rất lạc quan về việc đạt được một thỏa thuận cho vấn đề gây tranh cãi với RIM, nhà sản xuất điện thoại BlackBerry, trước",NamSyntax/vietnamese-news-classification
namsyntax_307800,"Cháy mỏ than ở TQ, hàng chục người chết",,44,,Thế giới,"Ít nhất 24 thợ mỏ tử vong và 54 người khác bị thương khi hỏa hoạn xảy ra
dưới hầm tại một mỏ than ở tỉnh Liêu Ninh, đông bắc Trung Quốc, sáng nay
(26/11).",NamSyntax/vietnamese-news-classification
namsyntax_58945,Tài xế ô tô chở hổ sống 200kg vọt ga bỏ chạy khi thấy công an,,55,,Thời sự,"Một người đàn ông được thuê vận chuyển một cá thể hổ sống với trọng lượng khoảng 200kg với giá 3 triệu đồng. Khi phát hiện lực lượng chức năng, người này ra sức chống đối nhằm trốn thoát.",NamSyntax/vietnamese-news-classification
namsyntax_394095,Trang sức nâng tầm phong thái nữ doanh nhân,,38,,Kinh doanh,"Trang sức đóng vai trò quan trọng trong hoàn thiện phong cách góp phần tô điểm vẻ đẹp các nữ doanh nhân, nâng tầm phong thái nhà lãnh đạo.",NamSyntax/vietnamese-news-classification
namsyntax_582635,5 điều cần biết về scandal Apple làm chậm iPhone cũ,,50,,Khoa học,"Apple vừa xác nhận rằng hãng này đã chủ ý làm chậm iPhone cũ với mục đích giúp máy hoạt động tốt hơn khi pin kém đi. Tuy nhiên, sự thật đằng sau lời biện minh này là gì?",NamSyntax/vietnamese-news-classification
namsyntax_797067,Cô gái 18 tuổi bị thuyên tắc phổi,,31,,Sức khỏe,"TP HCM - Nhi, 18 tuổi, khó thở, đau ngực, nhịp tim nhanh bất thường, bác sĩ chẩn đoán bị thuyên tắc phổi.",NamSyntax/vietnamese-news-classification
namsyntax_344898,Doanh nghiệp đang gặp khó khăn gì về lao động?,,44,,Kinh doanh,VnExpress và Ban Nghiên cứu Phát triển Kinh tế tư nhân thực hiện khảo sát khó khăn của các doanh nghiệp về lao động nhằm giúp Chính phủ xây dựng chính sách phù hợp.,NamSyntax/vietnamese-news-classification
namsyntax_452302,Tái cơ cấu ngân hàng: Khởi động giai đoạn 2,,35,,Kinh doanh,Nếu ngân hàng nào khởi động tốt ở giai đoạn 1 rất có thể sẽ bị chậm chân hay hụt hơi trong giai đoạn 2.,NamSyntax/vietnamese-news-classification
namsyntax_315393,Nữ tổng thống Hàn và vô vàn phép thử khó,,42,,Thế giới,"Ngay cả khi Hàn Quốc chưa biết ai sẽ làm Tổng thống nhiệm kỳ tới, ai cũng
hiểu một trong những thách thức lớn nhất dành cho họ sẽ là Triều Tiên.",NamSyntax/vietnamese-news-classification
namsyntax_797305,"10.000 dân Việt chỉ có 0,25 nhân viên phục hồi chức năng",,48,,Sức khỏe,"Việt Nam ghi nhận tỷ lệ 0,25 người làm ngành phục hồi chức năng trên 10.000 dân, rất thấp và chưa đáp ứng nhu cầu chăm sóc người bệnh trong bối cảnh già hóa dân số.",NamSyntax/vietnamese-news-classification
namsyntax_735692,Bị can vụ đường ống nước sông Đà kêu oan trước ngày xét xử,,60,,Bất động sản,"Vụ án vỡ đường ống nước sạch sông Đà – Hà Nội sắp được xét xử . Trong số các bị can bị VKSNDTC truy tố trong vụ án này, 4 bị can là thành viên Đoàn tư vấn giám sát thi công đang kêu oan.",NamSyntax/vietnamese-news-classification
namsyntax_722192,Hà Nội tháo dỡ công trình sai phép trong khu du lịch 233ha,,64,,Bất động sản,"- Trong số 12 công trình vi phạm, không nêu tại báo cáo của UBND huyện Thạch Thất (Hà Nội), Sở Xây dựng yêu cầu chủ đầu tư tự tháo dỡ 1 công trình vi phạm, các công trình khác đề xuất giữ nguyên hiện trạng nếu phù hợp quy hoạch…",NamSyntax/vietnamese-news-classification
namsyntax_147338,CSIS: Trung Quốc chuẩn bị xây đường băng thứ 2 ở Trường Sa,,55,,Thời sự,"Trung tâm nghiên cứu chiến lược và quốc tế (CSIS) ở Washington (Mỹ) cho hay Trung Quốc có khả năng đang chuẩn bị xây
dựng trái phép đường băng thứ hai dài 3.000 mét tại một đảo nhân tạo ở
Biển Đông.",NamSyntax/vietnamese-news-classification
namsyntax_1059833,Hà Uyển Linh ra MV 'Tình' sau 4 năm ở ẩn,,50,,Giải trí,"Sau 4 năm giành quán quân 'Dấu chân showbiz', Hà Uyển Linh ẩn mình để đi du học tại Nga. Cô vừa về nước ra mắt MV 'Tình' kể về tình yêu bất tận với âm nhạc Việt Nam.",NamSyntax/vietnamese-news-classification
namsyntax_293494,Ngân hàng Trung ương bị tin tặc lấy cắp 31 triệu USD,,39,,Thế giới,Các tin tặc đã lấy cắp hơn 2 tỷ ruble (31 triệu USD) từ các tài khoản thường xuyên giao dịch tại Ngân hàng Trung ương Nga.,NamSyntax/vietnamese-news-classification
namsyntax_923880,Klopp bật mí chiêu giúp Liverpool thắng ngược Fulham trong 3 phút,,37,,Thể thao,Liverpool thắng ngược Fulham 2-1 ở bán kết League Cup. Thuyền trưởng Jurgen Klopp bật mí cách thúc đẩy học trò xoay chuyển tình thế.,NamSyntax/vietnamese-news-classification
namsyntax_1303560,Bánh cookie Majestic - quà Tết tinh tế bày tỏ yêu thương,,43,,Đời sống,"Tết Nguyên đán Ất Tỵ, Richy giới thiệu “món quà biết nói” - dòng bánh cookie hộp thiếc Majestic gói trọn lời chúc tốt lành, tình yêu thương đến người nhận.",NamSyntax/vietnamese-news-classification
namsyntax_1241232,Các trường thành viên ĐH Đà Nẵng công bố điểm chuẩn,,30,,Giáo dục,"Chiều tối ngày 30/7, các trường thành viên của ĐH Đà Nẵng công bố điểm chuẩn đại học 2017.",NamSyntax/vietnamese-news-classification
namsyntax_1096118,Gợi ý trang phục tuyệt đẹp với áo trễ vai,,38,,Giải trí,Với những cách phối đồ khéo léo trong các gợi ý sau đây mang đến cho các tín đồ thời trang nhiều phong cách độc đáo ấn tượng.,NamSyntax/vietnamese-news-classification
namsyntax_1040144,"Tự Long tiết lộ chuyến bay đáng nhớ lúc 4h sáng, Quốc Thiên nén nỗi đau lớn để hát",,49,,Giải trí,"Tự Long cùng dàn nghệ sĩ ""Anh trai vượt ngàn chông gai"" bày tỏ cảm xúc hạnh phúc, biết ơn khán giả sau 2 đêm diễn thành công ở TPHCM.",NamSyntax/vietnamese-news-classification
namsyntax_895107,Chạy giữa miền xanh,,81,,Thể thao,"Núi Hàm Lợn (Sóc Sơn) luôn là ""chân ái"" đối với tôi mỗi dịp cuối tuần tập luyện cho các giải trail cuối năm. Là người yêu thiên nhiên hoang dã, yêu núi rừng, yêu màu xanh của cỏ cây hoa lá và là một chiếc Đại Lâm Mộc đích thực, nên về với thiên nhiên, với tôi, như về với ngôi nhà thứ hai của mình vậy: tự do, thoải mái và tràn đầy năng lượng.",NamSyntax/vietnamese-news-classification
namsyntax_485517,Dự án cầu vòm bất đối xứng có nhịp dài nhất thế giới,,41,,Khoa học,Trung Quốc hôm 9/8 hoàn thành cấu trúc khó thi công nhất của cây cầu vòm bất đối xứng dài 462 m bắc qua thung lũng sông Youshui.,NamSyntax/vietnamese-news-classification
namsyntax_661196,Apple tuyên bố an toàn trước,,51,,Khoa học,"Apple vừa chính thức khẳng định rằng hệ điều hành di động, hệ điều hành
máy tính và các dịch vụ web của hãng này đều an toàn trước lỗ hổng
HeartBleed đang đe dọa hàng ngàn website và dịch vụ trên toàn thế giới.",NamSyntax/vietnamese-news-classification
namsyntax_1206170,Nam sinh mê Hóa là thủ khoa học sinh giỏi của Hà Nội,,52,,Giáo dục,"Là con nhà nòi, Phan Trung Hưng biết đến Hóa học từ nhỏ, dần say mê và chăm chỉ học hỏi, rồi trở thành thủ khoa thi học sinh giỏi lớp 9 của Hà Nội ở môn học này.",NamSyntax/vietnamese-news-classification
namsyntax_1296742,Những 'mẹ hổ' ở Gangnam sống cả đời vì ước mơ của con,,40,,Đời sống,Nhiều bậc cha mẹ ở Hàn Quốc sẵn sàng hy sinh sự nghiệp cá nhân để cùng con chạy đua vào các trường đại học danh tiếng.,NamSyntax/vietnamese-news-classification
namsyntax_385045,"Điểm danh các DN bảo hiểm làm ăn bết bát, có nơi lỗ hơn 6.300 tỷ đồng",,67,,Kinh doanh,"Năm 2024, “dư chấn” của cơn khủng hoảng ngành bảo hiểm nhân thọ từ năm 2022 vẫn chưa dứt. Số lượng doanh nghiệp bảo hiểm nhân thọ ghi nhận lợi nhuận năm 2024 sụt giảm chiếm thế áp đảo, trong đó có những doanh nghiệp ghi nhận lợi nhuận âm.",NamSyntax/vietnamese-news-classification
namsyntax_222020,Canh bạc của Ukraine trước thềm bầu cử tổng thống Mỹ,,40,,Thế giới,"Tổng thống Zelensky dường như muốn dốc sức cải thiện vị thế Ukraine trên chiến trường, trước khi bầu cử tổng thống Mỹ có thể đảo lộn mọi thứ.",NamSyntax/vietnamese-news-classification
namsyntax_467039,"Biến vịt thải thành chim sẻ, cút thối thành bồ câu",,45,,Kinh doanh,"Vì lợi nhuận,
các gian thương bằng ngón nghề chế biến tinh xảo đã hô biến vịt con chết, chim
cút thải loại, thậm chí cả thịt chuột thành món chim quay vàng ươm.",NamSyntax/vietnamese-news-classification
namsyntax_1333310,Cậu bé tự nhổ răng bằng... cung tên,,43,,Đời sống,"Đoạn clip quay lại hình ảnh một cậu bé tự nhổ răng của mình bằng... cung tên. Theo nhiều người xem, ý tưởng nhổ răng hài hước này có thể là của bố cậu bé.",NamSyntax/vietnamese-news-classification
namsyntax_1152895,Người dân đốt pháo hoa thế nào mới đúng luật?,,39,,Pháp luật,"Pháo hoa khi có tác động sẽ tạo ra các hiệu ứng âm thanh, ánh sáng, màu sắc trong không gian và đặc biệt không gây ra tiếng nổ.",NamSyntax/vietnamese-news-classification
namsyntax_1129474,Nhóm cướp dùng phụ nữ gọi cửa chủ nhà giàu có,,41,,Pháp luật,"Mỹ - Chaka Castro, 44 tuổi, chỉ tổ chức gây án với người gốc châu Á và Ấn Độ vì cho rằng nạn nhân thường cất nhiều tiền ở nhà.",NamSyntax/vietnamese-news-classification
namsyntax_806568,5 thực phẩm nhiều purin dễ làm tăng acid uric,,43,,Sức khỏe,"Người mắc chứng tăng acid uric máu nên hạn chế các món giàu purin như nội tạng động vật, hải sản, thịt đỏ, nước ngọt để giữ chỉ số ở mức an toàn.",NamSyntax/vietnamese-news-classification
namsyntax_692523,Phòng thí nghiệm ăng-ten cho iPhone,,49,,Khoa học,"Sau buổi họp báo để giải quyết những rắc rối từ iPhone 4, Apple đã mời một số phóng viên báo chí thăm quan phòng thử nghiệm ăng-ten trị giá 100 triệu USD của mình nhằm lấy lại lòng tin của giới truyền",NamSyntax/vietnamese-news-classification
namsyntax_1228761,Bridges to Finland - Khi cộng đồng là cầu nối vững chắc cho hành trình du học,,61,,Giáo dục,"Tại sự kiện “Bridges to Finland: Past, Present, Future”, từng câu chuyện của du học sinh Phần Lan chạm đến trái tim nhiều phụ huynh và học sinh - đặc biệt là những người đang đứng trước quyết định quan trọng cho tương lai.",NamSyntax/vietnamese-news-classification
namsyntax_914171,U16 Việt Nam gặp các đối thủ rất mạnh ở giải quốc tế tại Trung Quốc,,42,,Thể thao,"U16 Việt Nam tham dự giải bóng đá U16 quốc tế 2025, diễn ra từ ngày 26/5 đến ngày 1/6/2025 tại thành phố Hohhot, Trung Quốc.",NamSyntax/vietnamese-news-classification
namsyntax_1222522,"Đề thi học sinh giỏi quốc gia môn Toán, Ngữ văn năm 2024",,41,,Giáo dục,"Sáng nay, thí sinh dự thi học sinh giỏi quốc gia THPT 2024-2025 đã làm bài thi môn Ngữ văn và môn Toán với thời gian 180 phút.",NamSyntax/vietnamese-news-classification
namsyntax_1030699,Châu Kiệt Luân kỷ niệm 10 năm kết hôn,,33,,Giải trí,"""Ông hoàng showbiz Đài Loan"" Châu Kiệt Luân và vợ - Côn Lăng - sang châu Âu kỷ niệm 10 năm về một nhà.",NamSyntax/vietnamese-news-classification
namsyntax_1320820,Cô gái thích hẹn hò đàn ông có vợ khiến chàng HLV quỳ gối cầu hôn,,51,,Đời sống,"Nhận mình là cô gái thích quen với những người đàn ông lớn tuổi, kể cả những người đã có vợ, Nguyễn Thị Anh khiến chàng huấn luyện viên tennis phải quỳ xuống cầu hôn.",NamSyntax/vietnamese-news-classification
namsyntax_1172043,Dùng gậy golf truy sát người trên phố đi bộ Bạch Đằng,,43,,Pháp luật,"Đà Nẵng - Nguyễn Toàn Quốc Dư lấy gậy golf đánh thiếu niên, trong khi 5 đồng phạm dùng vỏ chai bia ném khiến nạn nhân chấn thương nặng vùng đầu.",NamSyntax/vietnamese-news-classification
namsyntax_834310,Bé 6 tuổi thành ngôi sao mạng xã hội nhờ cơ bắp 6 múi cuồn cuộn,,60,,Sức khỏe,"Ngay từ khi còn nhỏ, Arat (người Iran) đã được bố cho tập thể thao nên sớm có thân hình rắn chắc. Hiện cậu bé trở thành ngôi sao trên mạng với các loạt ảnh, video lên tới hàng trăm nghìn lượt tương tác.",NamSyntax/vietnamese-news-classification
namsyntax_789827,Giải pháp hỗ trợ giảm đau xương khớp cho người già,,37,,Sức khỏe,"Tập thể dục thường xuyên, nạp đủ vitamin và khoáng chất thiết yếu là cách giúp duy trì sức khỏe xương khớp cho người lớn tuổi.",NamSyntax/vietnamese-news-classification
namsyntax_850076,Chàng muốn nghe gì khi ân ái?,,39,,Sức khỏe,"Đối với nam giới, không có gì gợi
cảm hơn tiếng rên khe khẽ của phụ nữ khi ân ái. Họ càng mãnh liệt hơn khi người
phụ nữ gọi tên họ…",NamSyntax/vietnamese-news-classification
namsyntax_801989,Vì sao phụ nữ trên 30 tuổi cần phòng ngừa HPV?,,32,,Sức khỏe,"Phụ nữ 30-45 tuổi có thể nhiễm dai dẳng chủng HPV nguy cơ cao gây ung thư, nên phòng ngừa sớm.",NamSyntax/vietnamese-news-classification
namsyntax_969291,"Neymar nhảy điệu samba, Brazil giành vé tứ kết",,39,,Thể thao,"Neymar đã có trận đấu xuất sắc, trực tiếp ghi 1 bàn và tham gia bàn còn lại, giúp Brazil có chiến thắng 2-0 trước Mexico, giành vé tứ kết.",NamSyntax/vietnamese-news-classification
namsyntax_1150669,Phát hiện gần 4kg nghi cần sa của khách nhập cảnh tại sân bay Đà Nẵng,,44,,Pháp luật,"Cục Hải quan (Bộ Tài chính) vừa cho biết, đã bắt giữ 3,745kg vật phẩm nghi là cần sa tại Cửa khẩu sân bay quốc tế Đà Nẵng.",NamSyntax/vietnamese-news-classification
namsyntax_1278452,Gen Z bị chê kém duyên khi giao tiếp công sở,,38,,Đời sống,"Những thông báo vắng mặt cụt lủn, đùn đẩy trách nhiệm với cấp trên khiến người trẻ bị đánh giá thiếu chuyên nghiệp ở nơi công sở.",NamSyntax/vietnamese-news-classification
namsyntax_831753,Đà Nẵng sẵn sàng chi viện các tỉnh có ca nhiễm Covid-19,,33,,Sức khỏe,"Bác sĩ, nhân viên y tế của Đà Nẵng sẵn sàng chi viện cho các địa phương có ca nhiễm Covid-19.",NamSyntax/vietnamese-news-classification
namsyntax_276855,Oanh tạc cơ lẫy lừng từng đâm vào tòa nhà biểu tượng Mỹ,,45,,Thế giới,"Từng giành được những chiến công lẫy lừng trong suốt Thế Chiến 2, nhưng khi trở lại nước Mỹ, chiến cơ này lại gây ra vụ tai nạn rúng động cả nước.",NamSyntax/vietnamese-news-classification
namsyntax_728133,Chung cư Nam Xa La: Dân tố thêm hàng loạt sai phạm khác,,53,,Bất động sản,"Ngoài việc tự ý chia nhỏ các căn hộ tầng 2, tầng 3 để bán, liên doanh chủ đầu tư dự án chung cư Nam Xa La còn khiến cư dân bức xúc vì hàng loạt các sai phạm khác.",NamSyntax/vietnamese-news-classification
namsyntax_114413,Kiểm lâm Nghệ An chưa nghe báo cáo rừng sa mu bị chặt hạ,,40,,Thời sự,"Chi cục trưởng Chi cục Kiểm lâm Nghệ An Bạch Quốc Dũng cho hay, ông chưa nghe báo cáo việc rừng sa mu bị chặt hạ.",NamSyntax/vietnamese-news-classification
namsyntax_1012442,Mỹ nhân Việt bày cách chăm sóc da sau tuổi 30,,32,,Giải trí,"Bảo Thy dùng vaseline, Hà Hồ thường đắp mặt nạ thạch, còn Tăng Thanh Hà chuộng các loại dầu thiên nhiên.",NamSyntax/vietnamese-news-classification
namsyntax_899926,Amorim: 'Rashford vẫn có thể ở lại Man Utd nếu nỗ lực',,34,,Thể thao,HLV Ruben Amorim khẳng định sẽ trọng dụng Marcus Rashford nếu tiền đạo này nỗ lực và chứng minh được năng lực.,NamSyntax/vietnamese-news-classification
namsyntax_1135659,Thanh niên đổ xăng đốt nhà người dân ở chung cư Đà Nẵng,,54,,Pháp luật,"Công an phường Hòa Thọ Đông (quận Cẩm Lệ, TP Đà Nẵng) đang lấy lời khai Lê Đình Hiệp (SN 1993, trú phường Thạch Thang, quận Hải Châu) để làm rõ hành vi châm lửa đốt nhà của một cư dân.",NamSyntax/vietnamese-news-classification
namsyntax_1180009,Cựu cán bộ xã Đồng Tâm 'ăn' đất bị đề nghị án mức án thế nào?,,69,,Pháp luật,"Sau 2 ngày xét xử, Viện Kiểm sát Nhân dân huyện Mỹ Đức, Hà Nội đề nghị tòa tuyên mức án cao nhất là 7-8 năm tù với Nguyễn Xuân Trường (nguyên cán bộ địa chính xã Đồng Tâm), các bị cáo còn lại bị đề nghị tuyên phạt từ 20-60 tháng tù.",NamSyntax/vietnamese-news-classification
namsyntax_801972,Dầu nhuyễn thể Omega 3 - giải pháp chăm sóc sức khỏe từ biển,,43,,Sức khỏe,"Viên nang Super Omega 3 Krill Oil giàu Omega 3, chiết xuất từ nhuyễn thể ở vùng biển Nam cực, hỗ trợ chống oxy hóa, bảo vệ sức khỏe.",NamSyntax/vietnamese-news-classification
namsyntax_222923,Ông Trump tuyên bố là 'cha đẻ của thụ tinh trong ống nghiệm',,42,,Thế giới,"Ông Trump tuyên bố mình là ""cha đẻ"" của phương pháp thụ tinh trong ống nghiệm, vốn đang gây tranh cãi ở Mỹ về vấn đề quyền phá thai.",NamSyntax/vietnamese-news-classification
namsyntax_714488,Giá thuê mặt bằng bán lẻ khu trung tâm Hà Nội tăng mạnh,,43,,Bất động sản,Thị trường phục hồi cùng làn sóng mở rộng của các thương hiệu hạng sang khiến giá thuê mặt bằng tại khu vực trung tâm Hà Nội tăng đáng kể.,NamSyntax/vietnamese-news-classification
namsyntax_201427,Phu nhân ông Abe cảm ơn Chủ tịch nước Nguyễn Xuân Phúc,,45,,Thế giới,"Bà Akie và Thủ tướng Nhật cảm ơn Chủ tịch nước Nguyễn Xuân Phúc dự tang lễ ông Shinzo Abe, coi đây là minh chứng cho quan hệ khăng khít giữa hai nước.",NamSyntax/vietnamese-news-classification
namsyntax_299718,Mỹ điều máy bay tàng hình tối tân F-22 tới Nhật Bản,,65,,Thế giới,"Mỹ gần đây đã triển khai 8 máy bay tàng hình F-22 tới căn cứ không quân Yokota, nằm ở phía tây thủ đô Tokyo, trong một động thái phô trương sức mạnh quân sự trước những diễn biến phức tạp tại khu vực Đông Á, tờ Asahi Shimbun ngày 21/1 đưa tin.",NamSyntax/vietnamese-news-classification
namsyntax_1134801,Bắt người đàn ông liên tục ném đá vào khách du lịch trên đỉnh Phia Oắc,,57,,Pháp luật,"Nghi phạm Nông Văn Thực ném đá vào các xe chở khách lên đỉnh núi Phia Oắc (Cao Bằng), tấn công người dân, với mục đích không cho họ đến thắp hương, làm lễ tại miếu hoang trên đỉnh Phia Oắc.",NamSyntax/vietnamese-news-classification
namsyntax_1277233,15 năm sống dưới gầm cầu để nghiên cứu xổ số,,43,,Đời sống,"Trung Quốc - 15 năm qua, Vương Thành Chu sống dưới chân cầu vượt sông Dương Tử ở Trùng Khánh để nghiên cứu xổ số với hy vọng có ngày đổi đời.",NamSyntax/vietnamese-news-classification
namsyntax_412264,Một cá nhân chi 380 tỷ gom cổ phiếu công ty chứng khoán,,43,,Kinh doanh,"Ông Nguyễn Hoàng Hiệp bỏ ra khoảng 380 tỷ đồng để mua 17 triệu cổ phiếu VDS, tương đương 17% vốn của Công ty Cổ phần Chứng khoán Rồng Việt.",NamSyntax/vietnamese-news-classification
namsyntax_208166,Ba thanh niên Mỹ ném đá trên cao tốc khiến tài xế thiệt mạng,,44,,Thế giới,"Ba thanh niên ở bang Colorado ném tảng đá lớn vào ôtô của nữ tài xế trên đường cao tốc, khiến cô lao xe xuống cánh đồng và thiệt mạng.",NamSyntax/vietnamese-news-classification
namsyntax_120149,Xem nhà vườn đưa 'đào tiến Vua' vào phòng điều hòa đợi Tết bung nở,,45,,Thời sự,"Hàng chục gốc đào thất thốn đắt giá, được một nhà vườn ở Nhật Tân (Tây Hồ, Hà Nội) cho vào phòng lạnh, mở điều hòa để tránh nở sớm.",NamSyntax/vietnamese-news-classification
namsyntax_1096258,"Ngọc Trinh - 'đại gia ngầm' bên siêu xe 12 tỷ, giàu cỡ nào?",,58,,Giải trí,"Sở hữu chung cư tiện nghi, xe sang hơn chục tỷ, hàng hiệu nhiều không đếm xuể, sẵn sàng bỏ ra 20 tỷ để mua một chiếc sim, bỏ tiền tỷ làm phim miễn phí... chứng tỏ Ngọc Trinh là ""đại gia"" thực sự.",NamSyntax/vietnamese-news-classification
namsyntax_703759,Chuyển từ hậu kiểm sang tiền kiểm,,40,,Khoa học,"– Trước hết, thuê bao trả trước đăng ký mới sẽ bị quản lý chặt hơn, sau đó thông qua cơ sở dữ liệu của các DN để kiểm tra tính xác thực.",NamSyntax/vietnamese-news-classification
namsyntax_1275949,PNJ ra mắt BST trang sức tôn vinh bản lĩnh người lãnh đạo,,46,,Đời sống,"BST “Niềm tin” ra mắt nhằm tôn vinh thành tựu, bản lĩnh doanh nhân Việt Nam, truyền cảm hứng để họ vững tin, vượt thách thức trong giai đoạn kinh tế biến động.",NamSyntax/vietnamese-news-classification
namsyntax_1161259,Cựu trưởng phòng bị bắt vì đề xuất trái luật trong quản lý đất,,51,,Pháp luật,"Lạng Sơn - Bà Lại Thị Vân, cựu trưởng Phòng Tài nguyên và Môi trường thành phố Lạng Sơn, bị bắt với cáo buộc ký đề nghị chuyển đổi mục đích sử dụng đất trái quy định.",NamSyntax/vietnamese-news-classification
namsyntax_623252,"DN viễn thông, nước ngoài có thể là đối tác chiến lược khi cổ phần hóa VTVcab",,80,,Khoa học,"– VTV đang trong quá trình lựa chọn đối tác chiến lược để thực hiện cổ phần hóa VTVcab, hiện đã có nhiều nhà đầu tư muốn tham gia, trong đó có cả tập đoàn viễn thông và đối tác nước ngoài. VTV sẽ bán tối đa 49% vốn tại VTVcab và hoàn thành cổ phần hóa doanh nghiệp này trong năm 2016.",NamSyntax/vietnamese-news-classification
namsyntax_131439,Hà Nội: Hai bệnh nhân tử vong sau khi gây mê tại bệnh viện,,44,,Thời sự,"Sau khi gây mê 5 phút để cắt amidan, bệnh nhân có dấu hiệu ngừng tim, lập tức được chuyển sang BV Bạch Mai cấp cứu nhưng không qua khỏi.",NamSyntax/vietnamese-news-classification
namsyntax_867363,Klopp: 'UEFA làm trò hề vì tham tiền',,36,,Thể thao,"HLV Liverpool Jurgen Klopp phản đối thể thức mới của Champions League, cáo buộc UEFA vì tiền mà thiếu tôn trọng các đội bóng, HLV hay cầu thủ.",NamSyntax/vietnamese-news-classification
namsyntax_632514,Mở đợt cao điểm xử lý vi phạm quảng cáo thực phẩm chức năng,,60,,Khoa học,"Bộ Y Tế vừa có Công văn gửi Bộ TT&TT, đề nghị Bộ TT&TT chỉ đạo các đơn vị liên quan tổ chức những đợt cao điểm về xử lý vi phạm về quảng cáo thực phẩm chức năng theo đúng quy định của pháp luật.",NamSyntax/vietnamese-news-classification
namsyntax_107687,Xuất hiện hàng loạt 'nhà ở di động' cho xe rác trên các tuyến phố Thủ đô,,50,,Thời sự,"Thời gian gần đây, trên nhiều tuyến phố Hà Nội xuất hiện một số ""ngôi nhà di động"" chứa xe để rác vừa sạch sẽ, gọn gàng vừa hạn chế mùi hôi thối.",NamSyntax/vietnamese-news-classification
namsyntax_1151533,"Nối lại tình xưa không thành, giết luôn ‘người trong mộng’",,39,,Pháp luật,"Bực tức vì yêu cầu quá đáng của người yêu cũ, Danh rút dao đâm chết, cướp đi trang sức, điện thoại và xe máy rồi bỏ trốn.",NamSyntax/vietnamese-news-classification
namsyntax_325286,Bộ Tài chính yêu cầu hãng bay niêm yết giá vé thống nhất,,43,,Kinh doanh,"Cục quản lý giá vừa có văn bản đề nghị các hãng hàng không niêm yết giá đã bao gồm thuế, phí để tránh gây nhầm lẫn cho khách hàng.",NamSyntax/vietnamese-news-classification
namsyntax_874542,Covid-19 'tấn công' CLB Bình Định,,30,,Thể thao,Đội bóng đất võ đứng trước nguy cơ không thể đá trận khai mạc V-League khi gần hai phần ba quân số nhiễm Covid-19.,NamSyntax/vietnamese-news-classification
namsyntax_1254290,Những điều cấm kỵ trong kỳ thi tốt nghiệp 2013,,49,,Giáo dục,"Khai man hồ sơ thi hoặc nhờ người thi hộ có thể bị cấm thi từ 1 đến 2 năm là một
trong nhiều nội dung tại Quy chế thi tốt nghiệp THPT do Bộ GD-ĐT vừa ban hành.",NamSyntax/vietnamese-news-classification
namsyntax_65567,Cảnh sát truy lùng người đàn ông sát hại 3 người ở Khánh Hòa,,50,,Thời sự,"Trong cơn tức giận, người đàn ông sát hại vợ mình và đoạt mạng 2 phụ nữ khác khi họ can ngăn. Vụ việc diễn ra tại xã Diên Xuân (huyện Diên Khánh, tỉnh Khánh Hòa).",NamSyntax/vietnamese-news-classification
namsyntax_344067,Trung tâm thương mại nhộn nhịp trở lại,,33,,Kinh doanh,Hà Nội - Các trung tâm thương mại bắt đầu đông khách trong ngày cuối tuần đầu tiên từ khi được hoạt động trở lại.,NamSyntax/vietnamese-news-classification
namsyntax_213867,'Pháo phun lửa' Nga tập kích lực lượng Ukraine vượt sông,,39,,Thế giới,"Nga sử dụng pháo nhiệt áp TOS-1A Nga bắn phá dữ dội làng Krynki, nơi nhiều binh sĩ Ukraine đang bám trụ sau chiến dịch vượt sông Dnieper.",NamSyntax/vietnamese-news-classification
namsyntax_1196136,Thầy giáo Thể dục đánh nhiều học sinh,,31,,Giáo dục,Lai Châu - Một giáo viên Thể dục ở huyện Than Uyên bị ghi lại hình ảnh đang đánh đập nhiều nam sinh.,NamSyntax/vietnamese-news-classification
namsyntax_1159425,"Cựu đội phó hình sự khóc, xin giảm án",,46,,Pháp luật,"TP HCM - Đoàn Hồng Phúc, nguyên đội phó hình sự quận Tân Phú, thừa nhận sai khi nhận tiền của nhóm tổ chức đánh bạc và bật khóc xin toà xem xét giảm nhẹ hình phạt.",NamSyntax/vietnamese-news-classification
namsyntax_1202827,Trường quân đội đầu tiên xét tuyển bằng điểm thi đánh giá năng lực,,47,,Giáo dục,"Học viện Kỹ thuật quân sự xét tuyển dựa vào điểm thi đánh giá năng lực của hai Đại học quốc gia từ năm nay, bên cạnh các phương thức như năm ngoái.",NamSyntax/vietnamese-news-classification
namsyntax_1188219,Nhà vô địch Olympia cảm ơn những người tiếp sức,,45,,Giáo dục,"Nghệ An - Trần Thế Trung, thí sinh vô địch Olympia năm thứ 19, gửi lời cảm ơn người thân, thầy cô trường THPT chuyên Phan Bội Châu luôn ủng hộ trong thời gian qua.",NamSyntax/vietnamese-news-classification
namsyntax_536987,Lý do chỉ một trang trại điện gió Trung Quốc hư hại do bão Yagi,,47,,Khoa học,Thiết kế turbine gió tự điều chỉnh độ lệch theo chiều gió giúp các trang trại điện gió ven biển Trung Quốc ít bị hư hỏng trước sức tàn phá của bão.,NamSyntax/vietnamese-news-classification
namsyntax_330333,Chứng khoán Mỹ tiếp tục đi lên,,35,,Kinh doanh,"Cổ phiếu Boeing tăng vọt, kế hoạch mở cửa kinh tế của Trump và sự kỳ vọng vào thuốc chữa Covid-19 giúp các chỉ số chính tăng điểm.",NamSyntax/vietnamese-news-classification
namsyntax_198757,Nga công bố video chiến dịch chiếm sân bay Ukraine,,39,,Thế giới,"Truyền thông Nga công bố video lực lượng đổ bộ đường không tấn công, kiểm soát sân bay Antonov ở ngoại ô thủ đô Kiev của Ukraine ngày 24/2.",NamSyntax/vietnamese-news-classification
namsyntax_894359,Runner làm thế nào để có giấc ngủ ngon,,36,,Thể thao,"Tìm hiểu về cơ chế hình thành giấc ngủ sẽ giúp runner biết cách để ngủ ngon, qua đó nâng cao thể chất phục vụ tập luyện.",NamSyntax/vietnamese-news-classification
namsyntax_1284626,Lay lắt phận đời trên sông và quyết tâm đưa dân vạn chài lên bờ của Hà Tĩnh,,44,,Đời sống,24 ngôi nhà được tỉnh Hà Tĩnh kêu gọi hỗ trợ xây dựng đã giúp các hộ dân xóm vạn chài thôn Tiền Phong đổi đời.,NamSyntax/vietnamese-news-classification
namsyntax_983941,"Hạ đẹp Murray, Djokovic lần đầu vô địch Roland Garros",,47,,Thể thao,"Khởi đầu không tốt nhưng càng chơi Djokovic càng chứng tỏ được bản lĩnh để ngược dòng đánh bại Andy Murray 3-6, 6-1, 6-2, 6-4, qua đó lần đầu bước lên đỉnh vinh quang ở Roland Garros.",NamSyntax/vietnamese-news-classification
namsyntax_505512,Tim Cook: 'Không cố gắng xỏ chân vào giày của Steve Jobs',,44,,Khoa học,"CEO Apple - Tim Cook - cho rằng di sản của Steve Jobs để lại là không thể thay thế và không bao giờ cố gắng để thành ""Steve Jobs thứ hai"".",NamSyntax/vietnamese-news-classification
namsyntax_300310,Đoàn tàu,,35,,Thế giới,Cứ tới mùa Giáng Sinh hằng nam là nhân viên của công ty Canadian Pacific Railroad lại điều hành một đoàn tàu đặc biệt và trang trí nó bằng đủ thứ đèn noel.,NamSyntax/vietnamese-news-classification
namsyntax_1199979,Dùng tiếng Anh khi gọi đồ ăn trong nhà hàng Mỹ,,40,,Giáo dục,"Khi bạn lần đầu đến một nhà hàng ở Mỹ, ngoài một số món ăn và đồ uống lạ, cách dùng ngôn ngữ có thể khiến bạn bối rối.",NamSyntax/vietnamese-news-classification
namsyntax_573770,Airbus chi hơn 50 tỷ đồng hỗ trợ đào tạo hàng không cho sinh viên Việt Nam,,60,,Khoa học,"Ngày 27/6, Airbus công bố đã ký kết hai thỏa thuận với Đại học Khoa học và Công nghệ Hà Nội nhằm hỗ trợ xây dựng các chương trình mới cấp bằng tiêu chuẩn quốc tế tại Khoa Hàng không và Vũ trụ.",NamSyntax/vietnamese-news-classification
namsyntax_752887,Phục hồi chức năng trẻ bại não,,41,,Sức khỏe,"Bại não gây tàn tật về vận động, tinh thần, giác quan và hành vi, song có thể điều trị kết hợp nhiều phương pháp, trong đó quan trọng là phục hồi chức năng.",NamSyntax/vietnamese-news-classification
namsyntax_665045,Q-mobile ra mắt dòng sản phẩm với tên gọi Dream,,38,,Khoa học,"ICTnews – Với thông điệp “dám mơ ước”, dòng sản phẩm Dream được Q-mobile ra mắt tại Việt Nam với 4 model là SI, EIII, EI và CI.",NamSyntax/vietnamese-news-classification
namsyntax_597004,Nhiều tổ chức xem thường việc đánh giá rủi ro an toàn thông tin,,56,,Khoa học,"Nhiều cơ quan, tổ chức không thực hiện kiểm tra, đánh giá, quản lý rủi ro về an toàn thông tin dẫn đến không phát hiện ra những nguy cơ, lỗ hổng, mã độc tiềm ẩn sẵn trong hệ thống từ trước.",NamSyntax/vietnamese-news-classification
namsyntax_639295,Cười đau ruột với chùm ảnh chế các tướng Liên Minh Huyền Thoại ngoài đời thực,,44,,Khoa học,"(GameSao) - Đây là những bức ảnh chế được GameSao tổng hợp, chúng tôi khuyến cáo độc giả nên dừng mọi hoạt động ăn uống trước khi xem.",NamSyntax/vietnamese-news-classification
namsyntax_1023488,Ngọc Sơn: 'Tôi khó tính nên chọn sống độc thân',,40,,Giải trí,"Ca sĩ Ngọc Sơn, 55 tuổi, nói không nghĩ đến việc lập gia đình hay có con vì sợ người bên cạnh không chịu được sự khó tính của anh.",NamSyntax/vietnamese-news-classification
namsyntax_778631,Nguy cơ ung thư vú lành tính tiến triển ác tính,,31,,Sức khỏe,Nguy cơ ung thư vú tăng gần gấp đôi ở phụ nữ có các khối u lành tính ở vú.,NamSyntax/vietnamese-news-classification
namsyntax_308144,"Bạo lực ở Tân Cương, hàng chục người chết",,35,,Thế giới,"Ít nhất 22 người thiệt mạng trong một vụ tấn công bạo lực ở Bachu, thuộc khu
vực bất an Kashgar của Tân Cương, Trung Quốc.",NamSyntax/vietnamese-news-classification
namsyntax_35160,Cung thỉnh xá lợi trái tim Bồ tát Thích Quảng Đức về Việt Nam Quốc Tự,,59,,Thời sự,"TP HCM - Sau 34 năm lưu giữ tại Ngân hàng Nhà nước, quận 1, xá lợi trái tim Bồ tát Thích Quảng Đức được đưa tới Việt Nam Quốc Tự, quận 10, để người dân chiêm bái dịp Phật đản, chiều 5/5.",NamSyntax/vietnamese-news-classification
namsyntax_449907,"Ngày đêm đào được 37 lượng vàng, kiếm 1 tỷ chia nhau",,39,,Kinh doanh,"Sau đêm ngày khổ nhọc, họ thu được gần 37 lượng vàng, đem ra một tiệm vàng ở đầu xã bán thu được gần 1 tỷ đồng.",NamSyntax/vietnamese-news-classification
namsyntax_1255524,Việt Nam giành 4 huy chương Olympic Sinh học quốc tế,,39,,Giáo dục,Đoàn học sinh Việt Nam dự thi Olympic Sinh học quốc tế lần thứ 23 (IBO 2012) đã đoạt 1 Huy chương Bạc và 3 Huy chương Đồng.,NamSyntax/vietnamese-news-classification
namsyntax_746774,Decor phòng lung linh nhờ các món đồ xinh xắn vừa rẻ vừa đẹp,,30,,Bất động sản,Những ý tưởng siêu tiết kiệm nhưng mang đến hiệu quả bất ngờ cho nhà bạn.,NamSyntax/vietnamese-news-classification
namsyntax_615347,(Clip) Thanh niên đang combat thì bị gank ngay tại trận,,50,,Khoa học,Tình huống chắc chắn nhiều game thủ đã từng gặp phải và trở thành những ký ức thú vị khó quên. Một pha combo liên hoàn chưởng của phụ huynh khi cậu bé này trốn học đi chơi game...,NamSyntax/vietnamese-news-classification
namsyntax_1055593,Siêu mẫu Thanh Hằng catwalk trên mặt nước,,39,,Giải trí,"Trong show thời trang ở Phú Quốc, siêu mẫu Thanh Hằng cùng Hoa hậu Tiểu Vy đã có những màn trình diễn đặc sắc, ấn tượng trên đường băng ngập nước.",NamSyntax/vietnamese-news-classification
namsyntax_1034852,'Hồi hồn kế' - bi kịch của người mẹ,,37,,Giải trí,"Thư Kỳ vào vai người mẹ tìm cách hồi sinh kẻ lừa đảo để trả thù cái chết của con gái, trong phim ""The Resurrected"" (Hồi hồn kế).",NamSyntax/vietnamese-news-classification
namsyntax_171119,Tàu hỏa đâm nát xe máy băng qua đường sắt,,36,,Thời sự,"Mặc dù đèn tín hiệu báo có tàu qua đường ngang, nhưng người đàn ông này vẫn cố tình vượt lên, bị đâm chết tại chỗ.",NamSyntax/vietnamese-news-classification
namsyntax_925241,"Kết quả bóng đá hôm nay 6/11/2023: Liverpool, Real Madrid bị cầm chân",,42,,Thể thao,"Kết quả bóng đá hôm nay 6/11/2023, với các trận đấu trong nước và các giải tại châu Âu, châu Mỹ và châu Á đêm nay, rạng sáng mai.",NamSyntax/vietnamese-news-classification
namsyntax_221769,Cháy trung tâm nghệ thuật lịch sử ở London,,37,,Thế giới,Anh - Khoảng 100 lính cứu hỏa được điều động để đối phó đám cháy tại trung tâm nghệ thuật lịch sử Somerset House ở thủ đô London.,NamSyntax/vietnamese-news-classification
namsyntax_393879,Novaland thu nghìn tỷ đồng từ bán tài sản,,49,,Kinh doanh,"Novaland ngắt được chuỗi 2 quý thua lỗ trước đó nhờ quá trình tái cơ cấu tài sản, bao gồm đẩy mạnh bán hàng loạt tài sản quan trọng để có thêm thu nhập tài chính hơn 2.200 tỷ đồng.",NamSyntax/vietnamese-news-classification
namsyntax_847360,Vật dụng trong nhà gây ung thư,,23,,Sức khỏe,Đồ dùng trong nhà tưởng vô hại nhưng lại tiềm ẩn nguy cơ gây ung thư.,NamSyntax/vietnamese-news-classification
namsyntax_1337327,Mê đắm cảnh thu tại làng cổ đẹp nhất Việt Nam,,56,,Đời sống,"Mùa thu là thời điểm tốt nhất để bạn có được những cảm thụ tuyệt vời về
Đường Lâm - ngôi làng cổ đầu tiên được công nhận tại Việt Nam. Đừng bỏ lỡ cơ hội làm một chuyến du lịch
ngắn đến đây nhé.",NamSyntax/vietnamese-news-classification
namsyntax_783684,Bệnh nhược cơ,,29,,Sức khỏe,"Nhược cơ (yếu cơ) là bệnh tự miễn về thần kinh cơ, dấu hiệu là sụp mí mắt, khó nhai, nhìn đôi, thay đổi giọng nói.",NamSyntax/vietnamese-news-classification
namsyntax_687706,Apple bác bỏ tin đồn về iPad 3,,49,,Khoa học,"Bằng tuyên bố “Năm 2011 sẽ là năm của iPad 2”, Tổng giám đốc Apple Steve Jobs đã gián tiếp bác bỏ mọi tin đồn cho rằng hãng công nghệ Mỹ này sẽ ra mắt iPad 3 vào giữa năm nay.",NamSyntax/vietnamese-news-classification
namsyntax_1223593,Sở GD-ĐT thiếu người trầm trọng: 'Nhiều lãnh đạo phải làm việc của chuyên viên',,61,,Giáo dục,"Báo cáo Phân tích ngành giáo dục Việt Nam giai đoạn 2011-2020 do Viện Khoa học Giáo dục Việt Nam công bố đã chỉ ra nhiều khó khăn trong bối cảnh thực hiện Nghị quyết 29 về đổi mới căn bản, toàn diện nền giáo dục.",NamSyntax/vietnamese-news-classification
namsyntax_1330663,Hiền Thục lấy nước mắt khán giả trong MV về mẹ,,54,,Đời sống,"Trong tiếng hát nhẹ nhàng, sâu lắng của Hiền Thục, những lời cảm ơn mẹ được người con tạo nên từ hàng trăm ngọn đèn LED khiến hàng nghìn khán giả không khỏi trùng lòng khi xem MV mới “Ánh sáng của mẹ”.",NamSyntax/vietnamese-news-classification
namsyntax_401681,7 DN đầu mối xăng dầu bị tạm rút giấy phép sắp hết 'án phạt',,41,,Kinh doanh,"Đến ngày 29/8, cơ quan quản lý sẽ hoàn thành trả giấy phép cho 5/7 doanh nghiệp đầu mối xăng dầu bị tạm rút giấy phép.",NamSyntax/vietnamese-news-classification
namsyntax_1161808,Đoạt mạng ông hàng xóm vì mâu thuẫn sinh hoạt,,34,,Pháp luật,"Quảng Ninh - Đỗ Thanh Quân thú nhận với công an việc dùng dao chém chết ông hàng xóm Bùi Văn Đề, 55 tuổi.",NamSyntax/vietnamese-news-classification
namsyntax_1221738,Sinh viên trường ĐH CMC ‘thực chiến’ cùng chuyên gia trải nghiệm khách hàng,,57,,Giáo dục,"Tại “Hội thảo trải nghiệm khách hàng” ngày 9/5 ở Đại học CMC, sinh viên được chuyên gia từ KPMG, CMC Telecom hướng dẫn về kỹ năng trải nghiệm khách hàng, xu hướng và chiến lược “chăm khách"" theo tiêu chuẩn quốc tế…",NamSyntax/vietnamese-news-classification
namsyntax_562113,2019 được dự báo là năm nắng nóng lịch sử với nhiều hiểm họa,,74,,Khoa học,"Liên tiếp trong nhiều ngày qua, nhiệt độ trung bình trong ngày tại nhiều địa phương trên cả nước đã vượt quá ngưỡng 40 độ C. Và theo dự đoán của các chuyên gia khí hậu thế giới thì 2019 có khả năng trở thành năm nắng nóng nhất trong lịch sử với nhiều hiểm họa thời tiết kèm theo.",NamSyntax/vietnamese-news-classification
namsyntax_855516,Bạn gái tặng Ronaldo xe SUV địa hình,,27,,Thể thao,Georgina Rodriguez gây bất ngờ khi tặng Cristiano Ronaldo chiếc xe Mercedes AMG G 63 nhân dịp sinh nhật.,NamSyntax/vietnamese-news-classification
namsyntax_912073,Con trai Rooney làm điều khó tin ở đội trẻ MU,,37,,Thể thao,"Kai Rooney vừa nhận lệnh triệu tập vào đội hình U19 MU tham dự giải đấu tại Croatia, dù cậu nhóc mới bước qua tuổi 15.",NamSyntax/vietnamese-news-classification
namsyntax_1224017,Lịch nghỉ Tết Dương lịch năm 2025 của học sinh Hà Nội,,38,,Giáo dục,"Theo kế hoạch thời gian năm học 2024-2025, lịch nghỉ Tết Dương lịch 2025 của học sinh Hà Nội là 1 ngày (thứ Tư, ngày 1/1/2025).",NamSyntax/vietnamese-news-classification
namsyntax_1048184,"Bảo Thanh, Thu Quỳnh xuất hiện trong gala 'Việc tử tế'",,32,,Giải trí,"Đã lâu không đóng phim, Bảo Thanh bất ngờ tái xuất trong gala 'Việc tử tế' cùng đàn chị Thu Quỳnh.",NamSyntax/vietnamese-news-classification
namsyntax_923172,Liverpool gặp hạn nặng trước chung kết cúp Liên đoàn,,35,,Thể thao,"Hậu vệ chủ chốt Alexander-Arnold sẽ lỡ hẹn trận chung kết cúp Liên đoàn Anh, Liverpool gặp Chelsea (ngày 25/2) vì chấn thương đầu gối.",NamSyntax/vietnamese-news-classification
namsyntax_276702,Bên trong mỏ vàng khổng lồ của Hitler,,29,,Thế giới,Ở độ sâu gần 500m dưới lòng đất là căn phòng bí mật nơi Hitler cất giấu hàng trăm kg vàng.,NamSyntax/vietnamese-news-classification
namsyntax_83106,Phạt 2 quán karaoke hoạt động 'chui' hơn 50 triệu đồng,,42,,Thời sự,"Quán karaoke Kinh Đô và Olala trên địa bàn phường Trần Phú, TP Móng Cái (Quảng Ninh) bị phạt tiền vì để khách vào hát khi chưa được phép hoạt động.",NamSyntax/vietnamese-news-classification
namsyntax_92503,"Tàu lượn siêu tốc trong khu du lịch gặp sự cố, 3 trẻ nhỏ thương vong",,49,,Thời sự,Chiếc tàu lượn ở khu du lịch Đảo Ngọc Xanh (Phú Thọ) bất ngờ gặp sự cố trong quá trình vận hành khiến 3 trẻ nhỏ ngã văng xuống đất từ trên cao...,NamSyntax/vietnamese-news-classification
namsyntax_411347,BĐS Hòa Lạc hưởng lợi nhờ định hướng ‘siêu đô thị vệ tinh’,,57,,Kinh doanh,"Với định hướng quy hoạch trở trành đô thị khoa học công nghệ vào năm 2030, đáp ứng nhà ở cho 600.000 dân, Hòa Lạc (TP. Hà Nội) đang là “điểm đến” hứa hẹn của những nhà đầu tư BĐS có tầm nhìn xa.",NamSyntax/vietnamese-news-classification
namsyntax_682070,70% người dùng chọn laptop giá rẻ,,36,,Khoa học,"Theo thống kê từ hệ thống siêu thị thegioididong.com, từ quý I đến quý III vừa qua, 70% người dùng vẫn tập trung vào mặt hàng laptop giá rẻ.",NamSyntax/vietnamese-news-classification
namsyntax_667572,Lenovo trình làng loạt máy tính bảng Android mới,,49,,Khoa học,"Tập đoàn Lenovo mới đây đã ra mắt tại thị trường Việt Nam 2 mẫu máy tính bảng
Android mới, đáp ứng nhu cầu sử dụng thiết bị siêu di động với các tính năng đa
phương tiện phong phú.",NamSyntax/vietnamese-news-classification
namsyntax_547284,LMHT: Tất tần tật những gì bạn cần biết về CKTG 2020,,34,,Khoa học,"(GameSao.vn) - Điểm mặt 22 đội tuyển, format cũng như phiên bản thi đấu tại sự kiện LMHT lớn nhất trong năm.",NamSyntax/vietnamese-news-classification
namsyntax_1090385,Hoài Linh khoe ảnh cùng HLV Park khi U23 vào bán kết Asiad,,36,,Giải trí,"Sao Việt ngày 28/8: Hoài Linh khoe ảnh cùng HLV Park nhân chiến thắng U23, Hồ Ngọc Hà viết tâm thư gửi fan.",NamSyntax/vietnamese-news-classification
namsyntax_1032625,Ký ức về 'Ông già Nam Bộ' Sơn Nam,,36,,Giải trí,"Con gái nhà văn Sơn Nam nhớ thuở bé, dù nhà nghèo, cha thường dành tiền cho bà mua sữa, chưa bao giờ la mắng các con.",NamSyntax/vietnamese-news-classification
namsyntax_1241436,Bài luận “xem phim sex” giúp nam sinh 18 tuổi giành học bổng lớn,,56,,Giáo dục,"Không học trường chuyên, lớp chọn; không giải quốc gia, quốc tế, từng bị giễu cợt là “đồ bê đê”, Ngô Xuân Khôi thuyết phục ban tuyển sinh bằng điều gì để đạt được suất học bổng trị giá hàng tỷ đồng?",NamSyntax/vietnamese-news-classification
namsyntax_699897,Hơn 60% website chứa lỗ hổng nguy hiểm,,43,,Khoa học,– Báo cáo từ hãng bảo mật White Hat Security cho thấy các tổ chức rất chậm chễ trong việc bít lỗ hổng bên trong các trang và thực sự khó lấp 100% lỗ hổng.,NamSyntax/vietnamese-news-classification
namsyntax_418214,Giá vàng hôm nay 14/10: Vàng tụt giảm khi USD bất ngờ tăng vọt,,61,,Kinh doanh,Giá vàng hôm nay 14/10 trên thị trường thế giới tụt giảm do đồng USD bất ngờ tăng vọt trong bối cảnh nền kinh tế Mỹ được dự báo diễn biến tích cực hơn trong năm 2020 và dòng tiền vẫn tìm đến USD và chứng khoán.,NamSyntax/vietnamese-news-classification
namsyntax_1301395,Mẫu nhí lai Hàn Quốc - Na Uy được khen xinh như thiên thần,,44,,Đời sống,Camilla (8 tuổi) là mẫu nhí nổi tiếng tại Hàn Quốc với nét đẹp lai Âu - Á. Cô bé được nhiều người ưu ái gọi là 'thiên thần lai'.,NamSyntax/vietnamese-news-classification
namsyntax_887416,Các chấn thương phổ biến vào mùa hè,,41,,Thể thao,"Viêm cân gan chân, bong gân hay đau cổ chân là những chấn thương phổ biến trong mùa hè, khi các runner ngại vận động hơn và không đạt thể trạng tốt nhất.",NamSyntax/vietnamese-news-classification
namsyntax_734264,Cất nóc dự án Five Star Garden,,57,,Bất động sản,"Ngày 15/5/2016 Lễ cất nóc tòa G1, G2- Five Star Garden thu hút hơn 500 khách hàng với 30 giao dịch thành công. Sự kiện do Tập đoàn GFS phối hợp cùng đơn vị phân phối Công ty CP Dịch vụ và Địa ốc Đất Xanh Miền Bắc tổ chức.",NamSyntax/vietnamese-news-classification
namsyntax_832477,Bé 3 tuổi chấn thương sọ não do ngã cầu thang và bị đánh đang rất nguy kịch,,53,,Sức khỏe,"Trước khi nhập viện cấp cứu, bé C. (3 tuổi) bị ngã cầu thang và mẹ đánh vào đầu. Sau đó, bé bị sụp mi, co gồng nên được người nhà đưa đi cấp cứu.",NamSyntax/vietnamese-news-classification
namsyntax_1229089,Bộ GD-ĐT trao học bổng cho học sinh huyện biên giới Mường Lát,,57,,Giáo dục,"Chiều qua (30/11), đoàn công tác của Bộ GD-ĐT đã có cuộc làm việc với UBND huyện Mường Lát, tỉnh Thanh Hóa về công tác đảm bảo an ninh trật tự, phòng chống bạo lực học đường và vi phạm đạo đức nhà giáo.",NamSyntax/vietnamese-news-classification
namsyntax_810666,"Uống rượu để ấm người, chống đột quỵ?",,39,,Sức khỏe,"Thời tiết miền bắc giảm sâu, tôi có thói quen uống nhiều rượu cho ấm cơ thể, điều hòa thân nhiệt, cách này có gây hại? (Tiến, 37 tuổi, Hà Nội)",NamSyntax/vietnamese-news-classification
namsyntax_774308,"Giảm ho đờm, sổ mũi cho trẻ bằng thảo dược",,36,,Sức khỏe,"Các thảo dược như húng chanh, quất, cây cát cánh chứa các hoạt chất giúp tiêu đờm, giảm ho, giải cảm an toàn cho trẻ em.",NamSyntax/vietnamese-news-classification
namsyntax_1158529,Cuộc giằng co 16 phút với nhóm khủng bố cướp máy bay,,46,,Pháp luật,"Trung Quốc - Máy bay vừa cất cánh từ Hòa Điền đến Tân Cương, 6 tên không tặc rút ống thép tìm cách lao vào buồng lái nhằm tấn công khủng bố, năm 2012.",NamSyntax/vietnamese-news-classification
namsyntax_360667,Mô hình chăm sóc sức khỏe phong cách Nhật - Hàn tại Hà Nội,,33,,Kinh doanh,"Tổ hợp chăm sóc sức khỏe Amare mang tới trải nghiệm Onsen và Jjimjilbang, khai trương từ ngày 8/9.",NamSyntax/vietnamese-news-classification
namsyntax_265247,Nguy cơ Mỹ-Trung va chạm do máy bay không người lái,,38,,Thế giới,Việc Mỹ sử dụng một lượng lớn máy bay không người lái (UAV) trinh sát sẽ làm tăng nguy cơ va chạm với quân đội Trung Quốc.,NamSyntax/vietnamese-news-classification
namsyntax_585645,"Ứng dụng YouTube TV sẽ sớm có mặt trên smart TV, Xbox One và Apple TV",,58,,Khoa học,"Sáu tháng sau khi ra mắt dịch vụ YouTube TV với giá 35 USD/1 tháng, Google đang tìm cách mở rộng phạm vi tiếp cận của nó bằng cách tung ra một ứng dụng riêng biệt cho nhiều thiết bị khác nhau.",NamSyntax/vietnamese-news-classification
namsyntax_923320,Lịch thi đấu bóng đá hôm nay 6/2/2024: Tâm điểm bán kết Asian Cup,,45,,Thể thao,"Lịch thi đấu bóng đá hôm nay 6/2/2024 - Cung cấp lịch thi đấu bóng đá trong nước và các giải đấu quốc tế hấp dẫn đêm nay, rạng sáng mai.",NamSyntax/vietnamese-news-classification
namsyntax_292143,Malaysia – Triều Tiên leo thang căng thẳng ngoại giao,,32,,Thế giới,Malaysia và Triều Tiên tiếp tục tranh cãi ngoại giao trong quá trình điều tra cái chết của ông Kim Jong Nam.,NamSyntax/vietnamese-news-classification
namsyntax_1081189,Từ Đông Đông - từ mỹ nữ nghiện khoe thân đến vai Tiểu Long Nữ,,47,,Giải trí,"Từ Đông Đông được biết đến là nữ diễn viên thích khoe thân và ăn mặc gợi cảm. Thời gian gần đây, cô đã chuyển sang hình tượng nữ tính, ngọt ngào.",NamSyntax/vietnamese-news-classification
namsyntax_822484,Bộ Y tế đưa đậu mùa khỉ vào bệnh truyền nhiễm nhóm B,,42,,Sức khỏe,"Bộ Y tế có quyết định bổ sung bệnh đậu mùa khỉ vào danh mục các bệnh truyền nhiễm thuốc nhóm B của Luật phòng, chống bệnh truyền nhiễm.",NamSyntax/vietnamese-news-classification
namsyntax_840272,"Tân trang 'cô bé', nên hay không?",,31,,Sức khỏe,"Một phần muốn lấy lại cảm giác, một phần muốn giữ chồng, không ít chị em đã quyết định đi tân trang “cô bé”.",NamSyntax/vietnamese-news-classification
namsyntax_1045632,'Những nẻo đường gần xa' tập 12: Bảo muốn quay về nhà xin lỗi bố mẹ,,42,,Giải trí,"Trong ""Những nẻo đường gần xa"" tập 12, sau khi nghe Hùng khuyên, Bảo đã rơi nước mắt muốn quay về nhà xin lỗi bố mẹ.",NamSyntax/vietnamese-news-classification
namsyntax_544712,Vệ tinh của Elon Musk sẽ truyền trực tiếp mạng Internet đến smartphone,,43,,Khoa học,"Nếu mọi chuyện diễn ra theo đúng kế hoạch, dịch vụ Starlink của Elon Musk sẽ truyền trực tiếp Internet từ vệ tinh đến smartphone người dùng vào năm sau.",NamSyntax/vietnamese-news-classification
namsyntax_1305554,"Lạnh nhạt với bố thời trai trẻ, tôi hối tiếc khôn nguôi mỗi mùa Vu Lan về",,51,,Đời sống,"Giận rồi lạnh nhạt với bố suốt thời trai trẻ, tôi đánh mất tình cảm gia đình. Giờ đây mỗi mùa Vu Lan về, tôi lại chìm đắm trong sự hối tiếc khôn nguôi.",NamSyntax/vietnamese-news-classification
namsyntax_905324,Nhiều dấu hỏi quanh án phạt nặng của U21 bóng chuyền Việt Nam,,56,,Thể thao,Indonesia - Việc Liên đoàn bóng chuyền thế giới (FIVB) xử thua ba trận và thay đổi tỷ số một trận của Việt Nam ở giải nữ U21 thế giới 2025 sau chưa đầy một ngày điều tra đặt ra nhiều thắc mắc.,NamSyntax/vietnamese-news-classification
namsyntax_710529,HTC X7500: điện thoại hay máy tính?,,20,,Khoa học,HTC X7500 kết hợp sức mạnh của Pocket PC và một chiếc Smartphone.,NamSyntax/vietnamese-news-classification
namsyntax_873163,Xavi tin Barca có thể bắt kịp Real,,43,,Thể thao,"Tây Ban Nha - Theo HLV Xavi, mùa giải vẫn còn đủ dài để Barca bắt kịp Real và tranh ngôi vô địch La Liga mùa này, dù đang kém kình địch tới 16 điểm.",NamSyntax/vietnamese-news-classification
namsyntax_774542,Những điều cần lưu ý khi trẻ bị ngất,,39,,Sức khỏe,"Trẻ bị ngất do lượng máu cung cấp cho não bị giảm và bắt nguồn từ các yếu tố như mất nước, khó thở hoặc khi thời tiết quá nóng.",NamSyntax/vietnamese-news-classification
namsyntax_12139,Đà Nẵng xét nghiệm cho hơn 50.000 công nhân,,38,,Thời sự,Ngành y tế Đà Nẵng sẽ xét nghiệm sàng lọc Covid-19 cho hơn 50.000 người lao động làm việc trong các khu công nghệ cao và khu công nghiệp.,NamSyntax/vietnamese-news-classification
namsyntax_209196,Kosovo cáo buộc Serbia kích động đụng độ,,35,,Thế giới,Lãnh đạo Kosovo cáo buộc Serbia lên kế hoạch và tổ chức các vụ đụng độ giữa người biểu tình với lính NATO tại vùng ly khai.,NamSyntax/vietnamese-news-classification
namsyntax_805514,"Chủ quan một vết loét, người đàn ông phải cắt bỏ lưỡi",,45,,Sức khỏe,"Hà Nội - Đau loét vùng miệng nhưng không đi khám, nam bệnh nhân 60 tuổi phải cắt bỏ toàn bộ lưỡi và sàn miệng do vết loét tiển triển thành ung thư.",NamSyntax/vietnamese-news-classification
namsyntax_1248203,Thí sinh lại ‘chết tức tưởi’ trong phòng thi,,51,,Giáo dục,"Mặc dù đã được nhắc nhở nhiều lần trước khi bước vào phòng thi, trước
giờ làm bài nhưng tại buổi thi môn Toán sáng 1/7 vẫn có trường hợp thí sinh bị
đình chỉ thi vì mang điện thoại di động.",NamSyntax/vietnamese-news-classification
namsyntax_606647,Đất nước có nhiều người chết vì chụp,,45,,Khoa học,"Một nghiên cứu mới hé lộ hơn một nửa số trường hợp tử vong vì chụp
ảnh ""tự sướng"" xảy ra tại một quốc gia trên thế giới. Bạn có thể đoán ra
đó là nước nào?",NamSyntax/vietnamese-news-classification
namsyntax_88949,Cử tri 'đặc biệt' trong trại tạm giam ở Nghệ An thực hiện quyền bầu cử thế nào?,,58,,Thời sự,"Những người đang bị tạm giam, tạm giữ trong trại của Công an tỉnh Nghệ An được tuyên truyền, phổ biến pháp luật chuẩn bị thực hiện quyền bầu cử đại biểu Quốc hội và đại biểu HĐND các cấp.",NamSyntax/vietnamese-news-classification
namsyntax_757299,Phát hiện hai ca nhiễm nCoV từ đầu heo nhập khẩu,,38,,Sức khỏe,Trung Quốc - Giới chức thành phố Thiên Tân đã phát hiện hai trường hợp mắc Covid-19 liên quan đến đầu heo nhập khẩu từ Bắc Mỹ.,NamSyntax/vietnamese-news-classification
namsyntax_1240620,Trường ĐH Công nghiệp Hà Nội đạt chuẩn chất lượng giáo dục,,51,,Giáo dục,"Với tỉ lệ 85,2% (52/61 tiêu chí) đạt yêu cầu, Trường ĐH Công nghiệp Hà Nội vừa được Trung tâm kiểm định chất lượng giáo dục - ĐHQG Hà Nội trao chứng nhận kiểm định chất lượng giáo dục.",NamSyntax/vietnamese-news-classification
namsyntax_473712,Cam ế do tin đồn,,41,,Kinh doanh,"Loại cam sành đang bán tại chợ có nguồn gốc từ huyện Tam Bình, tỉnh
Vĩnh Long. Thế nhưng một số thông tin cho đó là cam Trung Quốc nên khách
hàng không còn mua hàng.",NamSyntax/vietnamese-news-classification
namsyntax_469530,Cứu hộ tự phát kiếm bộn ngày ngập lụt,,40,,Kinh doanh,"ịch vụ khiêng xe máy, đẩy ô tô bùng phát, các nhóm sửa chữa xe di động
cũng được dịp kiếm lời, ra tay “chặt chém” với mức phí khá cao.",NamSyntax/vietnamese-news-classification
namsyntax_135125,"Dập đám cháy, bàng hoàng thấy xác con trai trong đống tro",,50,,Thời sự,"Phát hiện đám cháy ở cây rơm gần nhà, chủ nhà hô hoán dân làng đến
dập lửa. Khi đám cháy được dập tắt, anh Tiến bàng hoàng phát hiện thi
thể cậu con trai đã cháy đen.",NamSyntax/vietnamese-news-classification
namsyntax_734079,Vinhomes ra mắt sàn giao dịch bất động sản trực tuyến,,58,,Bất động sản,"Với phương châm “Stay home - Buy home”, Vinhomes Online không chỉ mang đến cho khách hàng trải nghiệm mua nhà hoàn toàn mới, mà còn tiên phong xây dựng văn hóa kinh doanh minh bạch, hiện đại và văn minh cho thị trường bất động sản.",NamSyntax/vietnamese-news-classification
namsyntax_1122141,Uyên Linh được lên ngôi thần tượng một cách ầm ĩ và hời hợt,,43,,Giải trí,"Liệu có hay không một con người hoàn hảo trên thế gian này để “thần tượng” không
bao giờ phải sụp đổ? Câu trả lời chắc chắn là: “Không”.",NamSyntax/vietnamese-news-classification
namsyntax_630232,"Snapchat đe dọa Facebook, YouTube, với 6 tỷ lượt xem video mỗi ngày",,57,,Khoa học,"Không lâu sau khi Facebook công bố đạt thành tích 8 tỷ lượt xem video/ngày, Snapchat cho biết họ cũng có tới 6 tỷ lượt xem các Snap - tin nhắn ảnh và video mà người dùng chia sẻ với bạn bè của họ.",NamSyntax/vietnamese-news-classification
namsyntax_1242925,Yêu cầu ĐH Luật báo cáo việc đình chỉ sinh viên photo 8 cuốn giáo trình,,53,,Giáo dục,"Trường ĐH Luật TP.HCM cho rằng, việc đình chỉ một năm đối với nữ sinh viên photo 8 cuốn giáo trình vào trường là đúng mực. Bộ GD-ĐT yêu cầu nhà trường báo cáo về sự việc.",NamSyntax/vietnamese-news-classification
namsyntax_971771,Juventus lật kèo ngoạn mục hạ gục Tottenham,,44,,Thể thao,"Bị dẫn bàn trước nhưng Juventus chứng tỏ bản lĩnh và sự già dơ hơn Tottenham khi lội ngược dòng thắng 2-1 ngay tại Wembley, để đoạt tấm vé vào chơi trận tứ kết Champions League.",NamSyntax/vietnamese-news-classification
namsyntax_1120515,Nữ ca sĩ thu nhập 1200 tỉ đồng một năm là ai?,,49,,Giải trí,"Tất cả đều phải thua Taylor Swift về khả năng kiếm tiền bởi riêng trong
năm 2012 cô nàng này bỏ túi tới 57 triệu USD (gần 1200 tỉ VNĐ), theo
thống kê của tạp chí Parade.",NamSyntax/vietnamese-news-classification
namsyntax_292309,Triều Tiên tuyên bố thử thành công tên lửa đạn đạo loại mới,,38,,Thế giới,"CHDCND Triều Tiên khẳng định nước này đã hoàn tất ""thành công"" vụ phóng một tên lửa đạn đạo tầm trung mới mang tên Pukguksong-2.",NamSyntax/vietnamese-news-classification
namsyntax_828073,Bộ Y tế chưa phê duyệt đề nghị xin tiêm vắc xin Nanocovax của một số địa phương,,44,,Sức khỏe,Bộ Y tế tạm thời chưa phê duyệt mở rộng địa bàn nghiên cứu thử nghiệm lâm sàng giai đoạn 3 đối với vắc xin Nanocovax.,NamSyntax/vietnamese-news-classification
namsyntax_337735,Trung tâm quy mô lớn - xu hướng của ngành logistics,,39,,Kinh doanh,"Theo JLL Việt Nam, các kho quy mô lớn, tích hợp nhiều chức năng là hướng đi mới của ngành logictis nhằm đáp ứng nhu cầu thị trường.",NamSyntax/vietnamese-news-classification
namsyntax_193063,Làn sóng bài xích nữ quyền bùng nổ ở Hàn Quốc,,40,,Thế giới,"Mỗi khi phụ nữ Hàn Quốc tuần hành chống định kiến giới, hàng chục nam thanh niên sẽ xuất hiện và la ó: ""Nữ quyền là bệnh tâm thần"".",NamSyntax/vietnamese-news-classification
namsyntax_119297,20.000 băng rôn cảm ơn chờ đội tuyển U23 chiến thắng,,84,,Thời sự,20.000 là số băng rôn cổ vũ đội tuyển Việt Nam được một quán cà phê tại Hà Nội phát cho các cổ động viên trước trận chung kết U23 Châu Á. Trên băng rôn là dòng chữ cảm ơn được viết bằng tiếng Anh và tiếng Việt. Đó cũng là lời mà hàng triệu cổ động viên Việt Nam muốn gửi tới đội tuyển U23 Việt Nam trước trận đấu lịch sử.,NamSyntax/vietnamese-news-classification
namsyntax_193794,Mỹ vạch kế hoạch đề phòng Nga cắt khí đốt cho châu Âu,,42,,Thế giới,Giới chức Mỹ đang làm việc với các nhà cung cấp toàn cầu để tránh khủng hoảng khí đốt tại châu Âu trong trường hợp Nga cắt nguồn cung.,NamSyntax/vietnamese-news-classification
namsyntax_1199353,Khuôn viên được đầu tư hàng trăm tỷ đồng của UMT,,40,,Giáo dục,Đại học Quản lý và Công nghệ TP HCM (UMT) xây dựng khuôn viên trường theo mô hình khu nghỉ dưỡng với tổng đầu tư hàng trăm tỷ đồng.,NamSyntax/vietnamese-news-classification
namsyntax_412284,"Đào quý nhân nặng gần 1kg, ngọt hơn mật, Tôn Ngộ Không cũng thèm",,39,,Kinh doanh,"Được xem là ""nhất phẩm đào"", loài đào ngon số một còn được mệnh danh là đào quý nhân, đào tiên hay đào mừng thọ.",NamSyntax/vietnamese-news-classification
namsyntax_752041,Ba bệnh nhân Covid-19 nặng đang tốt lên,,38,,Sức khỏe,Hà Nội - Ba bệnh nhân Covid-19 nặng đang điều trị tại Bệnh viện Bệnh Nhiệt đới Trung ương sức khỏe tiến triển sau nhiều ngày nỗ lực điều trị.,NamSyntax/vietnamese-news-classification
namsyntax_1283250,"Bị bạn trai chê xấu, cô gái 'lột xác' thành người mẫu xinh đẹp",,43,,Đời sống,"Một cô gái bị bạn trai ruồng bỏ vì “không đủ xinh đẹp”, nhưng giờ đây cô đã có màn trả thù xứng đáng cho người bạn trai cũ.",NamSyntax/vietnamese-news-classification
namsyntax_1016902,Diễn viên 'Tân Ô Long Viện' kết hôn,,33,,Giải trí,"Hác Thiệu Văn, nổi tiếng từ bé với phim ""Tân Ô Long Viện"", kết hôn với Lâm Ninh Thụy - một bà mẹ đơn thân.",NamSyntax/vietnamese-news-classification
namsyntax_511859,"Việt Nam cam kết đồng hành phát triển Internet mở, an toàn và bao trùm",,63,,Khoa học,"Khẳng định cam kết đồng hành cùng cộng đồng quốc tế trong phát triển Internet mở, an toàn và bao trùm, Thứ trưởng Bộ KH&CN Bùi Hoàng Phương nhấn mạnh: Việt Nam muốn hợp tác sâu rộng để xây dựng tương lai số cho tất cả mọi người.",NamSyntax/vietnamese-news-classification
namsyntax_61036,Bé gái 3 tuổi bị bố bạo hành rạn xương vai,,47,,Thời sự,"Bé gái khoảng 3 tuổi quấy khóc, người bố chạy từ trong nhà ra, đạp ngã bé xuống sân, túm chân bé kéo lê trên đất rồi lẳng ra xa khiến bé bị rạn xương vai.",NamSyntax/vietnamese-news-classification
namsyntax_892636,Sự kiện trail miễn phí cho runner Hà Nội,,31,,Thể thao,Vietnam Ultra Trail (VUT) tổ chức sự kiện Breaking PCCC với hai cự ly 16km và 32km ở ngoại thành Hà Nội.,NamSyntax/vietnamese-news-classification
namsyntax_1051968,Thời trang hút ống kính của Thư Kỳ ở tuổi 49 tại LHP Venice,,40,,Giải trí,"Thư Kỳ chọn những bộ đồ không quá cầu kỳ, lộng lẫy nhưng vẫn toát lên thần thái hiếm có tại LHP Venice lần thứ 80.",NamSyntax/vietnamese-news-classification
namsyntax_243467,Nhật Bản cảnh báo sắp xảy ra siêu động đất,,53,,Thế giới,Nhật Bản lần đầu tiên ban bố cảnh báo về nguy cơ cao siêu động đất sẽ xảy ra trong tương lai gần. Thủ tướng Nhật đã hủy chuyến công du Trung Á và người dân nước này được yêu cầu cảnh giác.,NamSyntax/vietnamese-news-classification
namsyntax_1102489,Midu đẹp tinh khôi ngày tái xuất màn ảnh,,42,,Giải trí,"Nữ diễn viên 'Thiên mệnh anh hùng' trở lại màn bạc với hình ảnh nữ
sinh đẹp tinh khôi trong '4 Năm, 2 Chàng, 1 Tình yêu' (421) ra mắt tháng
11 tới.",NamSyntax/vietnamese-news-classification
namsyntax_1188603,Cách vẽ tòa tháp 3D,,29,,Giáo dục,"Bằng những nét thẳng cùng kỹ thuật đánh bóng, bạn có thể luyện tập để tạo ra bức tranh tòa tháp y như thật.",NamSyntax/vietnamese-news-classification
namsyntax_757814,Treo tranh ở bệnh viện,,39,,Sức khỏe,"Hà Nội - 35 bức tranh con người và cảnh sắc Việt Nam được quỹ tranh thiện nguyện ""Butta sweet life"" tặng Bệnh viện Đa khoa huyện Mỹ Đức, treo hành lang, phòng bệnh.",NamSyntax/vietnamese-news-classification
namsyntax_509584,Giải thưởng VinFuture vượt rào cản để sáng tạo và phụng sự con người,,38,,Khoa học,Đây là thông điệp được Chủ tịch nước Võ Văn Thưởng gửi tới các nhà khoa học trong lễ trao Giải thưởng VinFuture 2023.,NamSyntax/vietnamese-news-classification
namsyntax_773091,Trang điểm thế nào khi làn da nổi mụn,,36,,Sức khỏe,"Da nhiều mụn trứng cá vẫn có thể trang điểm bằng các mỹ phẩm không gây mụn, kết hợp với quy trình chăm sóc da phù hợp.",NamSyntax/vietnamese-news-classification
namsyntax_397678,"Vì sao 140 triệu cổ phiếu ngân hàng ế ẩm, phải hủy đấu giá?",,57,,Kinh doanh,Phiên đấu giá hơn 140 triệu cổ phiếu LienVietPostBank của Vietnam Post tiếp tục bất thành lần thứ 2 liên tiếp trong năm 2023 do không có nhà đầu tư đăng ký tham gia. Nguyên nhân có thể được dự báo từ trước.,NamSyntax/vietnamese-news-classification
namsyntax_192348,Đề nghị truy tố bà Nguyễn Thị Thanh Nhàn trong vụ án mới,,45,,Thời sự,Cơ quan Cảnh sát điều tra vừa đề nghị truy tố bà Nguyễn Thị Thanh Nhàn (Chủ tịch AIC) về tội Vi phạm quy định đấu thầu gây hậu quả nghiêm trọng.,NamSyntax/vietnamese-news-classification
namsyntax_1309998,Chuyện nhói lòng trong ngôi nhà giữa cánh đồng Long An,,51,,Đời sống,Chồng bà mất đi để lại cho bà đứa con khờ khạo. Một mình bà hàng ngày bán vé số nuôi con. Cuộc sống khổ cực nhưng cũng không đến nỗi nào nếu không có chuyện chẳng lành xảy ra.,NamSyntax/vietnamese-news-classification
namsyntax_1143692,"Tin pháp luật số 238, bé gái mang thai và sự nhẫn tâm của người mẹ",,53,,Pháp luật,"Phát hiện con gái mang thai với Son, bà N. âm thầm đưa đi phá rồi mua thuốc tránh thai cho con gái để bé tiếp tục quan hệ tình dục chung với chồng “hờ” của mình.",NamSyntax/vietnamese-news-classification
namsyntax_1346951,Độc đáo hậu trường chụp ảnh bãi đá sông Hồng,,53,,Đời sống,"Bãi đá sông Hồng - nơi có bãi cát trải dài, những đồng cỏ mọc tự nhiên,
không khí trong lành và tĩnh lặng đã biến nơi đây trở nên hấp dẫn đặc biệt đối với các bạn trẻ, các cặp tình nhân.",NamSyntax/vietnamese-news-classification
namsyntax_1178152,Trịnh Xuân Thanh kháng cáo kêu oan,,32,,Pháp luật,"Hầu hết các bị cáo đều kháng cáo xin giảm nhẹ hình phạt và mức bồi thường, riêng Trịnh Xuân Thanh kháng cáo kêu oan.",NamSyntax/vietnamese-news-classification
namsyntax_747259,Nhà ở bị trực xung và cách hóa giải,,51,,Bất động sản,"Theo phong thủy trực xung, là cửa chính ngôi nhà ở đối diện với con
đường lớn, xưa gọi là “một mũi tên xuyên tim”, giống như một mũi tên
xuyên qua nhà, có thể thấy đó là điều không cát lợi.",NamSyntax/vietnamese-news-classification
namsyntax_899201,Indonesia 3-3 Lào,,24,,Thể thao,Lào liên tục dẫn trước và cầm hòa ứng viên vô địch Indonesia ở lượt hai bảng B ASEAN Cup 2024.,NamSyntax/vietnamese-news-classification
namsyntax_938204,Thủ tướng chúc mừng U23 Việt Nam vào tứ kết,,34,,Thể thao,Thủ tướng Phạm Minh Chính gửi lời chúc mừng đội tuyển U23 Việt Nam giành quyền vào tứ kết giải U23 châu Á 2022.,NamSyntax/vietnamese-news-classification
namsyntax_374397,Shein và Temu tăng giá do tác động của thuế quan,,39,,Kinh doanh,"Hai ông lớn thời trang nhanh đồng loạt thông báo điều chỉnh giá sản phẩm do chi phí tăng cao, dù không nêu rõ mức tăng cụ thể.",NamSyntax/vietnamese-news-classification
namsyntax_1289513,Con dâu yêu cầu mẹ chồng đóng góp phí sinh hoạt 3 triệu/tháng,,38,,Đời sống,"Tôi muốn mời mẹ ở hẳn với hai vợ chồng, nhưng vợ tôi yêu cầu bà phải đóng góp số tiền sinh hoạt 3 triệu/tháng.",NamSyntax/vietnamese-news-classification
namsyntax_958946,"Thể thao Việt Nam đặt chỉ tiêu 70-72 HCV, lọt top 3 SEA Games 30",,46,,Thể thao,"- Phó tổng cục trưởng Tổng cục TDTT Trần Đức Phấn cho biết, Đoàn Thể thao Việt Nam phấn đấu đoạt từ 70-72 HCV tại SEA Games 30 trên đất Philippines.",NamSyntax/vietnamese-news-classification
namsyntax_206793,Tướng Mỹ cảnh báo Ukraine trả giá rất đắt để đẩy lùi Nga,,46,,Thế giới,"Tướng Mỹ Mark Milley cho rằng chiến sự Ukraine phải kết thúc bằng giải pháp ngoại giao, cảnh báo Kiev phải trả giá rất đắt về người và của để đẩy lùi Nga.",NamSyntax/vietnamese-news-classification
namsyntax_889216,Bóng chuyền nữ Việt Nam thắng ngược Hàn Quốc ở Asiad 19,,52,,Thể thao,"Trung Quốc - Từ thế bị dẫn trước hai set, Việt Nam thắng ngược Hàn Quốc 3-2 ở bảng C môn bóng chuyền nữ Asiad 19 - tương tự như những gì diễn ra tại giải vô địch châu Á.",NamSyntax/vietnamese-news-classification
namsyntax_1315472,Những điều nên làm trong tháng cô hồn,,38,,Đời sống,"Theo tín ngưỡng dân gian, tháng 7 âm lịch hàng năm là tháng xấu, để hạn chế xui xẻo và tăng thêm may mắn, nên chú ý điều sau đây.",NamSyntax/vietnamese-news-classification
namsyntax_335861,Hàng không bán vé 'mua 1 tặng 1' để kiếm khách,,41,,Kinh doanh,"Một số hãng bay đang làm những điều không tưởng để có doanh thu mùa dịch, như giảm giá vé dịp cao điểm hay khuyến mãi ""mua 1 tặng 1"".",NamSyntax/vietnamese-news-classification
namsyntax_1230348,Vietnam AI Contest 2024 khẳng định sức hút của trí tuệ nhân tạo với người trẻ,,63,,Giáo dục,"Cuộc thi Trí tuệ nhân tạo Việt Nam 2024 (Vietnam AI Contest 2024) do Báo VietNamNet và VLAB Innovation tổ chức đã hoàn thành vòng thi trực tuyến vào ngày 9/10, mở ra một sân chơi đầy thử thách cho học sinh khối THPT trên cả nước.",NamSyntax/vietnamese-news-classification
namsyntax_1318675,Hà Nội: Dân chung cư bất an vì kiến ba khoang tấn công,,35,,Đời sống,"Nhiều ngày nay, người dân ở các khu chung cư Hà Nội bất an vì kiến ba khoang xuất hiện, tấn công.",NamSyntax/vietnamese-news-classification
namsyntax_738749,Bộ Tư pháp ‘tuýt còi’ văn bản tạm dừng tách thửa của Hà Nội,,66,,Bất động sản,"Bộ Tư pháp đề nghị UBND TP Hà Nội tự kiểm tra, xử lý công văn số 1685 (ngày 22/3/2022) của Sở Tài nguyên và Môi trường Hà Nội tạm dừng tách thửa đất vì không bảo đảm cơ sở pháp lý về nội dung và không thuộc thẩm quyền của Sở.",NamSyntax/vietnamese-news-classification
namsyntax_697230,"Tạm biệt nhé, netbook!",,39,,Khoa học,"Nổi lên từ cuối năm 2007, lên cơn sốt suốt năm 2008 nhưng đến nửa cuối năm 2009, netbook bắt đầu lụi tàn và bị thế hệ laptop siêu mỏng nhẹ và rẻ thay thế.",NamSyntax/vietnamese-news-classification
namsyntax_1066409,BST áo dài mừng 20/10 bắt mắt của Cao Minh Tiến,,40,,Giải trí,"Nhân ngày Phụ nữ Việt Nam 20/10, NTK Cao Minh Tiến ra mắt bộ sưu tập được anh thực hiện công phu suốt mùa dịch thứ 4 vừa qua.",NamSyntax/vietnamese-news-classification
namsyntax_345897,Tọa đàm về quản lý tài chính cá nhân trong 'bình thường mới',,49,,Kinh doanh,"Tiến sĩ Võ Đình Trí, bà Nguyễn Thị Loan - chuyên gia MSB sẽ chia sẻ những hạn chế trong quản lý tài chính cá nhân và đưa ra lời khuyên tại toạ đàm trên VnExpress.",NamSyntax/vietnamese-news-classification
namsyntax_1249291,Chống học lệch bằng 2 quy chế mới,,50,,Giáo dục,"Trao đổi với VietNamNet chiều 27/2, Thứ trưởng Bộ GD-ĐT Bùi Văn Ga cho rằng, việc ban hành hai quy chế
thi và tuyển sinh mới sẽ có tác động lớn tới việc dạy - học ở phổ thông
và đại học.",NamSyntax/vietnamese-news-classification
namsyntax_1261732,Triệu phú đồng tính yêu bạn trai của con gái,,34,,Đời sống,"Anh - Ly dị bạn đời chung sống 32 năm, triệu phú 50 tuổi đưa bạn trai cũ của con gái về ở cùng.",NamSyntax/vietnamese-news-classification
namsyntax_666332,"Tai nạn ô tô kinh hoàng, 2 người thiệt mạng",,35,,Khoa học,"Được biết, người lái ô tô gây tai nạn trên đường phố  Kazan, Nga trong tình trạng say xỉn. (Cảnh báo hình ảnh ghê rợn).",NamSyntax/vietnamese-news-classification
namsyntax_381643,EVNGENCO1 hoàn thành Đại hội công đoàn cơ sở đúng tiến độ,,58,,Kinh doanh,"Công đoàn Tổng công ty Phát điện 1 (EVNGENCO1) tiếp tục khẳng định bản lĩnh tổ chức vững mạnh, đoàn kết và đổi mới - sẵn sàng cho nhiệm kỳ 2025 - 2030 với tinh thần “Đồng hành - Sáng tạo - Vì người lao động”.",NamSyntax/vietnamese-news-classification
namsyntax_740461,"Những ý tưởng decor cực chất cho căn bếp, phòng ăn mùa đông",,36,,Bất động sản,"Decor để phòng ăn ấm áp vào mùa đông sẽ giúp bữa ăn ngon miệng hơn, tăng tính kết nối trong gia đình.",NamSyntax/vietnamese-news-classification
namsyntax_245834,Video Nga dùng xe tăng T-72 chặn Ukraine phản công gần Avdiivka,,49,,Thế giới,"Quân Nga đã dùng xe tăng T-72 phối hợp với máy bay không người lái (UAV) để ngăn chặn nỗ lực phản công của binh lính Kiev gần thị trấn Avdiivka ở vùng Donetsk, miền đông Ukraine.",NamSyntax/vietnamese-news-classification
namsyntax_798499,Ba loại bài tập cải thiện yếu sinh lý,,42,,Sức khỏe,"Tập kegel củng cố cơ sàn chậu, yoga tăng cường tuần hoàn máu, còn đạp xe, bơi lội cải thiện sức khỏe tim mạnh, từ đó giảm triệu chứng rối loạn cương dương.",NamSyntax/vietnamese-news-classification
namsyntax_591895,Bí quyết 5 phút đã giúp CEO của Instagram chiến thắng sự trì hoãn như thế nào?,,70,,Khoa học,"Dù sự trì hoãn đôi lúc thúc đẩy sự sáng tạo, tuy nhiên đa số chúng ta vẫn bị nó ""hành hạ"": gây lãng phí thời gian, giảm năng suất lao động. Vậy mà chỉ với bí quyết 5 phút, Kevin Systrom - CEO của Instagram đã chiến thắng được sự trì hoãn.",NamSyntax/vietnamese-news-classification
namsyntax_1134061,Đâm chết người sau va chạm giao thông ở Bắc Giang,,44,,Pháp luật,"Công an tỉnh Bắc Giang hôm nay (22/2) cho biết, đơn vị vừa tạm giữ đối tượng Dương Văn Hùng (SN 1999, ở Thái Nguyên) để điều tra về hành vi “giết người”.",NamSyntax/vietnamese-news-classification
namsyntax_832277,Mẹ mắc viêm gan B có nên cho con bú không?,,53,,Sức khỏe,"Đến nay, chưa có bằng chứng đầy đủ khẳng định virus viêm gan B lây qua sữa mẹ. Tuy nhiên, nếu em bé được dự phòng lây nhiễm đúng cách, việc bú sữa mẹ không làm tăng nguy cơ lây nhiễm bệnh.",NamSyntax/vietnamese-news-classification
namsyntax_1155253,Cảnh sát kỵ binh đổ người bắn súng,,42,,Pháp luật,"Thái Nguyên - Vận chuyển hàng đặc biệt băng núi, lội suối; đổ người bắn súng tấn công tội phạm... là những bài tập trên thao trường của cảnh sát cơ động kỵ binh.",NamSyntax/vietnamese-news-classification
namsyntax_730293,"Làm đường nhưng không nộp tiền góp vốn, 3 doanh nghiệp bị nhắc nhở",,59,,Bất động sản,"- Dự án xây dựng tuyến đường dài 3km đã hoàn thành và đưa vào sử dụng từ lâu nhưng đến nay vẫn chưa thanh toán, quyết toán. Nguyên nhân do 3 doanh nghiệp không thực hiện nghĩa vụ gốp vốn như đã cam kết.",NamSyntax/vietnamese-news-classification
namsyntax_725823,"Nhà phố thiết kế ấn tượng với 'thiên đường xanh', có 1-0-2",,54,,Bất động sản,"Khu vườn xanh điểm nhấn độc đáo cho ngôi nhà phố, kết hợp việc đưa ánh sáng tự nhiên qua các tấm kính lớn và giếng trời phía trên cầu thang... biến căn nhà như một bức tranh toàn cảnh nghệ thuật.",NamSyntax/vietnamese-news-classification
namsyntax_1112073,Hoàng Thùy Linh quá đỗi sexy bên vũ công nam,,32,,Giải trí,Hoàng Thùy Linh có nhiều động tác thân mật bên bạn nhảy trong MV nhạc điện tử 'Just you' vừa ra mắt.,NamSyntax/vietnamese-news-classification
namsyntax_741314,Nhà đẹp tuyệt đối chỉ với hai tông màu đen trắng đơn giản,,45,,Bất động sản,"Sự kết hợp hai tông màu kinh điển này khiến cả ngôi nhà, từ phòng ngủ
cho đến phòng tắm, mang nét tinh tế, sành điệu và không bao giờ lỗi
mốt.",NamSyntax/vietnamese-news-classification
namsyntax_714302,Căn chung cư có mái hiên lợp lá cọ,,42,,Bất động sản,Hà Nội - Mái hiên che mảnh vườn 20 m2 trở thành điểm nhấn ấn tượng nhất cho căn hộ được thiết kế theo phong cách phong cách vintage kết hợp wabi sabi.,NamSyntax/vietnamese-news-classification
namsyntax_1250981,"Đang làm bài, thí sinh ở Hà Nội phải đi cấp cứu",,42,,Giáo dục,"Sáng 4/7, tại Hội đồng thi Học viện Tài chính trong lúc làm bài thi đại học môn toán một thí sinh bị nôn mửa đã phải đi cấp cứu.",NamSyntax/vietnamese-news-classification
namsyntax_722345,Toàn cảnh ‘Hạ Long trên cạn’ ở Hà Nội của ‘chúa đảo’ Tuần Châu vẫn mắc cạn,,67,,Bất động sản,"Dự án khu du lịch, vui chơi giải trí, đô thị sinh thái Tuần Châu Hà Nội (Quốc Oai, Hà Nội) được kỳ vọng sẽ trở thành một ""Hạ Long trên cạn"" giữa lòng Thủ đô. Nhưng đến nay, sau hơn thập kỷ triển khai, vẫn dở dang “mắc cạn”.",NamSyntax/vietnamese-news-classification
namsyntax_1104975,Nhạc sĩ Thanh Tùng và chuyện cái ví khiến người đẹp nhất Việt Nam đỏ mặt,,54,,Giải trí,"Đó là một người dù đã khuất nhưng vẫn chiến thắng tất cả các bóng
hồng khác, ở lại mãi mãi với cuộc đời và một ca khúc hay nhất trong sự
nghiệp của nhạc sĩ Thanh Tùng.",NamSyntax/vietnamese-news-classification
namsyntax_522523,Trung Quốc thông xe xa lộ hơn 300 km xuyên sa mạc,,42,,Khoa học,"Xa lộ Úy Lê - Thả Mạt chính thức thông xe hôm 30/6, cho phép các phương tiện chạy qua sa mạc Taklimakan với vận tốc lên đến 80 km/h.",NamSyntax/vietnamese-news-classification
namsyntax_1348404,Bi hài chuyện “mày – tao” của “vợ chồng” sinh viên,,61,,Đời sống,"“Hùng ơi, múc tao xô nước”, tiếng Luyến từ sau khu vực bể nước vọng ra
phía mấy cậu SV. Chàng trai tên Hùng đáp: “Mày tự múc đi, tao đang
bận”. Ai không biết cứ tưởng họ là bạn nhưng thực ra họ là một cặp “vợ
chồng” SV.",NamSyntax/vietnamese-news-classification
namsyntax_1210769,Hơn 4.100 thí sinh được 10 điểm Giáo dục công dân,,29,,Giáo dục,Bộ GD-ĐT vừa công bố phổ điểm môn Giáo dục công dân thi tốt nghiệp THPT năm 2020.,NamSyntax/vietnamese-news-classification
namsyntax_426697,"Sốt chanh vàng Nhật, chị em đua nhau chi gần nửa triệu mua về làm detox",,61,,Kinh doanh,"Thông tin chanh vàng Nhật có chứa lượng vitamin C gấp đôi chanh ta và nhiều protein hơn nên nhiều chị em đã đua nhau mua chanh vàng Nhật với giá gần nửa triệu đồng/kg về làm detox giảm cân, giúp đẹp da, đẹp dáng.",NamSyntax/vietnamese-news-classification
namsyntax_65535,"Đốt phòng trọ người yêu, 7 người bị bỏng nặng ở Đồng Nai",,37,,Thời sự,"Do ghen tuông, Hiếu đã đốt phòng người yêu đang ở, sau đó phóng hoả phòng của mình khiến 7 người bị bỏng nặng.",NamSyntax/vietnamese-news-classification
namsyntax_151778,Đề xuất tăng thẩm quyền Thủ tướng: Còn ý kiến khác nhau,,32,,Thời sự,UB Thường vụ QH có nhiều ý kiến khác nhau về các quy định về thẩm quyền của Thủ tướng.,NamSyntax/vietnamese-news-classification
namsyntax_837684,"Người vợ trẻ mắc ung thư giai đoạn cuối, mổ ngồi để sinh con",,38,,Sức khỏe,"- Phát hiện ung thư di căn khi đang mang bầu 3 tháng, chị Liên quyết định giữ lại thai nhi để sinh con.",NamSyntax/vietnamese-news-classification
namsyntax_52240,Xe khách 45 chỗ văng khỏi lòng đường sau va chạm với xe tải,,42,,Thời sự,"Trên quốc lộ 6 thuộc địa phận xã Lóng Luông, huyện Vân Hồ (tỉnh Sơn La) vừa xảy ra vụ tai nạn giữa xe tải và xe khách.",NamSyntax/vietnamese-news-classification
namsyntax_517640,"Đồng Tháp chưa có cán bộ xã nào được đào tạo về kiểm tra, đo lường chất lượng",,52,,Khoa học,"Đại diện Sở KH&CN Đồng Tháp nêu một số hạn chế về nhân lực thực hiện các thủ tục hành chính về tổ chức đoàn kiểm tra, đo lường chất lượng tại cấp xã.",NamSyntax/vietnamese-news-classification
namsyntax_1332033,Vợ dùng tiền của tôi để ‘săn’ trai trẻ,,29,,Đời sống,"Vợ tôi 25 tuổi, còn tôi 36, tuy vậy tôi là trai tân còn vợ đã qua một lần đò.",NamSyntax/vietnamese-news-classification
namsyntax_342650,VsetGroup phát hành thêm 50 triệu cổ phiếu,,35,,Kinh doanh,Công ty Cổ phần Tập đoàn VsetGroup sẽ phát hành thêm 50 triệu cổ phiếu nhằm huy động vốn cho các dự án lớn đang triển khai.,NamSyntax/vietnamese-news-classification
namsyntax_1167746,Bộ Công an yêu cầu nhiều địa phương cung cấp hồ sơ các dự án trồng cây đô thị,,59,,Pháp luật,"Cơ quan An ninh điều tra Bộ Công an yêu cầu UBND Quảng Ngãi, Lâm Đồng, Phú Yên, Thừa Thiên - Huế... cung cấp hồ sơ các dự án trồng cây đô thị để xem xét dấu hiệu tội phạm.",NamSyntax/vietnamese-news-classification
namsyntax_23052,Hơn 13.000 tỷ đồng làm đường ven biển Bến Tre,,38,,Thời sự,"Đường ven biển miền Tây, đoạn qua Bến Tre dài 53 km, tổng mức đầu tư hơn 13.000 tỷ đồng, dự kiến thực hiện trong giai đoạn 2023-2025.",NamSyntax/vietnamese-news-classification
namsyntax_1186574,Vụ tố thầy hiếp dâm: Lần theo dấu vết nhà nghỉ,,52,,Pháp luật,"Theo lời kể của H., trong lúc chở em đi uống nước, thầy S. cho xe chạy
lòng vòng nên em không nhớ rõ nhà nghỉ đó thuộc xã nào, chỉ nhớ phía ngoài biển
có một chữ “…Tâm” rất to.",NamSyntax/vietnamese-news-classification
namsyntax_1043794,"Kiều Minh Tuấn tẩy tóc 4 lần, tăng 13kg để làm 'chồng' Lê Giang",,57,,Giải trí,"Trong ""Cô dâu hào môn"", Kiều Minh Tuấn đã thay đổi ngoại hình đáng kể. Để vào vai ông Hòa, nam diễn viên tăng 13kg, nuôi tóc và râu thật trong 6 tháng, tẩy tóc 4 lần để có màu bạc tự nhiên.",NamSyntax/vietnamese-news-classification
namsyntax_727131,Chủ dự án LA FONTANA “trốn nợ” nhà đầu tư,,49,,Bất động sản,"Mặc dù đã có Biên bản thanh lý Hợp đồng hợp tác đầu tư với nhà đầu tư,
tuy nhiên, chủ dự án LA FONTANA là CTCP Đầu tư Gia Tuệ đã không thực thi
trách nhiệm của mình.",NamSyntax/vietnamese-news-classification
namsyntax_62604,Hai vợ chồng tử vong sau cú tông vào đuôi xe tải dừng bên đường,,49,,Thời sự,"Đang lưu thông trên Quốc lộ 14 bằng xe máy, hai vợ chồng ở tỉnh Kon Tum bất ngờ tông vào đuôi xe tải đang đậu bên đường dẫn tới tử vong tại chỗ.",NamSyntax/vietnamese-news-classification
namsyntax_935182,"Chơi hơn người, Chelsea thắng dễ AC Milan",,31,,Thể thao,"Jorginho và Aubameyang ghi bàn trong chiến thắng 2-0 của Chelsea trên sân San Siro, khi AC Milan mất Tomori ngay phút 18.",NamSyntax/vietnamese-news-classification
namsyntax_725025,Trồng cây gì trước cửa để hút tài lộc năm Mậu Tuất 2018,,58,,Bất động sản,"Trong dịp đầu năm mới, ngoài việc sắp xếp trang hoàng lại nhà cửa để lấy may mắn, bạn cũng có thể trồng thêm một vài cây cảnh nhằm tạo không gian xanh và theo quan niệm dân gian có tác dụng “hút” tài lộc.",NamSyntax/vietnamese-news-classification
namsyntax_712811,Savills: Giá chung cư ven đô chạm 60 triệu đồng một m2,,47,,Bất động sản,Hà Nội - Khảo sát gần đây cho thấy giá bán giữa khu nội thành và ven đô ngày càng thu hẹp khi nơi giá chưng cư dự kiến khoảng 50-60 triệu đồng một m2.,NamSyntax/vietnamese-news-classification
namsyntax_1228763,"Top trường điểm chuẩn lớp 10 TPHCM thấp nhất, hơn 3 điểm/môn vẫn trúng tuyển",,51,,Giáo dục,"Sở GD-ĐT TPHCM đã công bố điểm chuẩn lớp 10 năm 2025. Sau đây là top trường có điểm chuẩn lớp 10 TPHCM năm 2025 thấp nhất, thí sinh chỉ cần 3,5 điểm/môn vẫn trúng tuyển.",NamSyntax/vietnamese-news-classification
namsyntax_369344,Chuyến bay Vietjet đầu tiên dùng nhiên liệu SAF tra nạp tại Việt Nam,,48,,Kinh doanh,"TP HCM - Chuyến bay sử dụng nhiên liệu hàng không bền vững SAF (Sustainable Aviation Fuel) do Petrolimex Aviation tra nạp, giảm thải 80% carbon, cất cánh ngày 17/10 tại Tân Sơn Nhất.",NamSyntax/vietnamese-news-classification
namsyntax_247233,"Mỹ phá nhiều tên lửa Houthi, EU áp trừng phạt các cá nhân có liên hệ Hamas",,49,,Thế giới,"Theo Bộ chỉ huy trung tâm Mỹ (US CENTCOM), hải quân nước này đã đánh chặn một cuộc tấn công tên lửa do nhóm vũ trang Houthi ở Yemen lên kế hoạch.",NamSyntax/vietnamese-news-classification
namsyntax_224393,Đại sứ quán Iran ở Syria bị cướp phá,,35,,Thế giới,"Iran cho biết đại sứ quán nước này ở Syria ""bị tấn công"" sau khi phiến quân tuyên bố kiểm soát hoàn toàn thủ đô Damascus.",NamSyntax/vietnamese-news-classification
namsyntax_740894,Ra mắt toà tháp căn hộ P1 The Pavilion thuộc Vinhomes Ocean Park,,56,,Bất động sản,"Ngày 23/2/2022, Công ty Cổ phần Vinhomes ra mắt tòa tháp căn hộ Pavilion 1 (P1) thuộc phân khu The Pavilion, đại đô thị Vinhomes Ocean Park, sở hữu ưu thế vượt trội “Nhà mặt phố - Cận Metro - Đa trải nghiệm”.",NamSyntax/vietnamese-news-classification
namsyntax_973042,Salah,,34,,Thể thao,"Dù bị dẫn trước từ rất sớm nhưng màn trình diễn chói sáng của Mohamed Salah khi ghi cả 2 bàn giúp Liverpool đánh bại Leicester 2-1, ở vòng 21 Ngoại hạng Anh.",NamSyntax/vietnamese-news-classification
namsyntax_801811,Các hormone hỗ trợ sinh lý nam,,27,,Sức khỏe,"Hormone tuyến giáp, kích thích nang trứng (FSH), testosterone, estrogen, prolactin đều hỗ trợ sức khỏe, sinh lý nam giới.",NamSyntax/vietnamese-news-classification
namsyntax_756528,Thêm hai ca nhiễm nCoV,,33,,Sức khỏe,"Chiều 11/10, Bộ Y tế ghi nhận hai ca dương tính nCoV, đều là ca nhập cảnh, được cách ly ngay tại tỉnh Đồng Nai và Hải Dương.",NamSyntax/vietnamese-news-classification
namsyntax_1140642,Ông Trần Phương Bình lãnh thêm 20 năm tù,,46,,Pháp luật,"Duyệt cho những hồ sơ khống vay hàng nghìn tỷ đồng, ông Trần Phương Bình khiến Ngân hàng Đông Á thiệt hại nặng nề. Với sai phạm này, ông Bình phải lãnh thêm 20 năm tù giam.",NamSyntax/vietnamese-news-classification
namsyntax_608395,Nên cho trẻ truy cập mạng bao lâu mỗi ngày?,,55,,Khoa học,"Một nghiên cứu mới xác thực, trẻ càng ""ghiền"" Internet và truy cập
mạng quá nhiều trong ngày, chúng càng ít chú tâm đến việc hoàn thành bài
tập ở nhà và dễ bị ảnh hưởng tiêu cực đến kết quả học tập trên lớp.",NamSyntax/vietnamese-news-classification
namsyntax_204673,Ukraine tuyên bố bắn hạ 45 UAV Nga,,35,,Thế giới,Chính quyền Ukraine hôm nay cho biết các lực lượng nước này đã bắn hạ 45 máy bay không người lái (UAV) Nga trong đêm Giao thừa.,NamSyntax/vietnamese-news-classification
namsyntax_829443,TP.HCM tiêm 800.000 liều vắc xin Covid-19 cho những ai?,,40,,Sức khỏe,"Bộ Y tế sẽ phối hợp với TP.HCM hoàn tất tiêm 800.000 liều vắc xin Covid-19 trong 1 tuần, trong đó mở rộng thêm các đối tượng được tiêm chủng.",NamSyntax/vietnamese-news-classification
namsyntax_400609,"Cô gái 9X làm Bản đồ số trái cây, kết nối nông dân Việt ra toàn cầu",,51,,Kinh doanh,"Khởi nghiệp bán trái cây cao cấp với khoản tiền 12 triệu đi vay, 9X Việt nay làm Bản đồ số trái cây Việt Nam khiến Bộ trưởng Nông nghiệp các nước bất ngờ.",NamSyntax/vietnamese-news-classification
namsyntax_321282,"Bin Laden chết, kẻ bị truy nã số 1 là ai?",,38,,Thế giới,"Đây là nhân vật mạnh nhất trong cuộc chiến chống thuốc phiện
đẫm máu ở Mexico, người cai quản vương quốc thuốc phiện giá 1 tỷ USD",NamSyntax/vietnamese-news-classification
namsyntax_908201,Mourinho: 'Tôi từng gạt Pogba để dành chỗ cho McTominay',,40,,Thể thao,"Bồ Đào Nha - HLV Jose Mourinho tiết lộ nhận được món quà tri ân của học trò cũ Scott McTominay, khi Benfica đấu Napoli tại lượt sáu Champions League.",NamSyntax/vietnamese-news-classification
namsyntax_710722,Mỹ: Dùng tin nhắn báo có tội phạm,,30,,Khoa học,"Đường dây nóng truyền thống đã trở nên lỗi thời. Cảnh sát Boston thiết lập ""đường dây nóng"" mới bằng tin nhắn.",NamSyntax/vietnamese-news-classification
namsyntax_1137472,Đối tượng có 4 tiền án đạp xe từ Hải Phòng đến Quảng Ninh để 'khoắng' đồ,,41,,Pháp luật,"Khi bị phát hiện đang cạy phá hòm công đức, Huấn đã bỏ chạy và tấn công lực lượng Công an tỉnh Quảng Ninh.",NamSyntax/vietnamese-news-classification
namsyntax_904813,Việt Nam đăng cai chặng Pickleball PPA Tour châu Á,,36,,Thể thao,"Việt Nam - PPA Tour Asia sẽ lần đầu có mặt ở Việt Nam, với giải đấu mang tên Vietnam Open diễn ra vào tháng 9.",NamSyntax/vietnamese-news-classification
namsyntax_535949,Tại sao không thể luộc trứng trên đỉnh Everest?,,42,,Khoa học,"Do nhiệt độ sôi của nước thay đổi theo độ cao, lòng trắng và lòng đỏ của trứng sẽ không thể chín hoàn toàn nếu luộc trên đỉnh núi Everest cao 8.849 m.",NamSyntax/vietnamese-news-classification
namsyntax_37535,Đêm nay và ngày mai Hà Nội tiếp tục mưa,,49,,Thời sự,"Do tác động của đới gió đông nam và dải hội tụ nhiệt đới, Hà Nội - nơi ngày mai diễn ra lễ sơ duyệt chuẩn bị cho đại lễ Quốc khánh - dự kiến tiếp tục có mưa.",NamSyntax/vietnamese-news-classification
namsyntax_743014,Nam Đà Nẵng - ‘thủ phủ’ mới của BĐS nghỉ dưỡng,,56,,Bất động sản,Khu vực Nam Đà Nẵng đang dần trở thành khu vực trung tâm khi nằm trên trục đường phát triển chiến lược của thành phố; là nơi tập hợp nhiều dự án nghĩ dưỡng và bất động sản với quy mô lớn và rất lớn.,NamSyntax/vietnamese-news-classification
namsyntax_1150710,Gã hàng xóm say rượu dùng vũ lực hiếp dâm bé gái 12 tuổi,,39,,Pháp luật,"Sau khi uống rượu, gã đàn ông ở miền Tây dùng vũ lực thực hiện hành vi hiếp dâm bé gái 12 tuổi cùng xóm.",NamSyntax/vietnamese-news-classification
namsyntax_337511,Thủ tướng: Việt Nam quyết giảm thặng dư thương mại với Mỹ,,36,,Kinh doanh,Chính phủ Việt Nam quyết tâm cùng Mỹ thực hiện kế hoạch chung hướng tới cán cân thương mại hài hoà và bền vững.,NamSyntax/vietnamese-news-classification
namsyntax_335948,Tupperware Việt Nam đạt mốc 150 cửa hàng tại Việt Nam,,34,,Kinh doanh,"Tupperware Việt Nam liên tiếp mở rộng chuỗi cửa hàng ủy quyền trên toàn quốc, bất chấp khó khăn chung do đại dịch.",NamSyntax/vietnamese-news-classification
namsyntax_717082,"Đã có chung cư, nên đầu tư thêm nhà trong hẻm?",,39,,Bất động sản,"Nhà đầu tư nên chọn loại hình an toàn, bản thân am hiểu và dễ dàng quản lý, tránh tâm lý mạo hiểm ôm đồm, theo chuyên gia.",NamSyntax/vietnamese-news-classification
namsyntax_944983,Quế Ngọc Hải: Tuyển Việt Nam biến giấc mơ World Cup thành hiện thực,,42,,Thể thao,"Thủ quân tuyển Việt Nam Quế Ngọc Hải tự tin trong tương lai gần, giấc mơ đến World Cup sẽ được tuyển Việt Nam biến thành hiện thực.",NamSyntax/vietnamese-news-classification
namsyntax_923496,"MU tham vọng ký Lamine Yamal, Arsenal mua Openda",,35,,Thể thao,"MU tham vọng chiêu mộ Lamine Yamal, Arsenal liên hệ Openda, PSG đàm phán ký De Ligt là những tin chuyển nhượng chính hôm nay, 27/1.",NamSyntax/vietnamese-news-classification
namsyntax_743412,Tỷ phú Trung Quốc mua loạt 6 căn hộ triệu USD và bỏ trống,,45,,Bất động sản,"Vị tỷ phú 32 tuổi vung tay mua liền 6 căn hộ xa xỉ với tổng số tiền 37 triệu USD ở Sydney, nhưng anh không hề sinh sống tại đó.",NamSyntax/vietnamese-news-classification
namsyntax_1184998,"Bình Dương: Giả nhà sư đi khất thực về... nuôi vợ, con",,54,,Pháp luật,"3 vị sư giả đã bị Ban Trị sự Phật giáo TP. Thủ Dầu Một – Bình Dương vạch trần là sư giả. Có vị sư giả trong bình bát chứa đến hơn 700.000 đồng. Đây là tiền “khất thực”, lừa đảo!",NamSyntax/vietnamese-news-classification
namsyntax_805271,"Kết hôn muộn, gian nan 'tìm' con",,39,,Sức khỏe,"Hà Nội - Chị Minh, 49 tuổi, buồng trứng cạn kiệt, trải qua 7 chu kỳ gom noãn để thụ tinh ống nghiệm mới tạo được phôi duy nhất và có con.",NamSyntax/vietnamese-news-classification
namsyntax_136208,Vụ bảo vệ cản xe cấp cứu: Giám đốc BV Nhi lên tiếng,,40,,Thời sự,Thêm một clip nữa được đăng tải trong vụ tố bảo vệ Bệnh viện Nhi Trung ương chặn xe cấp cứu chở bệnh nhi đang hấp hối.,NamSyntax/vietnamese-news-classification
namsyntax_809875,"Rau tầm bóp hạ sốt, trị ho được không?",,50,,Sức khỏe,"Con tôi 15 tháng tuổi, bị sốt, sổ mũi và ho có đờm hơn hai ngày nay, hàng xóm mách cho ăn trái và uống nước lá tầm bóp để chữa trị, có đúng không? (Phương Thảo, 24 tuổi, An Giang)",NamSyntax/vietnamese-news-classification
namsyntax_1083389,"Vượt qua 6 sao nam, Lan Ngọc chiến thắng Running Man mùa 1",,36,,Giải trí,"- Sau 15 tập phát sóng, thành viên nữ duy nhất của Chạy đi chờ chi xuất sắc trở thành kẻ mạnh nhất.",NamSyntax/vietnamese-news-classification
namsyntax_378165,Dấu ấn hai thập niên hoạt động Trung tâm sự kiện Âu Cơ,,49,,Kinh doanh,"Trung tâm tổ chức sự kiện Âu Cơ đón trung bình 1.000 sự kiện hội nghị, lễ kỷ niệm, gala mỗi năm, liên tục mở rộng quy mô để đáp ứng nhu cầu tại Hải Dương.",NamSyntax/vietnamese-news-classification
namsyntax_460921,Tung tiền ra phố gây tắc nghẽn giao thông,,26,,Kinh doanh,Hàng nghìn tờ 500 Dirham Ả rập – trị giá khoảng 88 Bảng đã bay qua Dubai.,NamSyntax/vietnamese-news-classification
namsyntax_295419,Phó tổng tham mưu trưởng quân đội Trung Quốc bị bắt,,40,,Thế giới,"Theo tờ South China Morning Post, Phó tổng tham mưu trưởng
quân đội Trung Quốc đã bị bắt tại Thành Đô, Tứ Xuyên, vì “vi phạm kỷ luật đảng”.",NamSyntax/vietnamese-news-classification
namsyntax_1314065,"Bất ngờ vùng biên: Sở hữu tiền tỷ, biệt thự nhờ bán sức thâu đêm",,56,,Đời sống,"Đối mặt nhiều nguy hiểm khi vác hàng qua các cung đường mòn, đội ngũ cửu vạn có thể bỏ túi tiền triệu mỗi đêm. Từ đây nhiều người đổi đời, sở hữu tiền tỷ và biệt thư ở quê nhà.",NamSyntax/vietnamese-news-classification
namsyntax_458472,"Chơi ô tô nhập: Giá đắt gấp 3, cắt giảm thiết bị an toàn",,56,,Kinh doanh,"Dù Việt Nam đã có Quy chuẩn kỹ thuật quốc gia về
chất lượng an toàn kỹ thuật và bảo vệ môi trường, nhưng do quy chuẩn sơ
sài, nên người mua vẫn phải chịu cảnh xe giá cao, chất lượng thấp.",NamSyntax/vietnamese-news-classification
namsyntax_968597,Kết quả bóng đá hôm nay 5/8,,28,,Thể thao,"VietNamNet cập nhật lịch thi đấu và kết quả bóng đá đêm qua, rạng sáng nay nhanh và chính xác nhất.",NamSyntax/vietnamese-news-classification
namsyntax_1136480,"Lời khai của lão ông 74 tuổi sát hại hàng xóm, giấu xác dưới kênh",,47,,Pháp luật,"Thấy người hàng xóm đang đào đất ngoài vườn, lão ông 74 tuổi cầm xẻng từ phía sau tiến tới đập nhiều nhát rồi kéo thi thể nạn nhân giấu xuống kênh.",NamSyntax/vietnamese-news-classification
namsyntax_1157821,Cuộc báo thù của 5 ông anh,,37,,Pháp luật,"Trung Quốc - Thấy em chết thảm, để lại ba con thơ, năm người anh quỳ trước mặt mẹ, thề: ""Không bắt được hung thủ, không bao giờ bỏ cuộc"".",NamSyntax/vietnamese-news-classification
namsyntax_892345,Everton được trả lại 4 điểm tại Ngoại hạng Anh,,41,,Thể thao,"Anh - Everton kháng cáo thành công và được trả lại bốn trong số mười điểm bị trừ mùa này, qua đó vươn lên vị trí thứ 15 Ngoại hạng Anh.",NamSyntax/vietnamese-news-classification
namsyntax_1326119,Obama rớt nước mắt nói về Ngày của Cha,,47,,Đời sống,"Phát biểu nhân Ngày của Cha, Tổng thống Obama nhắc lại thảm kịch ở Orlando để nhấn mạnh rằng các ông bố cần dạy cho con về lòng bao dung và sự bình đẳng, sống với tình thương.",NamSyntax/vietnamese-news-classification
namsyntax_213771,Phương Tây có thể thúc giục Ukraine tuyển lính đến 70 tuổi,,40,,Thế giới,Lãnh đạo tình báo Nga nói rằng phương Tây đang hối thúc Ukraine mở rộng độ tuổi tuyển lính động viên từ 18-60 hiện nay lên 17-70 tuổi.,NamSyntax/vietnamese-news-classification
namsyntax_775245,Cứu sống bệnh nhân đã 'chuẩn bị hậu sự',,52,,Sức khỏe,"TP HCM - Người đàn ông ngoài 50 tuổi, bị chấn thương sọ não nặng do tai nạn giao thông, gia đình đưa về nhà lo hậu sự thì thấy cử động chân tay, mở mắt nên chuyển vào Bệnh viện Trưng Vương.",NamSyntax/vietnamese-news-classification
namsyntax_1139067,Khởi tố cháu ngoại sát hại ông bà hơn 80 tuổi ở Hưng Yên,,46,,Pháp luật,Nghi phạm sát hại ông bà ngoại hơn 80 tuổi ở Hưng Yên vừa bị cơ quan điều tra Công an tỉnh khởi tố để điều tra về hành vi Giết người.,NamSyntax/vietnamese-news-classification
namsyntax_1227269,Điểm khác biệt của chương trình quốc tế toàn phần Cambridge ở VAS,,63,,Giáo dục,"VAS sắp triển khai Chương trình quốc tế toàn phần Cambridge với nhiều ưu điểm:Giảm tải áp lực học tập, tích hợp đa môn, tăng thời lượng giảng dạy bằng tiếng Anh với đầu ra là chứng chỉ Tú tài quốc tế Cambridge A Level và Tú tài quốc gia.",NamSyntax/vietnamese-news-classification
namsyntax_324994,Cách làm nên hương vị riêng tại chuỗi cửa hàng trà Presotea,,42,,Kinh doanh,"Presotea có bí quyết riêng khi pha trà tươi bằng máy nên lưu giữ gần như trọn vẹn hương vị của danh trà nổi tiếng như Oolong, Camellia, trà đen…",NamSyntax/vietnamese-news-classification
namsyntax_1255712,“Luyện” CPA Australia ở Việt Nam,,39,,Giáo dục,"Ngày 17/6, hội thảo về “Chương
trình đào tạo và luyện thi chứng chỉ CPA Australia” sẽ diễn ra tại Học viện Tài
chính, số 8 Phan Huy Chú, Hoàn Kiếm, Hà Nội.",NamSyntax/vietnamese-news-classification
namsyntax_755629,Bài tập bắp tay cho nam,,35,,Sức khỏe,"Chuỗi động tác plank, đi bằng tay, gập người... không yêu cầu nhiều kỹ thuật, có tác dụng giúp cơ bắp to, vạm vỡ, nhất là bắp tay sau.",NamSyntax/vietnamese-news-classification
namsyntax_1191956,Chặng đường giành học bổng BUV 100% của nữ sinh Huế,,40,,Giáo dục,"Quyết định không thi đại học chính quy, Trần Phương Thảo Ngọc giành học bổng 100% ngành Ứng dụng sáng tạo đương đại theo chuẩn Anh Quốc tại BUV.",NamSyntax/vietnamese-news-classification
namsyntax_359934,Cách điều hòa Aqua chinh phục khách hàng Việt,,35,,Kinh doanh,"Điều hòa của Aqua có mặt trên thị trường 18 năm, chinh phục người dùng Việt nhờ công nghệ từ Nhật Bản, chi phí hợp lý.",NamSyntax/vietnamese-news-classification
namsyntax_1104612,Hạ Vi khẳng định đang hạnh phúc bên Cường Đôla,,33,,Giải trí,"Diễn viên Hạ Vi cho biết, cô vẫn đang hạnh phúc bên Cường Đôla và khá tức giận khi luôn bị quy chụp.",NamSyntax/vietnamese-news-classification
namsyntax_1302095,Chàng trai 'chưa mảnh tình vắt vai' tỏ tình khiến cô gái TPHCM xiêu lòng,,43,,Đời sống,"Ngay lần đầu gặp trên sóng Bạn muốn hẹn hò, chàng trai 35 tuổi đã được bạn gái tặng 1 lá thư viết tay khiến anh rung động.",NamSyntax/vietnamese-news-classification
namsyntax_1090056,Ca sĩ thần tượng lộ ảnh giường chiếu với gái quán bar,,54,,Giải trí,Tay trống của nhóm nhạc nổi tiếng Kanjani Eight vừa bị tung ảnh nóng cùng 1 nữ tiếp viên quán bar. Điều đáng nói là Tadayoshi Okura vẫn còn đang trong quan hệ với bạn gái là nữ diễn viên Yoshitaka Yuriko.,NamSyntax/vietnamese-news-classification
namsyntax_1000084,Gợi ý loạt quà tri ân thầy dịp 20/11,,33,,Giải trí,"Máy trợ giảng, vòng tay đo sức khỏe, thắt lưng, giày, đồng hồ... có thể làm quà tặng tri ân thầy nhân ngày 20/11.",NamSyntax/vietnamese-news-classification
namsyntax_722938,"Mâu thuẫn đất đai, người phụ nữ tố bị 2 thanh niên nhét chất thải bẩn vào miệng",,57,,Bất động sản,"Trong lúc cự cãi vì mâu thuẫn đất đai với hàng xóm, bà Nguyễn Thị Th. (SN 1958, ở Hà Tĩnh) tố đã bị 2 anh em ruột lao vào hành hung rồi nhét chất thải bẩn vào miệng.",NamSyntax/vietnamese-news-classification
namsyntax_268070,Cố vấn thân cận của ông Biden mắc Covid-19,,29,,Thế giới,"Ông Cedric Richmond, cố vấn thân cận của Tổng thống đắc cử Mỹ Joe Biden, được xác nhận nhiễm Covid-19.",NamSyntax/vietnamese-news-classification
namsyntax_831970,Phát hiện ung thư di truyền từ mẹ sang con,,34,,Sức khỏe,Nhật Bản xác nhận 2 trường hợp trẻ em đầu tiên mắc ung thư phổi do di truyền từ mẹ sang trong lúc sinh.,NamSyntax/vietnamese-news-classification
namsyntax_200998,Nữ hoàng Elizabeth II được an táng cạnh Hoàng thân Philip,,39,,Thế giới,Linh cữu Nữ hoàng Elizabeth II được an táng bên cạnh chồng là Hoàng thân Philip trong buổi lễ riêng tư của gia đình tại Lâu đài Windsor.,NamSyntax/vietnamese-news-classification
namsyntax_716522,Tham vọng dẫn đầu ngành nội thất Việt của Come Home,,41,,Bất động sản,Ông lớn bán lẻ Central Retail định vị Come Home là thương hiệu nội thất bản địa phục vụ tập khách hàng Việt với mục tiêu thống trị thị trường.,NamSyntax/vietnamese-news-classification
namsyntax_1215196,“Công cuộc đổi mới giáo dục đòi hỏi phải giải nhiều bài toán cùng một lúc”,,60,,Giáo dục,Đó là chia sẻ của Bộ trưởng Nguyễn Kim Sơn tại cuộc làm việc giữa đoàn công tác của Bộ GD-ĐT với lãnh đạo tỉnh Đồng Tháp nhằm nắm bắt tình hình giáo dục và đào tạo tại địa phương diễn ra chiều 25/12.,NamSyntax/vietnamese-news-classification
namsyntax_1160547,Camera an ninh: Người dân bắt trộm,,40,,Pháp luật,"TP HCM - Thấy gã trộm bẻ khoá xe máy phóng đi, ba nhân viên cửa hàng ở quận Gò Vấp chạy theo quật ngã, khống chế giao cho công an, ngày 25/7.",NamSyntax/vietnamese-news-classification
namsyntax_851852,HLV Betis: 'Tôi mong Messi bị cảm lạnh',,29,,Thể thao,Rubi muốn ngôi sao của Barca nghỉ thi đấu khi hai đội gặp nhau ở vòng 2 La Liga tuần này.,NamSyntax/vietnamese-news-classification
namsyntax_3567,'Vĩnh Phúc sẽ không để dịch corona lây lan ra ngoài',,36,,Thời sự,"Lãnh đạo Vĩnh Phúc nói tỉnh đã áp dụng nhiều biện pháp mạnh, qua đó giúp kiểm soát tốt vùng dịch ở xã Sơn Lôi.",NamSyntax/vietnamese-news-classification
namsyntax_1194930,18 năm dạy học sinh khuyết tật,,41,,Giáo dục,"Trung Quốc - Suốt 18 năm qua, Zhang Ronghua gắn bó với công việc dạy học cho học sinh gặp vấn đề về nghe, trí tuệ hoặc không thể tự chăm sóc bản thân.",NamSyntax/vietnamese-news-classification
namsyntax_719203,Chung cư cũ TP HCM tăng giá nhưng khó giao dịch,,34,,Bất động sản,Nhiều dự án chung cư thứ cấp tại TP HCM có giá tăng 20-30% trong một năm nhưng khó kiếm khách sang tay.,NamSyntax/vietnamese-news-classification
namsyntax_1231073,Bài mẫu viết thư UPU lần thứ 53: UPU giúp chúng ta chia sẻ thông điệp với thế giới,,42,,Giáo dục,"Dưới đây là bài mẫu viết thư UPU lần thứ 53, các em học sinh tham gia cuộc thi có thể tham khảo.",NamSyntax/vietnamese-news-classification
namsyntax_636145,[LMHT] GPL Mùa Hè 2015 đã sẵn sàng!,,49,,Khoa học,"(GameSao) - Chiều nay giải đấu LMHT được mong chờ nhất GPL Mùa Hè 2015 sẽ chính thức khởi tranh, chúng ta hãy cùng sẵn sàng để cháy hết mình với những trận đấu hấp dẫn nhất của các đội tuyển.",NamSyntax/vietnamese-news-classification
namsyntax_19882,"Cháy nhà, hai trẻ em tử vong",,43,,Thời sự,"TP HCM - Phá cửa căn nhà cháy ở huyện Bình Chánh, người dân cứu được 4 đứa trẻ, trong khi hai anh em (10 và 1 tuổi) kẹt ở gác lửng ngạt khói bất tỉnh.",NamSyntax/vietnamese-news-classification
namsyntax_1098183,Giới thiệu 150 hiện vật cổ về văn hóa biển đảo Việt Nam,,63,,Giải trí,"150 hiện vật cổ về văn hóa biển đảo Việt Nam qua các thời kỳ lịch sử, hiện vật, trang phục lễ hội cư dân vùng biển của các Bảo tàng, Nhà sưu tập tư nhân...sẽ được trưng bày tại triển lãm ""Di sản văn hóa biển, đảo Việt Nam"".",NamSyntax/vietnamese-news-classification
namsyntax_309369,"Phe li khai không ngừng bắn, Ukraina trong tình trạng chiến tranh",,48,,Thế giới,"Ngay sau khi tân Tổng thống Ukraina đưa ra một lệnh ngừng bắn đơn phương
như một phần kế hoạch hòa bình 14 điểm, phe li khai ở miền đông nước này lập tức
bác bỏ.",NamSyntax/vietnamese-news-classification
namsyntax_1008307,Hậu trường đấu võ của Bình Minh,,30,,Giải trí,"Trận MMA quyết chiến của Bình Minh - diễn viên chính phim điện ảnh ""Sám hối"" - được đầu tư bảy tỷ đồng.",NamSyntax/vietnamese-news-classification
namsyntax_1162637,Dễ gặp tội phạm ngày 'vía' Thần Tài,,43,,Pháp luật,"TP HCM - Người dân mang theo nhiều tiền, chen chúc mua sắm vàng, lễ vật... trong ngày ""vía"" Thần Tài sẽ là điều kiện lý tưởng cho tội phạm gây án, theo cảnh sát.",NamSyntax/vietnamese-news-classification
namsyntax_1181875,Đường dây trộm cắp và tiêu thụ phụ tùng ô tô,,46,,Pháp luật,"Hôm qua (6/2), Công an TP.Hà Nội đã đột kích bắt giữ 5 đối tượng được xem là mắt xích quan trọng trong một đường dây trộm cắp và tiêu thụ phụ tùng ô tô.",NamSyntax/vietnamese-news-classification
namsyntax_868090,Ronaldo thua Lukaku ở bình chọn Serie A,,32,,Thể thao,"Vượt Cristiano Ronaldo, tiền đạo Romelu Lukaku giành giải ""Cầu thủ hay nhất Serie A 2020-2021"" do ban tổ chức giải đấu bầu chọn.",NamSyntax/vietnamese-news-classification
namsyntax_1292913,"Xét nghiệm ADN cho em bé bị bỏ rơi ở Quảng Ninh nhận mẹ, nhiều người bật khóc",,35,,Đời sống,Tiếng khóc của em bé trong ngày lấy mẫu xét nghiệm ADN khiến người xem nhói lòng.,NamSyntax/vietnamese-news-classification
namsyntax_391222,"‘Của để dành’ hơn 1 tỷ USD, Masan tự tin thực hiện kế hoạch năm 2024",,47,,Kinh doanh,"Nắm lượng tiền mặt lớn, Masan tự tin thực hiện các kế hoạch phát triển chiến lược, nhắm mục tiêu doanh thu thuần từ 84.000 đến 90.000 tỷ đồng năm 2024.",NamSyntax/vietnamese-news-classification
namsyntax_840690,'Biệt dược' tự nhiên tăng sức mạnh đàn ông,,36,,Sức khỏe,"Quý ông nên tận dụng những công dụng quý từ thực phẩm, có thể giúp “cậu nhỏ” tăng sức mạnh, giúp bữa tiệc yêu thêm mãnh liệt.",NamSyntax/vietnamese-news-classification
namsyntax_1151126,Hai cậu cháu lãnh án nặng vì tội mua bán người,,35,,Pháp luật,"Lừa 5 người bán sang Campuchia để hưởng lợi 900 USD, hai cậu cháu ở Đắk Lắk bị tuyên phạt tổng 21 năm tù.",NamSyntax/vietnamese-news-classification
namsyntax_1190548,Những lưu ý khi đăng ký Kid Lab,,39,,Giáo dục,Kid Lab là chuyên mục cung cấp hàng trăm video hướng dẫn thí nghiệm trực tuyến cho trẻ do VnExpress phối hợp cùng Viện khoa học hàn lâm Nga xây dựng.,NamSyntax/vietnamese-news-classification
namsyntax_440124,Sau 4 tỷ phú USD: Đếm 'két tiền' của những tỷ phú đô la chưa lộ diện,,60,,Kinh doanh,"Tới thời điểm này, mới có 4 tỷ phú USD người Việt ghi danh toàn cầu. Song, trên thực tế còn rất nhiều gương mặt sáng giá với những két tiền được cho là khổng lồ mà ít ai có thể đo đếm.",NamSyntax/vietnamese-news-classification
namsyntax_1205519,Bác tin lộ đề thi học sinh giỏi Toán ở Hà Nội,,49,,Giáo dục,"Hà Nội - Đề thi học sinh giỏi môn Toán lớp 9 của quận Hai Bà Trưng bị tố trùng đề ôn luyện của trường Trưng Vương trước đó vài ngày, nhà chức trách đã bác bỏ.",NamSyntax/vietnamese-news-classification
namsyntax_1324991,Clip 45 trẻ em cover,,44,,Đời sống,"45 trẻ em trên thế giới hát, chơi nhạc cụ qua ca khúc Heal the world để bày tỏ lòng tưởng nhớ Michael Jackson. Video hiện đã có hơn 20 triệu người xem và 555 ngàn lượt chia sẻ.",NamSyntax/vietnamese-news-classification
namsyntax_1079401,"2019, tổng doanh thu nhà xuất bản trong cả nước đạt 2.600 tỷ đồng",,60,,Giải trí,"Cục trưởng Cục Xuất bản, In và Phát hành Nguyễn Nguyên cho rằng, trong bối cảnh thế giới ngày càng biến động, khó lường thì sách – một sản phẩm văn hóa, đã được nhiều nước biến thành một công cụ thực hiện “sức mạnh mềm”.",NamSyntax/vietnamese-news-classification
namsyntax_347166,Uỷ ban Chứng khoán xem xét phạt ông Trịnh Văn Quyết bán 'chui' cổ phiếu,,46,,Kinh doanh,"Uỷ ban Chứng khoán đang xem xét xử lý việc ông Trịnh Văn Quyết bán 74,8 triệu cổ phiếu FLC hôm 10/1 mà không công bố thông tin trước giao dịch.",NamSyntax/vietnamese-news-classification
namsyntax_100668,Phó Thủ tướng mừng tuổi sách cho các cháu học sinh,,56,,Thời sự,"Nhiều học sinh tại trường THCS Mạc Đĩnh Chi, trường Tiểu học Ngọc Hà (quận Ba Đình) rất vui thích khi nhận những cuốn sách mừng tuổi của Phó Thủ tướng Vũ Đức Đam, trong ngày đầu đến lớp sau kỳ nghỉ Tết, sáng 30/1.",NamSyntax/vietnamese-news-classification
namsyntax_948722,"Sergio Ramos tiếc Ronaldo, ủng hộ Real ký Haaland hơn Mbappe",,41,,Thể thao,"Đội trưởng Sergio Ramos tuyên bố, cả Real Madrid và Ronaldo đều thua bởi cuộc chia tay, và lựa chọn CLB ký Haaland khi đặt lên bàn cân với Mbappe.",NamSyntax/vietnamese-news-classification
namsyntax_1002551,Heidi Klum lo lắng vì không được xét nghiệm nCoV,,36,,Giải trí,"Mỹ - Siêu mẫu Heidi Klum bị cảm cúm nên tự cách ly tại nhà riêng, lo lắng vì không được chỉ định xét nghiệm nCoV.",NamSyntax/vietnamese-news-classification
namsyntax_91685,"Mùng 1 Tết, CSGT xử phạt gần 1.800 vi phạm giao thông, tạm giữ 690 xe",,43,,Thời sự,"Mùng 1 Tết Tân Sửu, CSGT toàn quốc phát hiện, xử lý 178 trường hợp vi phạm nồng độ cồn, 3 trường hợp sử dụng ma túy.",NamSyntax/vietnamese-news-classification
namsyntax_264034,Mỹ truy tố 9 người tham gia chiến dịch 'săn cáo' của Trung Quốc,,48,,Thế giới,Bộ Tư pháp Mỹ mới đây đã truy tố 9 đối tượng bị tình nghi tham gia các hoạt động săn lùng và áp giải những người Trung Quốc đào tẩu ra nước ngoài.,NamSyntax/vietnamese-news-classification
namsyntax_375144,17 cá nhân muốn mua 750 triệu cổ phiếu của Ngân hàng Quốc Dân,,37,,Kinh doanh,"NCB muốn bán 750 triệu cổ phiếu cho 17 cá nhân, qua đó vốn điều lệ tăng hơn 60% lên 19.280 tỷ đồng.",NamSyntax/vietnamese-news-classification
namsyntax_974407,Chung kết sớm V-League: FLC Thanh Hoá hoà kịch tính Hà Nội,,57,,Thể thao,"Cuộc đọ sức giữa FLC Thanh Hoá và Hà Nội FC tại vòng 21 V-League xứng đáng là trận cầu tâm điểm, với màn rượt đuổi tỷ số nghẹt thở đến những phút cuối cùng, trước khi chia điểm nhau với tỷ số hoà 3-3.",NamSyntax/vietnamese-news-classification
namsyntax_752327,Bốn giai đoạn điều trị Covid-19,,34,,Sức khỏe,"Bệnh nhân Covid-19 nhập viện được điều trị bằng nhiều phương pháp, từ thở oxy đơn giản đến các thủ thuật xâm lấn hiện đại nhất là ECMO.",NamSyntax/vietnamese-news-classification
namsyntax_344553,"Giá vàng giảm, chứng khoán Mỹ tăng",,32,,Kinh doanh,"Đóng cửa phiên 7/10, giá vàng giao ngay trên thị trường New York giảm 0,45% trong khi các chỉ số chứng khoán Mỹ đi lên.",NamSyntax/vietnamese-news-classification
namsyntax_1156726,Hai bố con cùng lĩnh án,,43,,Pháp luật,"Hà Tĩnh - Ông Phạm Văn Lập bị phạt 14 năm tù, con trai Phạm Văn Nam lĩnh 9 năm vì hợp sức đâm chết hàng xóm Trần Văn Thuyết do mâu thuẫn khi đi chơi Tết.",NamSyntax/vietnamese-news-classification
namsyntax_800889,Viêm gan D,,28,,Sức khỏe,"Viêm gan D là bệnh nhiễm trùng gan do virus HDV gây ra, chỉ xuất hiện khi một người đồng thời mắc viêm gan B.",NamSyntax/vietnamese-news-classification
namsyntax_1231924,Tập dượt dạy học trực tuyến thời phòng virus corona,,38,,Giáo dục,"- Một số trường triển khai học trực tuyến bằng ứng dụng công nghệ. Tuy nhiên, hiệu quả thực chất đến đâu là vấn đề còn băn khoăn.",NamSyntax/vietnamese-news-classification
namsyntax_1109935,Hành trình đi tìm,,52,,Giải trí,"Hồ Ngọc Hà đang gặp vận đen với làn sóng tẩy chay lan truyền trên
mạng xã hội. Không khó để có thể nhận ra, những chiêu bài trù dập Hà Hồ
lần này được diễn ra một cách có tổ chức, quy mô và rất bài bản.",NamSyntax/vietnamese-news-classification
namsyntax_687012,Tin “sốc” công nghệ ngày Cá tháng Tư,,52,,Khoa học,"Google đổi tên công ty, ra dịch vụ phiên dịch ngôn ngữ động vật.
Toshiba chuẩn bị giới thiệu laptop biết bơi. Nokia N900 có thể điều
khiển trực thăng. Đó là một số những thông tin chỉ có thể có trong ngày
1/4.",NamSyntax/vietnamese-news-classification
namsyntax_1283101,TCP Việt Nam khánh thành 6 sân thể thao cộng đồng năm 2025,,47,,Đời sống,"TCP Việt Nam tiếp tục mở rộng dự án ""Không gian Thể thao Thanh niên"", khánh thành thêm 6 điểm tập luyện trong năm 2025, góp phần cải thiện sức khỏe cho người dân.",NamSyntax/vietnamese-news-classification
namsyntax_1176466,"Thi thể trơ xương: Nạn nhân bị chủ nợ trói, đánh đến chết",,42,,Pháp luật,"Do không đòi được tiền nợ, Dư dùng gậy sắt đánh anh Hoà bất tỉnh rồi trói chân tay, sau đó lấy điện thoại, xe máy của nạn nhân.",NamSyntax/vietnamese-news-classification
namsyntax_1203708,Phụ huynh lo lắng vì con đi học trong nắng nóng,,42,,Giáo dục,"Phòng học không có máy lạnh, học sinh phải đi lại giữa trưa hoặc đầu giờ chiều dưới nắng nóng gay gắt kéo dài, khiến phụ huynh xót xa lo ngại.",NamSyntax/vietnamese-news-classification
namsyntax_1142298,Cựu Chủ tịch Hoa Tháng Năm khẳng định chưa từng xin xỏ ông Nguyễn Thành Tài,,45,,Pháp luật,"Trình bày trước tòa, Lê Thị Thanh Thúy khẳng định chưa từng xin xỏ ông Nguyễn Thành Tài và ông Tài cũng chưa từng cho bị cáo cái gì.",NamSyntax/vietnamese-news-classification
namsyntax_1162059,Ông lão bị đoạt mạng lúc rạng sáng,,41,,Pháp luật,"Hơn 4h sáng nay, ông Huỳnh Khánh, 77 tuổi, đang dọn tiệm tạp hóa để bán hàng gần chợ Tam Dân, huyện Phú Ninh thì bị Nguyễn Chí Cường, 25 tuổi, đâm chết.",NamSyntax/vietnamese-news-classification
namsyntax_12813,"Thủ tướng: 'Một số bệnh viện đã lơ là, xảy ra lây nhiễm chéo'",,51,,Thời sự,"Thủ tướng yêu cầu Bệnh viện đa khoa Bình Dương tuân thủ nghiêm quy trình chữa bệnh, rút kinh nghiệm việc một số bệnh viện lơ là, chủ quan, để lây nhiễm chéo tại nơi điều trị.",NamSyntax/vietnamese-news-classification
namsyntax_730250,BĐS khu vực cận sân bay - xu hướng mới trong đầu tư,,63,,Bất động sản,"Sân bay ở đâu là giá đất nền tăng trưởng theo tới đó. Sức nóng của BĐS khu vực cận sân bay mang lại lợi nhuận lớn cho nhà đầu tư bởi sở hữu những ưu điểm về kinh tế, đối ngoại và sự phát triển hạ tầng vượt bậc.",NamSyntax/vietnamese-news-classification
namsyntax_878764,Mbappe phản ứng khi đồng đội chuyền cho Messi,,37,,Thể thao,"Pháp - Tiền đạo Kylian Mbappe ngừng chạy rồi quay lưng về phía bóng lăn, khi đồng đội chuyền cho Messi trong pha phản công nhanh của PSG.",NamSyntax/vietnamese-news-classification
namsyntax_1016680,Hermès giới thiệu loạt đồng hồ 'du hành' mới,,34,,Giải trí,"Hermès giới thiệu loạt đồng hồ mang tính biểu tượng, lấy cảm hứng từ những chuyến du hành và trí tưởng tượng không giới hạn.",NamSyntax/vietnamese-news-classification
namsyntax_1160613,Lĩnh án tử hình vì sát hại mẹ,,29,,Pháp luật,"An Giang - Chau Đươnl, 23 tuổi, phải nhận hình phạt cao nhất vì sát hại mẹ khi bà đang ngủ.",NamSyntax/vietnamese-news-classification
namsyntax_124436,"Đêm 20/8, Sài Gòn chính thức có phố đi bộ thứ 2",,34,,Thời sự,Phố đi bộ Bùi Viện chính thức đi vào hoạt động từ đêm 20/8 để phục vụ du khách và người dân.,NamSyntax/vietnamese-news-classification
namsyntax_734620,Những dự án đỗ xe... biến mất,,51,,Bất động sản,"Có quy hoạch bãi đỗ xe từ rất sớm nhưng triển
khai nửa vời khiến Hà Nội rơi vào cảnh thiếu trầm trọng nơi đỗ xe. Kết
quả, thành phố vẫn đang loay hoay “sửa sai” với một loạt dự án mới trên
giấy.",NamSyntax/vietnamese-news-classification
namsyntax_85533,Yêu cầu lãnh đạo TP Quảng Ngãi và huyện Nghĩa Hành xin lỗi dân,,62,,Thời sự,"""Chủ tịch UBND TP Quảng Ngãi và Chủ tịch huyện Nghĩa Hành phải xin lỗi người dân trên địa bàn bằng văn bản và công khai trên phương tiện thông tin đại chúng vì chậm giải quyết hồ sơ đất đai"" - Chủ tịch UBND tỉnh yêu cầu.",NamSyntax/vietnamese-news-classification
namsyntax_988445,"Đè bẹp Berdych, Federer khởi đầu ấn tượng tại London",,56,,Thể thao,"Được dự báo khó khăn hơn nhiều so với trận mở màn giữa cặp Djokovic – Nishikori, thế nhưng với phong độ thi đấu cực kỳ ấn tượng, Roger Federer vẫn giành được chiến thắng như dự báo trước tay vợt người CH Czech Tomas Berdych.",NamSyntax/vietnamese-news-classification
namsyntax_917219,Chân sút muốn rời MU chỉ sau 1 buổi tập,,36,,Thể thao,"Tiền đạo Chile, Alexis Sanchez tiết lộ, hối hận với quyết định gia nhập Old Trafford, lập tức muốn rời MU chỉ sau 1 buổi tập.",NamSyntax/vietnamese-news-classification
namsyntax_1126969,Dương Ngọc Thái: Tôi không,,38,,Giải trí,"7 năm đi hát, 2 năm nay mới tìm được
cho mình một chỗ đứng, anh là Dương Ngọc Thái người được khán giả biết đến
nhiều nhất với ca khúc ""Gọi đò""",NamSyntax/vietnamese-news-classification
namsyntax_724839,Lý do 100.000 tỷ đồng đổ vào BĐS Quảng Ninh,,54,,Bất động sản,"Quảng Ninh đang được coi là địa phương năng động bậc nhất khu vực phía Bắc. Chỉ trong vòng 2 năm trở lại đây, tỉnh này đã thu hút hơn 100 dự án BĐS với tổng vốn đầu tư khoảng hơn 100.000 tỷ đồng.",NamSyntax/vietnamese-news-classification
namsyntax_1001152,"Lưu Diệc Phi, Địch Lệ Nhiệt Ba dự thảm đỏ",,34,,Giải trí,"Bắc Kinh - Dàn mỹ nhân hàng đầu Trung Quốc như Lưu Diệc Phi, Địch Lệ Nhiệt Ba, Angelababy... dự sự kiện tối 11/1.",NamSyntax/vietnamese-news-classification
namsyntax_1024216,Miu Lê: 'Tôi cô đơn',,38,,Giải trí,"TP HCM - Miu Lê, 32 tuổi, nói bên ngoài luôn tỏ ra vui vẻ nhưng sâu thẳm là sự cô đơn vì ít bạn bè, bố qua đời, mẹ sống ở Canada.",NamSyntax/vietnamese-news-classification
namsyntax_488293,GPS - công nghệ giúp cha mẹ bảo vệ con cái thời đại số,,44,,Khoa học,Các thiết bị tích hợp Hệ thống định vị toàn cầu (GPS) có thể hỗ trợ phụ huynh theo dõi con em mình từ xa bằng smartphone hay máy tính.,NamSyntax/vietnamese-news-classification
namsyntax_824678,Nhiễm trùng “cậu nhỏ” sau khi đặt bi tăng kích thước,,48,,Sức khỏe,"Do tự ti với kích thước dương vật, nam thanh niên 19 tuổi quyết định đi đặt bi tại một cơ sở tư nhân để tăng kích thước, tăng độ ma sát khi quan hệ tình dục.",NamSyntax/vietnamese-news-classification
namsyntax_1210094,Lòng tốt giúp bạn trở nên hạnh phúc ở nơi làm việc,,43,,Giáo dục,"Theo CareerBuilder, nếu bạn có sự chia sẻ, cởi mở, sẵn lòng giúp đỡ ở nơi làm việc, công việc của bạn sẽ thuận lợi, dễ dàng và thành công hơn.",NamSyntax/vietnamese-news-classification
namsyntax_96000,Khởi động trang thông tin điện tử Năm Chủ tịch AIPA 2020,,35,,Thời sự,Trang thông tin điện tử hỗ trợ Quốc hội Việt Nam tổ chức Đại hội đồng AIPA 41 theo hình thức trực tuyến.,NamSyntax/vietnamese-news-classification
namsyntax_1263769,Người đàn ông nhờ ADN giải oan cho mẹ,,42,,Đời sống,"Chỉ vì Khánh chân dài, da trắng mà mẹ con anh bị cha nghi ngờ, ruồng bỏ, khiến người mẹ phải chết trong ẩn ức, còn Khánh bị hắt hủi gần 30 năm.",NamSyntax/vietnamese-news-classification
namsyntax_742975,Ivory Villas & Resort - nét chấm phá nổi bật giữa núi rừng Hoà Bình,,64,,Bất động sản,"Dự án biệt thự sinh thái Ivory Villas & Resort như một nét chấm phá nổi bật giữa rừng xanh bạt ngàn của vùng cao Tây Bắc, giúp khách hàng tận hưởng những giá trị sống thượng lưu và khẳng định vị thế đẳng cấp của mỗi gia chủ.",NamSyntax/vietnamese-news-classification
namsyntax_445076,'Đại gia điếu cày' Lê Thanh Thản và những điều chưa biết,,46,,Kinh doanh,"Trưởng thành từ gian khó, luôn kè kè bên mình chiếc điếu cày, sở hữu nhiều khách sạn khắp các tỉnh thành,... là ông Lê Thanh Thản với biệt danh ""đại gia điếu cày"".",NamSyntax/vietnamese-news-classification
namsyntax_319823,Michael Jackson ngủ cùng búp bê,,34,,Thế giới,"Theo thông tin được trình bày tại tòa án hôm 6/10, ông hoàng Nhạc Pop Michael
Jackson đã ngủ cùng một con búp bê trên giường của mình.",NamSyntax/vietnamese-news-classification
namsyntax_50194,"Chiêu bài 'việc nhẹ lương cao' để bán người, TPHCM nhận 199 đơn đề nghị giải cứu",,61,,Thời sự,"Công an TPHCM vừa phát đi cảnh báo về phương thức, thủ đoạn hoạt động của tội phạm lừa đảo, buôn bán người Việt Nam sang Campuchia làm việc với chiêu bài “việc nhẹ lương cao” để thực hiện các hoạt động phi pháp.",NamSyntax/vietnamese-news-classification
namsyntax_1073459,"Trương Gia Huy sụt cân bất thường, từ chối trả lời nguyên nhân",,34,,Giải trí,"Xuất hiện cùng vợ với dáng vẻ phở phạc, gầy gò, Trương Gia Huy khiến nhiều người hâm mộ lo lắng.",NamSyntax/vietnamese-news-classification
namsyntax_1074442,"Sao 13/8, Hoài Linh giản dị mặc áo bà ba ra thăm ruộng lúa",,34,,Giải trí,"Nam nghệ sĩ nhận nhiều tình cảm từ người hâm mộ bởi hình ảnh giản dị, chân chất vốn có.",NamSyntax/vietnamese-news-classification
namsyntax_1231311,Đáp án tham khảo mã đề 117 môn Toán thi THPT quốc gia 2019,,36,,Giáo dục,"Chiều ngày 25/6, hơn 887.000 thí sinh cả nước đã bước vào bài thi môn Toán kỳ thi THPT quốc gia 2019.",NamSyntax/vietnamese-news-classification
namsyntax_1246486,ĐH Bách Khoa Hà Nội đẩy mạnh hợp tác trường học – doanh nghiệp,,53,,Giáo dục,"Trường ĐH Bách khoa Hà Nội và Tập đoàn Dệt may Việt Nam chính thức ký thỏa thuận hợp tác trong nghiên cứu, đào tạo,
trao đổi cán bộ, sinh viên và xuất bản các ấn phẩm liên quan.",NamSyntax/vietnamese-news-classification
namsyntax_1276602,Cách làm mỡ gà,,43,,Đời sống,"Mỡ gà giúp tôn vị nhiều món xôi, măng xào, canh măng khô ngày Tết. Đặc biệt mỡ gà tốt nhất trong các loại mỡ động vật, giúp hấp thụ vitamin A, D tốt cho trẻ em, người già.",NamSyntax/vietnamese-news-classification
namsyntax_1273135,Đi bộ 1.600 km xem World Cup,,39,,Đời sống,"Qatar - Abdullad Al Sulmi vừa hoàn thành hình trình đi bộ trong 55 ngày để xem World Cup hôm 31/10, thay vì di chuyển bằng máy bay chỉ tốn 2 tiếng.",NamSyntax/vietnamese-news-classification
namsyntax_62950,"Ngủ trưa trong nhà ngói 7 gian, người đàn ông tử vong vì sạt lở đất",,41,,Thời sự,"Sạt lở đất nghiêm trọng xảy ra tại địa bàn thị trấn An Châu, huyện Sơn Động, tỉnh Bắc Giang khiến một người tử vong.",NamSyntax/vietnamese-news-classification
namsyntax_1317901,Tuổi thơ nghèo khó và cú sốc lớn trong đời tiền vệ Quang Hải,,55,,Đời sống,"""Thấy con thích đá bóng, có hôm quên cả học bài, tôi gọi về dọa 'con không lo học, mẹ không cho ra sân bóng nữa'. Hải im lặng vào nhà ngồi khóc..."" - mẹ tiền vệ Quang Hải chia sẻ.",NamSyntax/vietnamese-news-classification
namsyntax_736578,Có thể gặp rủi ro gì nếu làm mất sổ đỏ?,,39,,Bất động sản,Nhiều người băn khoăn trong trường hợp bị mất Giấy chứng nhận quyền sử dụng đất (sổ đỏ) thì miếng đất đó có nguy cơ bị người chiếm...,NamSyntax/vietnamese-news-classification
namsyntax_19620,Ủy ban Dân tộc có Phó chủ nhiệm mới,,43,,Thời sự,"Thủ tướng bổ nhiệm ông Y Vinh Tơr, Ủy viên dự khuyết Trung ương Đảng, Chủ tịch HĐND tỉnh Đăk Lăk, giữ chức Thứ trưởng, Phó chủ nhiệm Ủy ban Dân tộc, ngày 29/6.",NamSyntax/vietnamese-news-classification
namsyntax_913461,Chelsea thắng tưng bừng vô địch Conference League,,36,,Thể thao,"Bị dẫn bàn trước nhưng Chelsea thi đấu bùng nổ ở hiệp hai để ngược dòng đè bẹp Real Betis 4-1, qua đó đăng quang Conference League 2024/25.",NamSyntax/vietnamese-news-classification
namsyntax_721391,"10 ý tưởng thiết kế phòng khách tông trắng đẹp mê hồn, không khác gì một 'thiên đường' thu nhỏ",,39,,Bất động sản,"Nếu bạn muốn có phòng khách tinh tế và nghệ thuật, hãy chọn tông màu trắng làm chủ đạo.",NamSyntax/vietnamese-news-classification
namsyntax_593299,Ghép 14 linh kiện từ 8 smartphone mới làm ra chiếc điện thoại hoàn hảo,,41,,Khoa học,"Quá nhiều smartphone hấp dẫn đang được bán trên thị trường, tuy nhiên để tìm ra chiếc di động “trong mơ” lại là điều quá khó.",NamSyntax/vietnamese-news-classification
namsyntax_719797,Nhà phố với không gian cho phép ánh sáng 'nhảy múa',,38,,Bất động sản,"Singapore - Hệ cửa và giếng trời đa dạng cho phép ánh sáng đi vào không gian trong nhà, biến các bề mặt thành những bức tranh.",NamSyntax/vietnamese-news-classification
namsyntax_1341317,Làm bánh bao khoai lang ngon đẹp miễn chê!,,41,,Đời sống,"Cách làm bánh bao khoai lang này khá đơn giản và không cầu kỳ nhiều
nguyên liệu mà bạn lại có được món bánh bao vừa thơm ngon lại vừa đẹp
mắt!",NamSyntax/vietnamese-news-classification
namsyntax_240662,Hungary ngăn chặn gia hạn lệnh trừng phạt của EU với Nga,,46,,Thế giới,"Các nguồn thạo tin tiết lộ, Thủ tướng Hungary đang chặn việc gia hạn lệnh trừng phạt do Liên minh châu Âu (EU) áp đặt đối với Nga vì cuộc xung đột ở Ukraine.",NamSyntax/vietnamese-news-classification
namsyntax_916912,Thủ môn Bùi Tiến Dũng gia nhập CLB Đà Nẵng,,38,,Thể thao,"Sau khi không thể tìm được vị trí chính thức tại CLB TPHCM, thủ môn Bùi Tiến Dũng vừa quyết định tìm cơ hội mới tại Đà Nẵng.",NamSyntax/vietnamese-news-classification
namsyntax_1239568,"Nợ hơn 1 tỷ học phí, gần 400 sinh viên có nguy cơ bị hủy học",,39,,Giáo dục,Gần 400 sinh viên Trường ĐH Kiến trúc TP.HCM có nguy cơ bị hủy học phần do nợ hơn 1 tỷ học phí.,NamSyntax/vietnamese-news-classification
namsyntax_193657,Moskva muốn Nga - Mỹ tôn trọng lẫn nhau,,39,,Thế giới,"Nga cho biết muốn có quan hệ ""tôn trọng lẫn nhau"" với Mỹ và tiếp tục phủ nhận cáo buộc từ phương Tây rằng nước này muốn xâm lược Ukraine.",NamSyntax/vietnamese-news-classification
namsyntax_4469,Người lao động được nghỉ 4 ngày dịp 30/4,,39,,Thời sự,"Ngày 30/4 và quốc tế lao động 1/5 rơi vào thứ năm, thứ sáu nên người lao động sẽ nghỉ hai ngày này, cộng với hai ngày cuối tuần 2-3/5.",NamSyntax/vietnamese-news-classification
namsyntax_765066,Xông hơi thế nào để tránh viêm nhiễm cho phụ nữ?,,33,,Sức khỏe,"Cách xông vùng kín bằng thuốc bắc hay vỏ tỏi, muối có giúp chữa hết viêm đường tiểu hay không? (Phan Tú)",NamSyntax/vietnamese-news-classification
namsyntax_696683,Sự quá tải thông tin của những năm 2010,,38,,Khoa học,Các thiết bị nhanh và thông minh hơn “nở rộ” trong những năm 2010 và liệu Internet có thể đối phó với tình trạng thông tin bị quá tải?,NamSyntax/vietnamese-news-classification
namsyntax_1345933,Nghĩa địa heo và chiếc nanh có giá hàng chục ngàn đôla,,52,,Đời sống,"Năm 2008, tại một cánh rừng dầu già cỗi ở Virachey thuộc lãnh thổ Campuchia, nhóm T ""fulro"" phát hiện
một bãi xương heo rừng. Giới thợ săn kho báu rừng gọi đó là ""nghĩa địa heo"" hoặc
""mỏ heo"".",NamSyntax/vietnamese-news-classification
namsyntax_1210380,Tỉnh nghèo định chi 1 tỷ đồng cho giáo sư về dạy trường chuyên,,52,,Giáo dục,"Giáo viên có chức danh giáo sư, phó giáo sư về công tác tại trường chuyên của tỉnh Hòa Bình (có cam kết giảng dạy từ 10 năm trở lên) có thể được hỗ trợ 1 tỷ đồng.",NamSyntax/vietnamese-news-classification
namsyntax_543432,Thêm ưu đãi - cách Viettel Money chinh phục người dùng gen Z,,67,,Khoa học,"Nhạy bén với quản lý tài chính cá nhân, giới trẻ có xu hướng tích tiểu thành đại, coi trọng những ưu đãi hay giá trị gia tăng nhỏ lẻ. Nắm bắt tâm lý này, ứng dụng Viettel Money tung ra mức khuyến mãi tới 30% cho khách hàng nạp tiền điện thoại Viettel",NamSyntax/vietnamese-news-classification
namsyntax_1089112,Gisele Bundchen rời Victoria's Secret vì không muốn mặc quá hở hang,,39,,Giải trí,Siêu mẫu người Brazil mới đây tiết lộ lý do dừng hợp đồng với hãng Victoria's Secret vì không muốn khoe thân quá đà trên sân khấu.,NamSyntax/vietnamese-news-classification
namsyntax_865480,Lương HLV Park không tăng khi gia hạn hợp đồng,,36,,Thể thao,"HLV Park Hang-seo sẽ giữ nguyên mức lương, nếu ông và LĐBĐ Việt Nam (VFF) kích hoạt điều khoản gia hạn hợp đồng thêm một năm.",NamSyntax/vietnamese-news-classification
namsyntax_563491,Phần Lan: tù nhân là những người huấn luyện cho AI thông minh hơn,,42,,Khoa học,"Trong những ""nhà tù mở"" của Phần Lan, có những tù nhân đang ngồi trước màn hình máy tính, nhận công việc dán nhãn dữ liệu nặng nhọc.",NamSyntax/vietnamese-news-classification
namsyntax_657732,Cách khắc phục 7 lỗi trên thiết bị chạy Android,,52,,Khoa học,"Không có chiếc điện thoại là hoàn hảo. Dù sớm hay muộn chúng ta cũng
sẽ phải đối mặt với những vấn đề như cạn kiệt dung lượng bộ nhớ, máy
chạy ì ạch, hay các vấn đề về kết nối mạng.",NamSyntax/vietnamese-news-classification
namsyntax_965571,"SEA Games 29: Singapore chào thua, Việt Nam xếp thứ 3 chung cuộc",,55,,Thể thao,SEA Games 29 chính thức khép lại với ngôi nhất toàn đoàn thuộc về chủ nhà Malaysia. Đoàn thể thao Việt Nam hoàn thành chỉ tiêu đề ra với 58 HCV cùng vị trí thứ 3 trên bảng tổng sắp huy chương.,NamSyntax/vietnamese-news-classification
namsyntax_312317,Đề xuất trao giải Nobel Hòa bình cho Putin,,48,,Thế giới,"Theo một nhóm các nhà hoạt động và khoa học chính trị Nga, Tổng thống
Vladimir Putin nên được trao giải Nobel Hòa bình cho những nỗ lực của ông trong
việc giải quyết cuộc khủng hoảng tại Syria.",NamSyntax/vietnamese-news-classification
namsyntax_1082347,"Quay ở Triều Tiên, Cuộc đua kỳ thú vẫn gây thất vọng",,45,,Giải trí,"- Qua 9 tập phát sóng, chương trình vẫn tiếp tục gây phẫn nộ cho khán giả với những thử thách hời hợi cùng lượng lên sóng không đồng đều giữa các đội.",NamSyntax/vietnamese-news-classification
namsyntax_1320647,Tôi là 'tấm bình phong đẹp' che cho vợ ngoại tình,,43,,Đời sống,"Vậy là tôi đã hiểu, tôi như tấm bình phong đẹp che đậy tất cả những gì xấu xa mà nhà vợ muốn giấu kĩ cho cô con gái rượu của họ.",NamSyntax/vietnamese-news-classification
namsyntax_1264156,8 gia đình phố cổ nhận suất cải tạo nhà tắm miễn phí,,43,,Đời sống,"8 gia đình ở 28 Hàng Gà, Hoàn Kiếm, Hà Nội nhận suất cải tạo nhà tắm miễn phí trị giá đến 100 triệu đồng của ""Phòng tắm trong mơ"".",NamSyntax/vietnamese-news-classification
namsyntax_142100,Hà Nội: Tàu hỏa văng xa đường ray sau cú húc ô tô chở đá,,63,,Thời sự,"Xe ô tô chở đá khi băng qua đường ngang thuộc địa phận xã Minh
Cường, huyện Thường Tín (Hà Nội) đã bị tàu NA2 lưu thông đâm trúng. Vụ tai nạn khiến đoàn tàu trật bánh khỏi đường ray và tài xế xe tải bị
thương nặng.",NamSyntax/vietnamese-news-classification
namsyntax_1102903,"Khâm phục, bật khóc vì hoàn cảnh của diễn viên Quốc Tuấn",,49,,Giải trí,"""Quốc Tuấn ơi, sự tử tế của anh khiến tôi bật khóc. Thú thật với anh,
tôi có một người con trai bị tự kỷ, cháu vẫn đi học được nhưng giao
tiếp còn nhiều hạn chế...''.",NamSyntax/vietnamese-news-classification
namsyntax_1255482,Điểm chuẩn HV Âm nhạc Huế cao nhất 41,,41,,Giáo dục,"Chiều 19/7, Học viện Âm nhạc Huế cho biết, ngành có dự kiến điểm chuẩn thấp nhất là
Sư phạm Âm nhạc (16 điểm), ngành cao nhất là Sáng tác (41 điểm).",NamSyntax/vietnamese-news-classification
namsyntax_973837,HLV Park Hang Seo tiếc nuối khi không thể hạ Afghanistan,,51,,Thể thao,"Dù giành 1 trận hoà trước Afghanistan, qua đó có vé dự vòng chung kết Asian Cup 2019, nhưng HLV Park Hang Seo đã tỏ ra không hài lòng với cách chơi cũng như phong độ của các học trò.",NamSyntax/vietnamese-news-classification
namsyntax_1151671,"Ấm ức vì bị coi thường, gã trai nhẫn tâm sát hại cả gia đình vợ ‘hờ’",,60,,Pháp luật,"Khi dịch Covid-19 bùng phát, vợ chồng Khoa phải nghỉ làm nên cha mẹ vợ tỏ thái độ khó chịu, coi thường. Ấm ức, Khoa nảy sinh ý định sát hại vợ để giải thoát và giết cha mẹ vợ để trả thù.",NamSyntax/vietnamese-news-classification
namsyntax_202554,Lãnh đạo thế giới chúc mừng tổng thống Brazil tương lai,,41,,Thế giới,"Tổng thống Mỹ Biden chúc mừng ông Lula chiến thắng cuộc bầu cử ""tự do, công bằng"", trong khi lãnh đạo Pháp Macron gọi đây là ""trang mới"" cho Brazil.",NamSyntax/vietnamese-news-classification
namsyntax_1178424,Bắt khẩn cấp doanh nhân 9X sản xuất hàng giả,,46,,Pháp luật,"Công an vừa bắt khẩn cấp Giám đốc một doanh nghiệp, cầm đầu đường dây sản xuất, buôn bán phụ tùng xe gắn máy, giả các nhãn mác thương hiệu lớn để tuồn ra thị trường.",NamSyntax/vietnamese-news-classification
namsyntax_869312,"Messi giảm 50% lương, ở lại Barca đến 2026",,41,,Thể thao,"Tờ Diario Sport (Tây Ban Nha) khẳng định đội trưởng Lionel Messi chấp nhận giảm lương ít nhất một nửa, để ký hợp đồng mới có thời hạn năm năm với Barca.",NamSyntax/vietnamese-news-classification
namsyntax_1250074,Phương án tuyển sinh của các trường công an 2015,,51,,Giáo dục,"Tổng
cục Xây dựng lực lượng CAND vừa phê duyệt phương thức tuyển sinh vào các trường CAND hệ chính quy năm
2015. Đây là phương thức tuyển sinh được triển khai theo theo phương án đổi mới
của Bộ GD-ĐT.",NamSyntax/vietnamese-news-classification
namsyntax_603665,[LMHT] Hanoi King Army của KOW bị cấm thi đấu vì lộ chứng cứ cày thuê,,76,,Khoa học,"Nhìn chung, có thể hiểu câu chuyện đại khái như thế này. Đầu tiên, Phương Top và King of War đều có ý định lập một team Liên Minh Huyền Thoại binh hùng, tướng mạnh, chuẩn bị cho mùa giải mới. Với Phương Top, đó chính là Qiao Gu Việt Nam. Với King of War, đó là Hanoi King Army.",NamSyntax/vietnamese-news-classification
namsyntax_297410,Báo Mỹ khuyên Obama thăm những nơi nào ở VN?,,47,,Thế giới,"Tổng thống Barack Obama đang ở thăm Việt Nam, chặng đầu trong chuyến
công du kéo dài một tuần của ông tới châu Á. Báo NY Times gợi ý 5 địa
điểm mà Obama nên đi thăm.",NamSyntax/vietnamese-news-classification
namsyntax_1249816,"Phó Vụ trưởng gỡ rối dạy học 'tích hợp, liên môn'",,47,,Giáo dục,"Trước băn khoăn của nhiều giáo viên về dạy học tích hợp, liên môn - phó Vụ trưởng Vụ Giáo dục trung học (Bộ GD-ĐT) Nguyễn Xuân Thành gửi tới VietNamNet bài viết giải thích thêm...",NamSyntax/vietnamese-news-classification
namsyntax_355671,Nhà đầu tư bán tháo cổ phiếu,,40,,Kinh doanh,"VN-Index thủng mốc 1.000 điểm trong phiên đầu tuần bởi áp lực xả hàng ồ ạt của nhà đầu tư trong nước, qua đó mở ra khả năng điều chỉnh mạnh trở lại.",NamSyntax/vietnamese-news-classification
namsyntax_681588,Kiểm soát trình duyệt khi mở các liên kết trong Windows 8,,52,,Khoa học,"Giao diện Metro của Internet Explorer (IE Metro) trong Windows 8 đã mang lại cho người dùng nhiều trải nghiệm mới, thú vị và mượt mà với HTML5. Thế nhưng, một điều khá bất tiện là đối với các website",NamSyntax/vietnamese-news-classification
namsyntax_354912,Gelex Electric đổi tên thành Công ty cổ phần Điện lực Gelex,,37,,Kinh doanh,"Tên gọi mới bao hàm đầy đủ lĩnh vực mà công ty hoạt động, thay vì chú trọng vào riêng thiết bị điện như trước.",NamSyntax/vietnamese-news-classification
namsyntax_115651,Trưởng công an Tuy Phong lên facebook cảm ơn người dân,,56,,Thời sự,"Sáng nay, Thượng tá Trần Long Khánh, trưởng công an huyện Tuy Phong (Bình Thuận) đã viết thư đăng trên facebook cảm ơn người dân đã động viên, tiếp sức, giúp đỡ lực lượng công an đảm bảo an ninh, trật tự tại địa phương.",NamSyntax/vietnamese-news-classification
namsyntax_1168355,Bước ngoặt cuộc đời của cô gái bị cướp suất vào đại học,,48,,Pháp luật,"Trung Quốc - Cô gái nông thôn nghèo Trần Xuân Tú bị một người là ""con ông cháu cha"" mạo danh để nhận phiếu báo trúng tuyển cao đẳng, nhập học bằng tên của cô.",NamSyntax/vietnamese-news-classification
namsyntax_779596,Dấu hiệu cảnh báo u tuyến tùng ở não,,40,,Sức khỏe,"U tuyến tùng là dạng u não, gây nên các triệu chứng như đau đầu, ói mửa, rối loạn nhịp thở, rối loạn nhìn, đau sau gáy…; cần thăm khám sớm.",NamSyntax/vietnamese-news-classification
namsyntax_1299084,"Hẹn hò với người đàn ông mới quen, cô gái gặp rắc rối hy hữu",,38,,Đời sống,Cô gái trẻ phải nhập viện sau nụ hôn đầu tiên trong buổi hẹn hò với bạn trai mới quen được một tháng.,NamSyntax/vietnamese-news-classification
namsyntax_734940,Kiến nghị Thủ tướng xử lý vi phạm vụ nhà phố quận trung tâm có 4 tầng hầm,,75,,Bất động sản,"Bộ Xây dựng kiến nghị Thủ  tướng chỉ đạo Hà Nội kiểm điểm trách nhiệm và xử lý vi phạm của các tổ chức, cá nhân liên quan đến việc cấp giấy phép khi chưa rõ thẩm quyền, cấp phép sai nội dung ở công trình nhà phố 4 tầng hầm tại quận Ba Đình, Hà Nội.",NamSyntax/vietnamese-news-classification
namsyntax_733880,"Không trả phí dịch vụ, khóa cổng khu chung cư!",,43,,Bất động sản,"Tối 13-3, người dân sống tại tòa nhà Cantavil (P.An Phú, Q.2, TP.HCM)
phản ánh họ đang bị lực lượng bảo vệ tại đây “nhốt” bên trong cũng như
bên ngoài tòa nhà.",NamSyntax/vietnamese-news-classification
namsyntax_1269952,'Người dân dần bớt định kiến với bảo hiểm nhân thọ',,54,,Đời sống,"Thị trường bảo hiểm nhân thọ duy trì đà tăng trưởng thời gian qua, đồng nghĩa, người dân phần nào bớt định kiến và chủ động tham gia, theo ông Ngô Trung Dũng, Phó tổng thư ký Hiệp hội bảo hiểm Việt Nam.",NamSyntax/vietnamese-news-classification
namsyntax_584125,Bình Dương ôm khát vọng trở thành 1 trong 21 vùng thông minh nhất thế giới,,67,,Khoa học,UBND tỉnh Bình Dương đang đẩy nhanh các điều kiện cần thiết để tham gia vào Diễn đàn Cộng đồng thông minh thế giới (ICF) và phấn đấu giành Giải thưởng Smart21. Bình Dương ôm khát vọng trở thành 1 trong 21 vùng thông minh nhất thế giới vào năm 2021.,NamSyntax/vietnamese-news-classification
namsyntax_940294,"Lịch thi đấu bóng đá hôm nay 29/3: Tuyển Việt Nam, U23 cùng xuất trận",,59,,Thể thao,"Lịch thi đấu bóng đá hôm nay 29/3 - Cung cấp lịch thi đấu bóng đá Dubai Cup 2022, vòng loại World Cup 2022 khu vực châu Á, khu vực châu Phi, khu vực Nam Mỹ, play-off châu Âu và giao hữu quốc tế.",NamSyntax/vietnamese-news-classification
namsyntax_977391,HLV U20 Pháp nói gì sau khi,,47,,Thể thao,"Sau khi thắng dễ U20 Honduras, U20 Pháp không về khách sạn mà ở lại xem U20 Việt Nam đấu U20 New Zealand. Họ nói gì về các học trò HLV Hoàng Anh Tuấn ở ra quân U20 thế giới?",NamSyntax/vietnamese-news-classification
namsyntax_16688,Nhiều tỉnh mua kit xét nghiệm Việt Á giá 470.000 đồng mỗi bộ,,44,,Thời sự,"CDC Nghệ An, Đồng Tháp sử dụng kit xét nghiệm của Công ty Việt Á giá 470.000 đồng mỗi bộ, trong khi Đà Nẵng từng mua 70.000 test giá 509.250 đồng.",NamSyntax/vietnamese-news-classification
namsyntax_1235942,Kết quả kiểm tra hé mở nhiều bất thường vụ '11 học sinh ăn 2 gói mì',,62,,Giáo dục,"UBND huyện Bắc Hà, tỉnh Lào Cai mới có báo cáo kết quả bước đầu kiểm tra, xác minh nội dung phản ánh của báo chí về vụ việc 11 học sinh ăn 2 gói mì tại Trường Hoàng thu Phố 1 có bất thường.",NamSyntax/vietnamese-news-classification
namsyntax_1172313,Hai người tấn công nữ nhân viên y tế bị khởi tố,,43,,Pháp luật,"Gia Lai - Ông Nguyễn Lệ và em trai bị khởi tố sau gần 3 tháng đánh Phó trạm Y tế xã Kon Thụp, huyện Mang Yang, gây thương tích 5%.",NamSyntax/vietnamese-news-classification
namsyntax_817505,Gần 30 học sinh nhập viện sau khi uống sữa và ăn thạch trái cây,,60,,Sức khỏe,"Gần 30 học sinh tiểu học tại Quảng Ngãi có biểu hiện ngộ độc như đau bụng, buồn nôn sau khi uống sữa và ăn thạch trái cây. Những sản phẩm này được một nhân viên tiếp thị mang đến trường tặng cho các em.",NamSyntax/vietnamese-news-classification
namsyntax_276282,Chính quyền ông Trump đang 'nhiễu loạn' chuyện Iran,,36,,Thế giới,Chính quyền Tổng thống Trump đang tiếp tục phát đi những thông điệp mâu thuẫn và trái ngược tới Iran về các điều kiện đàm phán mới.,NamSyntax/vietnamese-news-classification
namsyntax_1245159,Chính thức tuyển dụng vợ phi công Trần Quang Khải vào ngành giáo dục,,50,,Giáo dục,"Trong chiều nay, 20/6, đại diện lãnh đạo Hà Nội sẽ lên thắp hương trong lễ tang phi công Trần Quang Khải và trao quyết định tuyển dụng đặc cách này cho chị Hà, vợ anh.",NamSyntax/vietnamese-news-classification
namsyntax_1259781,'Bài viết chứa quá nhiều ý ngụy biện',,34,,Giáo dục,"Bài viết chứa quá nhiều ý ngụy biện. Thế nào là ""trọng nghĩa khinh tài"", thế nào là ""truyền thống khoa bảng"", ""nghìn năm văn hiến""?",NamSyntax/vietnamese-news-classification
namsyntax_853168,Đoàn Văn Hậu: ‘Bóng đá ở Hà Lan khác Việt Nam’,,43,,Thể thao,"Hậu vệ Đoàn Văn Hậu đang từng bước thích ứng với cách chơi bóng tại Heerenveen SC, và tin anh sẽ sớm được trao cơ hội ở giải vô địch Hà Lan.",NamSyntax/vietnamese-news-classification
namsyntax_1099637,"Sau tất cả, cuối cùng Sơn Tùng M-TP cũng đã hát về tình yêu hạnh phúc",,51,,Giải trí,Những giai điệu ngọt ngào và bay bổng trong MV mới của Sơn Tùng M-TP mang tên Nơi này có anh hứa hẹn sẽ khiến các fan của anh chàng “rụng rời” trong dịp Valentine.,NamSyntax/vietnamese-news-classification
namsyntax_1081260,BLACKPINK bị chỉ trích đến muộn để David Beckham chờ hơn 20 phút,,46,,Giải trí,"- Sao Hàn 10/10: Sự kiện của một nhãn hàng thể thao diễn ra tại Seoul thu hút sự chú ý vì có sự tham dự của David Beckham, BLACKPINK, CL và Mino.",NamSyntax/vietnamese-news-classification
namsyntax_321280,Mỹ trừng phạt Tổng thống Syria,,42,,Thế giới,"Mỹ vừa áp đặt các lệnh cấm vận nhằm vào Tổng thống
Bashar al-Assad, một bước tiến nữa trong nỗ lực thúc ép chấm dứt tình trạng
bạo lực chống lại người biểu tình ở Syria.",NamSyntax/vietnamese-news-classification
namsyntax_533892,Bình chọn robot hút bụi cao cấp được yêu thích,,35,,Khoa học,"Tuần bình chọn thứ sáu của Sản phẩm tôi yêu 2023 có bốn thiết bị từ Ecovacs, Roborock, Dreame, Xiaomi và bắt đầu từ 12h.",NamSyntax/vietnamese-news-classification
namsyntax_1321539,30/4 ngắm Flyboard đỉnh cao ở Cam Ranh,,54,,Đời sống,"“The Flyboard of Cam Ranh Mystery” là chương trình biểu diễn flyboard
trên biển quy tụ hàng loạt các vận động viên chuyên nghiệp nổi tiếng
trên thế giới diễn ra tại biển Bãi Dài - Cam Ranh và Nha Trang vào dịp
lễ 30/4 này.",NamSyntax/vietnamese-news-classification
namsyntax_893638,Uzbekistan chiếm đỉnh bảng của Việt Nam,,38,,Thể thao,"Qatar - Chiến thắng 5-0 trước Kuwait tối 21/4 giúp Uzbekistan vượt lên trên Việt Nam ở bảng D, đồng thời giành vé sớm vào tứ kết U23 châu Á 2024.",NamSyntax/vietnamese-news-classification
namsyntax_1183086,Nỗi ám ảnh của kẻ cắt khúc thi thể ở Cao Bằng,,39,,Pháp luật,"Đối tượng phân xác anh B.V.H (SN 1987 cùng thôn) khai với cơ quan điều tra, vì quá lo sợ nên nghĩ đến chặt xác phi tang.",NamSyntax/vietnamese-news-classification
namsyntax_1185455,Phá sới bạc trong rẫy cà phê vắng,,33,,Pháp luật,"Đội CSĐTTP về TTXH Công an Thành phố Buôn Ma Thuột, tỉnh Dak Lak vừa bắt một tụ điểm đánh bạc trong rẫy cà phê.",NamSyntax/vietnamese-news-classification
namsyntax_1322995,"Muốn vào động phòng, chú rể Trung Quốc phải chịu 'khổ hình'",,37,,Đời sống,"Theo phong tục địa phương, trước khi tân hôn, chú rể phải trải qua những nghi thức do bạn bè lên kế hoạch từ trước.",NamSyntax/vietnamese-news-classification
namsyntax_1299885,Lời khuyên của nha sĩ về việc nên đánh răng trước hay sau bữa sáng,,42,,Đời sống,Các nha sĩ cuối cùng cũng đã có câu trả lời cho cuộc tranh luận về việc bạn nên đánh răng trước hay sau khi ăn sáng.,NamSyntax/vietnamese-news-classification
namsyntax_756790,46 ngày không lây nhiễm nCoV cộng đồng,,27,,Sức khỏe,"Sáng 19/10, Bộ Y tế không ghi nhận ca dương tính nCoV, 46 ngày không lây nhiễm cộng đồng.",NamSyntax/vietnamese-news-classification
namsyntax_1269528,Cùng nhau chung tay bảo vệ hành tinh xinh đẹp,,13,,Đời sống,Trần Nhật Hưng,NamSyntax/vietnamese-news-classification
namsyntax_764617,Nhân viên y tế chống dịch thu nhập vài triệu đồng một tháng,,57,,Sức khỏe,"Một nữ nhân viên y tế hai năm qua do Covid-19 bệnh viện hoạt động kém, lương giảm, nhiều khoản bị cắt, thu nhập của chị chỉ 4-5 triệu đồng một tháng. Nay dịch bùng phát, việc nhiều hơn song phụ cấp giảm 1/3.",NamSyntax/vietnamese-news-classification
namsyntax_912201,Chelsea vung tiền chiêu mộ tài năng trẻ Hà Lan,,32,,Thể thao,Chelsea vừa đồng ý trả Ajax 37 triệu bảng để hoàn tất thương vụ chuyển nhượng hậu vệ 19 tuổi Jorrel Hato.,NamSyntax/vietnamese-news-classification
namsyntax_715611,Loạt hạ tầng được kỳ vọng thúc đẩy bất động sản Đông Hà Nội,,50,,Bất động sản,Sự kiện cầu Vĩnh Tuy 2 thông xe và nâng cấp nhiều tuyến đường lưu thông từ nội đô được kỳ vọng giúp các dự án bất động sản khu Đông Hà Nội hút khách hơn.,NamSyntax/vietnamese-news-classification
namsyntax_1224253,Xây văn hóa học đường: Không chỉ rèn nhân cách mà còn nâng chất lượng giáo dục,,50,,Giáo dục,"Nhiều nhà giáo dục cho rằng xây dựng văn hóa học đường là nhu cầu bức thiết, góp phần rèn nhân cách cho học sinh, đồng thời nâng cao chất lượng giáo dục.",NamSyntax/vietnamese-news-classification
namsyntax_252331,Bầu cử Tổng thống ở Thổ Nhĩ Kỳ bước vào vòng hai,,46,,Thế giới,"Hôm nay (28/5), vòng bầu cử Tổng thống thứ hai ở Thổ Nhĩ Kỳ sẽ được tổ chức, với hai ứng viên là đương kim Tổng thống Recep Tayyip Erdogan và ông Kemal Kilicdaroglu.",NamSyntax/vietnamese-news-classification
namsyntax_1130508,Ba học sinh chế tạo pháo bán Tết,,38,,Pháp luật,"Nghệ An - Bùi Duy Dũng (16 tuổi) cùng nhóm bạn bị cáo buộc chế tạo hơn 100 thỏi pháo nổ thành công và 6,5 thuốc pháo chưa sử dụng.",NamSyntax/vietnamese-news-classification
namsyntax_1186459,"Con tâm thần sát hại cha, mẹ ruột",,33,,Pháp luật,"Ngay sau khi gây án, hung thủ đã bị bắt giữ tại hiện trường. Hiện công an nghi ngờ người này bị bệnh tâm thần…",NamSyntax/vietnamese-news-classification
namsyntax_531285,Robot AI khổng lồ giúp bảo dưỡng máy bay,,41,,Khoa học,"Na Uy - Robot AI do công ty Avinxt chế tạo có thể cách mạng hóa hoạt động phá băng, bảo dưỡng máy móc và kiểm tra kỹ thuật cho máy bay.",NamSyntax/vietnamese-news-classification
namsyntax_644153,Toyota Corolla Altis 2016 lộ diện?,,45,,Khoa học,"Tại triển lãm diễn ra tại Geneva (Thuỵ Sỹ) mới đây, Toyota đã trình chiếu một clip giới thiệu hệ thống an toàn mới, trong đó hình ảnh sử dụng được cho là chiếc Corolla Altis thế hệ 2016.",NamSyntax/vietnamese-news-classification
namsyntax_784481,"Thường nhịn tiểu, bàng quang người phụ nữ giãn to gấp đôi",,41,,Sức khỏe,"TP HCM - Chị Phương Anh, 36 tuổi, bận công việc nên thường xuyên nhịn tiểu, khiến bàng quang giãn gấp đôi bình thường, mất cảm giác buồn tiểu.",NamSyntax/vietnamese-news-classification
namsyntax_1184,1.700 tấn ngao chết,,36,,Thời sự,"Hà Tĩnh - Từ 11/9, khoảng 1.700 tấn ngao của người dân xã Mai Phụ (huyện Lộc Hà) chết hàng loạt, nguyên nhân được cho là do nước biển bị ngọt hóa.",NamSyntax/vietnamese-news-classification
namsyntax_614136,Thông báo của Công ty cổ phần Five9 Việt Nam về dịch vụ viễn thông,,60,,Khoa học,"Công ty cổ phần Five9 Việt Nam có trụ sở chính tại tầng 21 Capital Tower, số 109 Trần Hưng Đạo, phường Cửa Nam, quận Hoàn Kiếm, Hà Nội, Việt Nam, kính thông báo tới các đối tác và các đơn vị có liên quan:",NamSyntax/vietnamese-news-classification
namsyntax_985709,HN T&T sa thải HLV Phạm Minh Đức,,30,,Thể thao,"Sau 4 vòng đấu chỉ giành được 1 điểm, HLV Phạm Minh Đức chính thức bị lãnh đạo HN T&T sa thải.",NamSyntax/vietnamese-news-classification
namsyntax_355567,Chủ tịch TP HCM: Chương trình bình ổn giúp chặn các hiện tượng sốt giá,,48,,Kinh doanh,"Theo ông Phan Văn Mãi, chương trình bình ổn 20 năm qua đã giúp thành phố chặn các hiện tượng khan hàng, sốt giá như sốt giá gạo năm 2008, giá trứng 2013...",NamSyntax/vietnamese-news-classification
namsyntax_1221889,Nam sinh bị thủng màng nhĩ sau khi bị thầy giáo đến tận nhà đánh,,48,,Giáo dục,"Liên quan tới vụ việc một thầy giáo ở Thanh Hóa đến tận nhà đánh học sinh, hiện nam sinh này bị thủng màng nhĩ và đang được điều trị tại bệnh viện.",NamSyntax/vietnamese-news-classification
namsyntax_379033,"Chính phủ đề xuất giảm giấy phép kinh doanh 25 ngành, nghề",,39,,Kinh doanh,"Chính phủ đề xuất rà soát, cắt giảm 25 ngành, nghề kinh doanh có điều kiện để chuyển sang hậu kiểm, thúc đẩy tự do kinh doanh.",NamSyntax/vietnamese-news-classification
namsyntax_1306260,Lời đề nghị trị giá nửa tỷ đồng của đại gia với người đàn bà nhan sắc,,36,,Đời sống,"Trong lúc mọi thứ quay lưng lại với tôi, anh xuất hiện và đưa ra một lời đề nghị…",NamSyntax/vietnamese-news-classification
namsyntax_345083,Tập đoàn điện gió lớn nhất thế giới đề xuất đầu tư dự án tại Hải Phòng,,43,,Kinh doanh,"Tập đoàn Orsted (Đan Mạch) đề xuất nghiên cứu dự án điện gió ngoài khơi tổng công suất 3.900 MW, mức đầu tư 11,9-13,6 tỷ USD.",NamSyntax/vietnamese-news-classification
namsyntax_210179,"Máy bay Mỹ thủng mũi, hạ cánh khẩn vì mưa đá",,37,,Thế giới,Phi cơ chở khách của hãng Delta bị mưa đá làm thủng mũi và phải hạ cánh khẩn khi bay qua vùng nhiễu động nghiêm trọng.,NamSyntax/vietnamese-news-classification
namsyntax_829988,Đà Nẵng phát hiện biến chủng SARS-CoV-2 từ Ấn Độ,,43,,Sức khỏe,"Kết quả giải trình tự gene mới nhất cho thấy, Đà Nẵng lưu hành biến chủng Ấn Độ, đây có thể là nguồn gốc lây lan ra nhiều ca Covid-19 tại Hà Nội.",NamSyntax/vietnamese-news-classification
namsyntax_1234533,Trường ĐH Thương mại công bố điểm chuẩn năm 2020,,40,,Giáo dục,Trường ĐH Thương mại vừa công bố điểm chuẩn trúng tuyển hệ đại học năm 2020 vào các ngành theo phương thức sử dụng kết quả thi tốt nghiệp THPT.,NamSyntax/vietnamese-news-classification
namsyntax_1156225,Có phải được nghỉ hai ngày hưởng nguyên lương trong dịp 2/9?,,41,,Pháp luật,"Tôi nghe nói từ năm nay, vào ngày lễ Quốc khánh, người lao động được nghỉ hai ngày và hưởng nguyên lương, có phải như vậy không? (Trọng Vũ)",NamSyntax/vietnamese-news-classification
namsyntax_861735,Arteta: 'Liverpool đã đạt đẳng cấp cao nhất',,34,,Thể thao,"Buồn vì tay trắng rời Anfield, nhưng HLV Arsenal tự hào với những gì học trò đã thể hiện trước đương kim vô địch nước Anh.",NamSyntax/vietnamese-news-classification
namsyntax_1343820,Ngược đời con dâu cho mẹ chồng ra ở riêng,,43,,Đời sống,"Không chịu được cảnh “chướng tai gai mắt” khi ngày ngày ra vào phải đụng
mặt với người mẹ già yếu, cô con dâu đã quyết định cho mẹ chồng ra ở riêng",NamSyntax/vietnamese-news-classification
namsyntax_1339256,Bí ẩn những ngọn lửa cháy mãi không tắt trên thế giới,,51,,Đời sống,"Thế giới có những ngọn lửa bất diệt, có ngọn lửa đã cháy suốt 6000
năm nay, chưa bao giờ tắt. Đằng sau mỗi ngọn lửa bất diệt là những
truyền thuyết bí ẩn, cho đến tận bây giờ.",NamSyntax/vietnamese-news-classification
namsyntax_1285193,Chồng nói ra nguồn tiền để xây nhà khiến tôi muốn ngã quỵ,,36,,Đời sống,Nếu biết trước nguồn tiền chồng dùng để xây nhà thì tôi thà sống trong ngôi nhà cấp 4 còn thoải mái hơn.,NamSyntax/vietnamese-news-classification
namsyntax_1272471,"Ngan xào lăn, giòn ngon như nhà hàng",,37,,Đời sống,"Thịt ngan chín vừa tới ngọt giòn mà không dai, dậy mùi thơm của sả, chút the cay từ ớt giúp cho bữa cơm gia đình thêm hấp dẫn.",NamSyntax/vietnamese-news-classification
namsyntax_560103,Thánh Chiến 3D: Bom tấn MMORPG thần thoại phương Tây chính thức Open Beta ngay hôm nay,,40,,Khoa học,Nhanh tay trải nghiệm ngay tựa game “hot” nhất hè 2019 Thánh Chiến 3D và nhận nhiều phần quà Gift Code hấp dẫn.,NamSyntax/vietnamese-news-classification
namsyntax_1229350,"Bộ trưởng GD-ĐT: Nhiều giáo viên chuyển việc do lương, phụ cấp 6 triệu đồng/tháng",,45,,Giáo dục,"Bộ trưởng Nguyễn Kim Sơn vừa có báo cáo gửi các ĐBQH một số thông tin được quan tâm, trong đó có tình trạng giáo viên nghỉ việc, chuyển việc.",NamSyntax/vietnamese-news-classification
namsyntax_968334,Bộ trưởng Nguyễn Ngọc Thiện hết lời khen ngợi U23 Việt Nam,,34,,Thể thao,"Sáng 18/8, Bộ trưởng Bộ VH, TT&DL Nguyễn Ngọc Thiện tới thăm đoàn thể thao Việt Nam tại làng VĐV Asiad 2018.",NamSyntax/vietnamese-news-classification
namsyntax_1327015,6 đồ uống tuy bình dân nhưng lại là,,40,,Đời sống,"Dừa tắc, trà đào, nước sâm... từ xưa đến nay vẫn là những loại đồ uống dễ mua, dễ uống, ngọt mát hạ nhiệt tức thì có tiếng của Sài Gòn.",NamSyntax/vietnamese-news-classification
namsyntax_595125,Cicada 3301: Tổ chức bí ẩn và kì lạ nhất trên Internet là ai?,,37,,Khoa học,Cicada 3301 được WashingtonPost đánh giá là một trong số những bí ẩn không lời giải đáp lớn nhất của thế giới Internet.,NamSyntax/vietnamese-news-classification
namsyntax_800586,Làm thế nào phòng sẹo lồi?,,28,,Sức khỏe,"Tôi có cơ địa sẹo lồi, vừa bị vết thương mới, cần làm gì phòng sẹo? (Tuấn Anh, 24 tuổi, TP HCM)",NamSyntax/vietnamese-news-classification
namsyntax_728691,Hai thế đối nghịch trên thị trường bất động sản,,58,,Bất động sản,"Thị trường bất động sản giai đoạn hiện nay đang mang lại nhiều cơ hội
cho người mua khi họ có nhiều lựa chọn để sở hữu một căn nhà với mức giá
hợp lý, thiết kế nội ngoại thất đẹp đi cùng các tiện ích sẵn có.",NamSyntax/vietnamese-news-classification
namsyntax_1133830,Chủ quán nướng Hiền Thiện hứa không trả thù thực khách,,45,,Pháp luật,"Bắc Ninh - Nguyễn Văn Thiện, 47 tuổi, chủ quán Nhắng nướng Hiền Thiện, khi hầu tòa do tát, bắt khách nữ quỳ xin lỗi đã cam kết không trả thù sau phiên tòa.",NamSyntax/vietnamese-news-classification
namsyntax_648592,"OnePlus giới thiệu pin dự phòng dung lượng cao, giá",,47,,Khoa học,Hãng điện thoại Trung Quốc OnePlus kỷ niệm một năm gia nhập thị trường bằng việc tung ra một mẫu pin dự phòng dung lượng 10.000 mAh nhưng có giá chỉ 15 USD (khoảng 300 ngàn đồng).,NamSyntax/vietnamese-news-classification
namsyntax_992351,Chelsea lại thua bẽ bàng trên sân nhà,,43,,Thể thao,"Có bàn vượt lên dẫn
trước, nhưng rốt cuộc Chelsea lại để Aston Villa 3 lần xé toang mành
lưới Petr Cech, nhận trận thua tủi hổ 1-3 trong ngày cuối cùng của năm
2011.",NamSyntax/vietnamese-news-classification
namsyntax_170003,"Bắt lái xe taxi chặt chém du khách Nhật 7,5 triệu đồng",,44,,Thời sự,"Ngày 16/7, đồn Công an Sân bay Nội Bài đã phát hiện và bắt giữ 1 lái xe taxi đã có hành vi bắt chẹt tiền của khách du lịch nước ngoài.",NamSyntax/vietnamese-news-classification
namsyntax_1152502,"Cha chốt cửa phòng cùng hai con, phóng hoả",,41,,Pháp luật,"TP HCM - Mâu thuẫn với vợ, Nguyễn Công Khanh, 34 tuổi, bắt hai con 6-9 tuổi vào phòng đóng cửa lại rồi đổ xăng phóng hoả khiến cả ba bỏng nặng.",NamSyntax/vietnamese-news-classification
namsyntax_1000764,Chi Pu không áp lực ở cảnh 'nóng',,36,,Giải trí,"Dù đỏ mặt khi xem lại cảnh 'nóng' với Thanh Hằng trong phim mới, Chi Pu nói đàn chị giúp cô tránh mọi áp lực khi ghi hình.",NamSyntax/vietnamese-news-classification
namsyntax_125141,Siêu máy bơm chống ngập ở Sài Gòn hoạt động thế nào?,,52,,Thời sự,"Khi mưa lớn, đường Nguyễn Hữu Cảnh ngập nước máy bơm khởi động và hút nước từ cống thoát nước ra sông Sài Gòn. Máy có thể tách rác thải và tự ngừng khi nước hạ ở mức cho phép",NamSyntax/vietnamese-news-classification
namsyntax_1139815,Bắt băng nhóm mang 4.000 viên thuốc lắc từ TP.HCM ra Đà Nẵng bán,,31,,Pháp luật,"Kiểm tra xe ô tô của nhóm đối tượng, cảnh sát phát hiện 4.000 viên thuốc lắc.",NamSyntax/vietnamese-news-classification
namsyntax_1025040,Lệ Quyên diện crop-top hát bolero ở dạ tiệc,,38,,Giải trí,"Hà Nội - Lệ Quyên phối crop-top với chân váy ánh bạc, thể hiện bản ""Không bao giờ quên anh"" ở dạ tiệc của Lý Thùy Chang, tối 22/12.",NamSyntax/vietnamese-news-classification
namsyntax_907434,"'Runner dễ chuột rút, căng cơ nếu không giữ ấm khi chạy đêm'",,49,,Thể thao,"Bác sĩ Bùi Phú Trưởng, đội trưởng y tế VnExpress Marathon Hanoi Midnight Powered by Puma, cảnh báo nguy cơ chuột rút, căng cơ, hạ thân nhiệt khi thi đấu trong nền nhiệt 15 độ C.",NamSyntax/vietnamese-news-classification
namsyntax_322206,Kỳ lạ bé sơ sinh có nội tạng đảo lộn,,46,,Thế giới,"Các bác sỹ Trung Quốc đã hết sức ngạc nhiên
khi phát hiện lục phủ ngũ tạng của một bé gái mới chào đời hoàn toàn bị
đảo ngược vị trí so với người bình thường.",NamSyntax/vietnamese-news-classification
namsyntax_1268705,Quy tắc thông điệp 5K,,13,,Đời sống,"Nguyễn Thị Hà Lý, 15 tuổi, Thanh Hoá",NamSyntax/vietnamese-news-classification
namsyntax_953488,AFF Cup có thể dời sang 2021 vì dịch Covid-19,,34,,Thể thao,"AFF Cup 2020 nhiều khả năng phải dời sang năm 2021, thay vì tổ chức vào cuối năm 2020 như kế hoạch ban đầu.",NamSyntax/vietnamese-news-classification
namsyntax_890217,Medvedev: 'Alcaraz đang chậm đi',,32,,Thể thao,Italy - Tay vợt số ba thế giới Daniil Medvedev cho rằng Carlos Alcaraz đang chậm đi và kèm tự tin so với cách đây vài tháng.,NamSyntax/vietnamese-news-classification
namsyntax_592997,Galaxy S8 khiến thế giới bất ngờ khi bán ít hơn cả Galaxy S7,,39,,Khoa học,"Sở hữu những công nghệ tân tiến nhất, thế nhưng Galaxy S8 không thể gặt hái được những thành công như của người tiền nhiệm.",NamSyntax/vietnamese-news-classification
namsyntax_327432,Trump tạo ra nhiều rào cản kinh tế hơn là gỡ bỏ,,42,,Kinh doanh,"Cách tiếp cận của Trump được cho là làm suy yếu thương mại quốc tế, tăng chi phí sản xuất, giảm năng suất lao động và tăng trưởng toàn cầu.",NamSyntax/vietnamese-news-classification
namsyntax_1006541,Selena Gomez sản xuất phim kinh dị,,30,,Giải trí,"Ca sĩ Selena Gomez sẽ hợp tác với hãng STXfilms sản xuất phim kinh dị ""Dollhouse"", lấy cảm hứng từ ""Black Swan"" (2010).",NamSyntax/vietnamese-news-classification
namsyntax_1068799,"Nghệ sĩ kêu gọi ủng hộ quỹ vắc-xin, fan hưởng ứng nhiệt tình",,48,,Giải trí,Dàn diễn viên 'Hướng dương ngược nắng' đang có những hành động thiết thực để ủng hộ các hoạt động chống dịch Covid-19 cũng như kêu gọi ủng hộ cho Quỹ Vaccine của Chính phủ.,NamSyntax/vietnamese-news-classification
namsyntax_643924,"Piaggio Việt Nam bán ra xe Liberty gắn camera hành trình, giá không đổi",,56,,Khoa học,"– Piaggio Việt Nam bắt đầu bán ra xe Liberty GoPro - phiên bản có số lượng giới hạn của chiếc Liberty mới được gắn thêm camera hành trình, giá không thay đổi so với giá bán của xe Liberty thông thường.",NamSyntax/vietnamese-news-classification
namsyntax_799759,Khuyết sẹo sinh mổ khiến người phụ nữ hơn 10 năm hiếm muộn,,46,,Sức khỏe,"Chị Phương Anh từng sinh mổ bé đầu tiên, đến nay hơn 10 năm thả bầu vẫn không có lại vì vùng sẹo mổ lấy thai có một khuyết sẹo và tụ dịch.",NamSyntax/vietnamese-news-classification
namsyntax_918107,"Hoa khôi bóng chuyền Kim Thanh bất ngờ trở lại, xinh đẹp hơn xưa",,51,,Thể thao,"Sau một năm nghỉ thi đấu, Hoa khôi bóng chuyền Đặng Thị Kim Thanh gây bất ngờ khi tái xuất, tiếp tục chinh chiến tại các giải đấu trong nước và có cơ hội trở lại ĐTQG.",NamSyntax/vietnamese-news-classification
namsyntax_1276924,Gần 100 nhà ngoại giao trải nghiệm Tết Việt tại Home Hanoi Xuân 2024,,47,,Đời sống,"Hà Nội - Đại sứ, thành viên nhiều đoàn ngoại giao, tổ chức quốc tế tham quan đường hoa xuân, tìm hiểu cách làm các loại bánh, viết câu đối, sáng ngày 3/2.",NamSyntax/vietnamese-news-classification
namsyntax_1204769,600 học sinh tranh tài ở cuộc thi robot lego tự động,,49,,Giáo dục,"Hải Phòng - Các học sinh ở 20 đội thi đến từ các Tiểu học, THCS và THPT sẽ cùng nhau tranh tài ở vòng chung kết khu vực phía Bắc trong Cuộc thi Robotacon Wro 2024.",NamSyntax/vietnamese-news-classification
namsyntax_123568,Vụ Tây Nam bộ: Đề nghị kỷ luật ông Nguyễn Phong Quang,,45,,Thời sự,"UB Kiểm tra TƯ đề nghị Ban Bí thư xem xét, thi hành kỷ luật đối với ông Nguyễn Phong Quang, nguyên Phó trưởng ban thường trực Ban chỉ đạo Tây Nam bộ.",NamSyntax/vietnamese-news-classification
namsyntax_113982,"Thầy giáo cõng bàn qua suối cuồn cuộn, đưa đón học sinh đến trường",,46,,Thời sự,"Dòng suối chảy cuồn cuộn, các thầy đang cố gắng để vận chuyển từng chiếc bàn qua suối để có đủ bàn ghế cho các em học sinh vào năm học mới.",NamSyntax/vietnamese-news-classification
namsyntax_1107973,Sơn Tùng M-TP xuất hiện mệt mỏi sau khi bị 'dằn mặt',,34,,Giải trí,Giọng ca 'Không phải dạng vừa đâu' xuất hiện với một bộ dạng mệt mỏi sau khi bị giới Underground dằn mặt.,NamSyntax/vietnamese-news-classification
namsyntax_1127518,Củng Lợi gợi cảm đón Lễ tình nhân,,41,,Giải trí,"(Vietnamnet) - Sắm vai một
phụ nữ trung niên vô cùng quyến rũ, Củng Lợi rực rỡ bên cạnh tài tử Lưu Đức Hoa trong phim 'What
Women Want' (Điều đàn bà muốn).",NamSyntax/vietnamese-news-classification
namsyntax_973010,"Pep Guardiola than trời, Mourinho chửi xéo",,39,,Thể thao,"Pep Guardiola lẫn Mourinho đều bức xúc vì lịch thi đấu gây ""thảm họa"" cho quân của họ trong những ngày lễ mà các giải đấu khác được thảnh thơi nghỉ Đông.",NamSyntax/vietnamese-news-classification
namsyntax_843951,Bài thuốc chữa viêm khớp hiệu quả từ khoai lang và chuối,,38,,Sức khỏe,Chưa có cách nào chữa dứt điểm viêm khớp nhưng bạn có thể sử dụng thực phẩm ngay tại bếp để giảm bớt các cơn đau.,NamSyntax/vietnamese-news-classification
namsyntax_1331263,Du khách sợ hãi kiểu đánh giầy trấn lột ở Hà Nội,,49,,Đời sống,"Nhiều khách du lịch nước ngoài bày tỏ họ bị ám ảnh, sợ hãi với kiểu đánh giầy trấn lột của một số thanh niên tại Hà Nội. Công an địa phương đang điều tra vụ việc.",NamSyntax/vietnamese-news-classification
namsyntax_717242,"Từ 1/8, muốn tách thửa đất cần điều kiện gì?",,42,,Bất động sản,"Người dân muốn tách thửa đất phải đảm bảo đất không tranh chấp, có lối đi, kết nối giao thông công cộng, cấp, thoát nước hợp lý, theo Luật Đất đai 2024.",NamSyntax/vietnamese-news-classification
namsyntax_986511,M.U chơi xấu nhất Premier League,,23,,Thể thao,"Theo thống kê của Opta, M.U là đội bóng phạm lỗi nhiều nhất Premier League mùa này.",NamSyntax/vietnamese-news-classification
namsyntax_311294,TQ phản đối Thủ tướng Nhật tại LHQ,,43,,Thế giới,"Trung Quốc hôm 8/1 chất vấn
về động cơ của Thủ tướng Nhật Shinzo Abe khi thăm đền thờ chiến tranh đồng thời kêu gọi ông Abe sửa ""quan điểm sai trái"" về lịch sử",NamSyntax/vietnamese-news-classification
namsyntax_1206971,"Hai nữ sinh cùng quê, trùng sinh nhật dẫn đầu ĐH Kinh tế Quốc dân",,46,,Giáo dục,"Cùng quê Hải Dương và trùng ngày, tháng, năm sinh, Ngọc Hà và Kim Ngân tình cờ đều tốt nghiệp sớm Đại học Kinh tế Quốc dân (NEU) với điểm 4/4.",NamSyntax/vietnamese-news-classification
namsyntax_526096,Người Trung Quốc bỏ điện thoại Huawei chọn iPhone,,38,,Khoa học,"Giá bán cao trong khi cấu hình bình thường, công nghệ cũ nằm trong số những lý do khiến điện thoại Huawei không còn được ưa chuộng bằng iPhone.",NamSyntax/vietnamese-news-classification
namsyntax_409045,"Vừa hết giãn cách, Thế Giới Di Động tuyển dụng hơn 10.000 lao động",,47,,Kinh doanh,"Với số lượng cần tuyển “khủng”, bất cứ ai dù có học vấn, trình độ, tuổi tác… ra sao cũng đều có cơ hội tìm việc làm mới tại Thế Giới Di Động.",NamSyntax/vietnamese-news-classification
namsyntax_924940,"De Gea từ chối tái ngộ Ronaldo, sắp gia nhập Inter Miami với Messi",,42,,Thể thao,"De Gea được loan báo từ chối lương khủng 500.000 bảng/tuần để tái ngộ Ronaldo ở Al Nassr, xem xét làm đồng đội của Messi ở Inter Miami.",NamSyntax/vietnamese-news-classification
namsyntax_812294,Bệnh viện Nhi Trung ương cơ sở 2 tiếp nhận bệnh nhân khi nào?,,59,,Sức khỏe,"Tại lễ khánh thành ngày 19/8, lãnh đạo Bệnh viện Nhi Trung ương cho biết cố gắng hoàn thành các giấy phép để trong tháng 9 có thể hoạt động chính thức, đón những em bé đầu tiên đến điều trị tại cơ sở 2.",NamSyntax/vietnamese-news-classification
namsyntax_836599,Chồng bày mưu lấy cắp phôi của vợ tại bệnh viện Bưu Điện giúp bồ mang thai,,53,,Sức khỏe,"- Vừa sinh con được hơn 7 tháng nhờ thụ tinh ống nghiệm, bà N. bất ngờ nhận được điện thoại của BV Bưu điện (Hà Nội) hỏi tình hình sức khoẻ thai nhi thế nào.",NamSyntax/vietnamese-news-classification
namsyntax_1195706,"Nữ sinh lớp 9 bị bạn đánh, dìm xuống nước",,40,,Giáo dục,"Khánh Hòa - Trong khi hẹn nhau giải quyết hiềm khích, nữ sinh lớp 9 ở huyện Diên Khánh bị một nam sinh đánh, dìm xuống nước, quay video lại.",NamSyntax/vietnamese-news-classification
namsyntax_353878,Poongsan đồng hành cùng live concert ‘Bằng Kiều với Người tình’,,44,,Kinh doanh,Ghế massage chuyên dụng Hàn Quốc Poongsan đồng hành với ca sĩ Bằng Kiều như một “người tình mới” trong đêm nhạc đánh dấu sự trở lại sân khấu của nam ca sĩ.,NamSyntax/vietnamese-news-classification
namsyntax_576162,Khi bạn giàu như Jeff Bezos: Tiêu 2 tỷ đồng chỉ giống như bỏ 20 ngàn mua cốc cà phê mà thôi,,55,,Khoa học,"Và nếu bạn có trong tay 2 tỷ USD cảm giác bỏ ra 104.850 USD để mua một chiếc siêu xe Range Rover bản full options giá chỉ giống như tiêu 77,38 USD.",NamSyntax/vietnamese-news-classification
namsyntax_1185413,Bắt sinh viên trộm thẻ ATM và rút trộm 40 triệu,,48,,Pháp luật,"Ngày 11/9, Cơ quan CSĐT Công an Q.Bình Thạnh cho biết đã ra quyết định khởi tố bị can đối với Phạm Thị Mỹ Lệ (SN 1994, quê Quảng Ngãi) về hành vi “trộm cắp tài sản”.",NamSyntax/vietnamese-news-classification
namsyntax_384995,Công ty Cổ phần chứng khoán Kỹ Thương TCBS hoàn tất nộp bổ sung thuế,,52,,Kinh doanh,"Sau khi Công ty Cổ phần chứng khoán Kỹ Thương (TCBS) hoàn tất nộp bổ sung 209 triệu đồng tiền thuế vào ngân sách nhà nước, tổng tiền thuế nộp năm 2023 lên hơn 1.283 tỷ đồng.",NamSyntax/vietnamese-news-classification
namsyntax_1203688,Nữ sinh Hải Phòng dẫn đầu đợt tốt nghiệp sớm trường Ngoại thương,,45,,Giáo dục,"Với 47/48 môn điểm A, Hà Ninh không chỉ nhận bằng sớm nửa năm, mà còn đứng đầu trong số hơn 1.000 sinh viên tốt nghiệp sớm của Đại học Ngoại thương.",NamSyntax/vietnamese-news-classification
namsyntax_9012,Giáo dân vùng lũ trang hoàng đón Giáng sinh,,37,,Thời sự,"Ảnh hưởng của một năm Covid-19 và lũ lụt triền miên, nhiều gia đình Công giáo ở miền Trung đón Giáng sinh tiết kiệm nhưng vẫn ấm áp.",NamSyntax/vietnamese-news-classification
namsyntax_221294,Bà Harris khơi thông dòng tiền tài trợ cho đảng Dân chủ,,48,,Thế giới,"Việc bà Harris tuyên bố tranh cử sau khi Tổng thống Biden rút lui đã giúp đảng Dân chủ khơi thông bế tắc về dòng tiền tài trợ, giúp họ huy động số tiền khổng lồ.",NamSyntax/vietnamese-news-classification
namsyntax_1055615,"Vivaso nêu 3 đề xuất với Thủ tướng, gỡ mọi khó khăn cho Hãng phim truyện VN",,43,,Giải trí,Nhà đầu tư chiến lược tại Hãng phim truyện Việt Nam vừa gửi văn bản tới Thủ tướng về hướng giải quyết vướng mắc tại Hãng.,NamSyntax/vietnamese-news-classification
namsyntax_1190322,Lợi ích của gói thực hành thí nghiệm online Kid Lab,,39,,Giáo dục,"Thí nghiệm trực tuyến Kid Lab vừa cung cấp kiến thức khoa học, vừa kích thích trẻ thực hành khám phá tự nhiên, phát triển sức sáng tạo…",NamSyntax/vietnamese-news-classification
namsyntax_1150857,"Phá sới bạc giữa cao điểm dịch, 1 người nhảy lầu tử vong ở Đà Nẵng",,52,,Pháp luật,"Thấy cảnh sát, nhiều con bạc đang ở trong căn hộ (đường An Thượng 20, Đà Nẵng) chạy lên tầng 3, nhảy sang nhà hàng xóm để thoát thân, sự việc khiến 1 người tử vong.",NamSyntax/vietnamese-news-classification
namsyntax_399172,Thủ phủ mật mía đỏ lửa ngày đêm phục vụ Tết Nguyên đán,,50,,Kinh doanh,"Mặc dù đã vào cuối vụ nhưng thủ phủ mật mía Thọ Điền (Vũ Quang, Hà Tĩnh) vẫn đỏ lửa suốt ngày, làm ra những chảo mật đặc sánh, ngọt thơm phục vụ người dân ăn Tết.",NamSyntax/vietnamese-news-classification
namsyntax_673643,Sôi động thị trường tablet giá rẻ,,47,,Khoa học,"Tháng 10/2012, thị trường máy tính bảng tại Việt Nam tiếp tục chứng kiến sự xuất hiện của hàng loạt sản phẩm có giá bán dưới 2 triệu đồng, đồng thời một số mẫu máy ""hàng hiệu"" đang giảm giá",NamSyntax/vietnamese-news-classification
namsyntax_738228,Truy trách nhiệm loạt sở ngành Hà Nội liên quan sai phạm của Lã Vọng,,47,,Bất động sản,- Phó Thủ tướng Trương Hoà Bình yêu cầu UBND TP Hà Nội tổ chức xử lý nghiêm các sai phạm tại 9 dự án liên quan đến Công ty Lã Vọng…,NamSyntax/vietnamese-news-classification
namsyntax_87538,Chủ tịch Quốc hội khuyên Đắk Lắk ưu tiên số 1 làm cao tốc tới Nha Trang,,51,,Thời sự,Chủ tịch Quốc hội Vương Đình Huệ đề nghị tỉnh Đắk Lắk cần xác định dự án cao tốc Buôn Ma Thuột – Nha Trang là ưu tiên số 1 trong 5 năm tới.,NamSyntax/vietnamese-news-classification
namsyntax_798563,Giảm cân đa mô thức là gì?,,43,,Sức khỏe,"Tôi cao 1,52 m, nặng 67 kg, béo phì, ăn kiêng nhiều tháng không có kết quả. Xin hỏi phương pháp giảm cân đa mô thức là gì, tác dụng ra sao? (Mạnh Hùng, Đồng Nai)",NamSyntax/vietnamese-news-classification
namsyntax_793204,Người suy thận dùng thuốc nam được không?,,39,,Sức khỏe,"Tôi mắc bệnh suy thận mạn độ ba, đang điều trị bằng thuốc tây, muốn dùng thêm thuốc nam để tăng hiệu quả được không? (Thu Hương, 53 tuổi, An Giang)",NamSyntax/vietnamese-news-classification
namsyntax_329590,VPBank giảm 2% lãi suất cho vay,,26,,Kinh doanh,Gói hỗ trợ đặc biệt thứ hai của VPBank dành cho các doanh nghiệp gặp khó khăn vì Covid-19.,NamSyntax/vietnamese-news-classification
namsyntax_192173,Vợ chồng giám đốc Vàng Phú Cường chuyển trái phép hàng ngàn tỷ ra nước ngoài,,67,,Thời sự,VKSND Tối cao phân công VKSND TP Hà Nội thực hành quyền công tố và xét xử 13 bị can trong vụ vận chuyển hơn 214 triệu USD (tương đương hơn 4.719 tỷ đồng) ra nước ngoài. Vụ án dự kiến sẽ được đưa ra xét xử trong tháng 4 tới.,NamSyntax/vietnamese-news-classification
namsyntax_730286,Choáng váng vì vườn cây ăn quả của gia đình bỗng chồng lên đất doanh nghiệp,,64,,Bất động sản,"18 năm trước, ông Hà được cấp quyền sử dụng mảnh vườn rộng gần 5.000m2 và ông đã trồng cây ăn quả lên mảnh vườn này. Tuy nhiên mới đây, ông rất bất ngờ khi mảnh vườn của gia đình bị chồng chéo trên đất của doanh nghiệp.",NamSyntax/vietnamese-news-classification
namsyntax_572577,"Fortntie: Epic sẽ tổ chức giải Fortnite trị giá 500,000 USD vào ngày kia",,29,,Khoa học,(GameSao.vn) - Nhiều người lại đang tỏ ra không hài lòng với quyết định này.,NamSyntax/vietnamese-news-classification
namsyntax_281202,Chàng trai nổi như cồn vì,,41,,Thế giới,"Một chàng trai Malaysia bất ngờ nổi tiếng và được ca ngợi là ""người đàn ông xinh gái nhất thế giới"" sau khi ảnh chụp anh đi xem đá bóng được chia sẻ trên mạng.",NamSyntax/vietnamese-news-classification
namsyntax_1212380,Nữ sinh ngành Hóa chưa tốt nghiệp đã nhận học bổng thạc sĩ tại Pháp,,64,,Giáo dục,"Thái Ngọc Anh (K62 Cử nhân khoa học tài năng Hóa, Trường ĐH Khoa học Tự nhiên - ĐHQG Hà Nội) vừa xuất sắc giành được học bổng France Excellence (học bổng Chất lượng cao của Đại sứ quán Pháp dành cho bậc học Thạc sĩ 2 ở Pháp).",NamSyntax/vietnamese-news-classification
namsyntax_35218,4 học sinh bị sóng cuốn mất tích khi tắm biển,,33,,Thời sự,"Quảng Ngãi - Hai nhóm học sinh tắm biển ở huyện Mộ Đức bị sóng cuốn, 4 em mất tích, chiều 1/5.",NamSyntax/vietnamese-news-classification
namsyntax_6972,Chủ sản phẩm pate Minh Chay lên tiếng sau vụ ngộ độc,,46,,Thời sự,"Hà Nội - Ông Nguyễn Ngọc Minh, người đồng sáng lập thương hiệu Minh Chay cho hay quá trình sản xuất không dùng hóa chất và sẵn sàng chịu trách nhiệm về sự cố.",NamSyntax/vietnamese-news-classification
namsyntax_733988,Chốn đi về rộng 6000m2 ở Vũng Tàu của cặp vợ chồng 8X,,44,,Bất động sản,"Sau 5 năm tìm kiếm, cặp vợ chồng ở TP.HCM đã chọn mua mảnh đất 6000m2 ở Vũng Tàu làm chốn đi về cho cả gia đình vào dịp cuối tuần.",NamSyntax/vietnamese-news-classification
namsyntax_961502,VFF chưa chốt ngày đàm phán lại với thầy Park,,51,,Thể thao,"- Lãnh đạo VFF khẳng định có đủ khả năng trả lương cho HLV Park Hang Seo, nhưng vẫn chưa có lịch cụ thể để làm việc với người đại diện của thầy Park về vấn đề gia hạn hợp đồng.",NamSyntax/vietnamese-news-classification
namsyntax_1080741,Phim kinh dị 18+ 'Bắc Kim Thang' thu hơn 30 tỷ sau 4 ngày,,35,,Giải trí,"Chi phí sản xuất 12 tỷ, ""Bắc Kim Thang"" thu về hơn 30 tỷ sau 4 ngày công chiếu đầu tiên.",NamSyntax/vietnamese-news-classification
namsyntax_529761,Siêu núi lửa nguy hiểm nhất châu Âu rục rịch thức giấc,,38,,Khoa học,"Italy - Núi lửa Campi Flegrei có những dấu hiệu tích tụ hoạt động, báo trước một vụ phun trào lớn có khả năng xảy ra.",NamSyntax/vietnamese-news-classification
namsyntax_1300471,Tết đến hay Tết về?,,24,,Đời sống,Người ta hay nói: Chỉ còn mấy ngày nữa là đến Tết. Tôi thì thích dùng chữ Tết về.,NamSyntax/vietnamese-news-classification
namsyntax_732299,BĐS sẵn sàng ‘đón sóng’ nghỉ dưỡng sau dịch Covid-19,,48,,Bất động sản,"Đón làn sóng BĐS nghỉ dưỡng bùng nổ sau Covid-19, nhiều chủ đầu tư đã có sự chuẩn bị bài bản và hướng đi mới, nổi bật trong đó là xu hướng du lịch chăm sóc sức khỏe.",NamSyntax/vietnamese-news-classification
namsyntax_1046209,"Đang yêu rất hạnh phúc với Cindy Lư, Đạt G vẫn nhớ về 'chuyện buồn'",,35,,Giải trí,Ca sĩ Đạt G ra MV ballad 'Hành trang chuyện buồn' và chia sẻ đang hạnh phúc trong tình yêu.,NamSyntax/vietnamese-news-classification
namsyntax_54735,Bắt tạm giam tài xế xe ben gây tai nạn 4 mẹ con tử vong ở Hoài Đức,,62,,Thời sự,"Cơ quan CSĐT Công an huyện Hoài Đức (Hà Nội) đã ra quyết định khởi tố vụ án, khởi tố bị can và tạm giam tài xế xe ben gây tai nạn liên hoàn khiến 4 mẹ con tử vong ở xã Dương Liễu.",NamSyntax/vietnamese-news-classification
namsyntax_266154,Một loạt nước lên án ngày đẫm máu ở Myanmar,,54,,Thế giới,"Ngoại trưởng Mỹ Antony Blinken thốt lên rằng Washington ""kinh hoàng"" về ngày bạo lực 27/3 ở Myanmar trong khi bộ trưởng quốc phòng 12 nước ra tuyên bố lên án khi hơn 100 người biểu tình Myanmar chết do lực lượng an ninh.",NamSyntax/vietnamese-news-classification
namsyntax_913514,"Roland Garros tôn vinh Nadal: Cảm ơn anh, huyền thoại!",,40,,Thể thao,"Rafael Nadal, nhà vô địch vĩ đại nhất lịch sử Roland Garros, được Paris tôn vinh đầy cảm xúc. Ở bên anh là những người bạn Federer, Djokovic và Murray.",NamSyntax/vietnamese-news-classification
namsyntax_637586,Clip hot: Thanh niên Texas say thuốc lào Hà Nội,,47,,Khoa học,Cộng đồng mạng và các mạng xã hội trong nước đang chia sẻ với nhau đoạn video khá thú vị và hài hước về một du khách người Mỹ trải nghiệm hút thuốc lào tại Hà Nội.,NamSyntax/vietnamese-news-classification
namsyntax_724722,Trang bị ‘Tuyệt đỉnh kỹ năng kinh doanh’ cho nhân viên Uniland,,42,,Bất động sản,"Hơn 200 lãnh đạo, nhân viên Công ty cổ phần Uniland đã tham gia chương trình huấn luyện “Tuyệt đỉnh kỹ năng kinh doanh” diễn ra vào cuối tuần qua.",NamSyntax/vietnamese-news-classification
namsyntax_603202,Điều gì phía sau cáo buộc tội đút lót của Samsung?,,37,,Khoa học,"Người thừa kế thứ ba của Samsung, ông Lee Jae Yong, có nguy cơ bị bắt với tội danh hối lộ. Chuyện gì đang xảy ra?",NamSyntax/vietnamese-news-classification
namsyntax_1001607,Nghệ sĩ hủy show vì dịch viêm phổi Vũ Hán,,36,,Giải trí,"Nhiều ca sĩ, nhóm nhạc như Taeyeon, NCT Dream hủy chương trình biểu diễn để tránh bùng phát bệnh viêm phổi Vũ Hán do virus nCoV.",NamSyntax/vietnamese-news-classification
namsyntax_465532,"Hãi dịch sởi, mẹ trẻ cuống cuồng mua bảo hiểm cho con",,56,,Kinh doanh,"Gần đây, khi dịch sởi bùng phát và trẻ liên tục phải nhập viện,
rất nhiều bậc cha mẹ trước chưa từng có ý định mua bảo hiểm nay lại
cuống cuồng gửi giấy yêu cầu tham gia bảo hiểm sức khỏe cho con.",NamSyntax/vietnamese-news-classification
namsyntax_1089231,Diệp Lâm Anh sinh con gái đầu lòng cho chồng thiếu gia,,39,,Giải trí,"Chiều 1/11, nữ người mẫu Diệp Lâm Anh đã hạ sinh con gái đầu lòng cho chồng thiếu gia Đức Phạm, tại một bệnh viện ở TP.HCM.",NamSyntax/vietnamese-news-classification
namsyntax_440301,"Bộ ngành cãi nhau: DN ô tô lo phá sản, dân mua xe giá chát",,48,,Kinh doanh,"Các Bộ, ngành vẫn chưa thống nhất về chính sách ưu đãi cho sản xuất ô tô trong nước, khiến những DN đầu tư lớn cho ô tô nội lo ngại, phân vân.",NamSyntax/vietnamese-news-classification
namsyntax_57878,"Sau tai nạn ở cao tốc Cam Lộ - La Sơn, cần bắt buộc ô tô trang bị vật cảnh báo?",,64,,Thời sự,"Khi ô tô gặp sự cố trên đường cần đặt vật cảnh báo để thông báo cho xe phía sau kịp thời giảm tốc độ, tránh gặp tai nạn. Tuy nhiên, nhiều chủ phương tiện chưa chú ý trang bị vật dụng này.",NamSyntax/vietnamese-news-classification
namsyntax_237767,"Hình ảnh tiêm kích Eurofighter Typhoon va chạm với chim, vỡ kính buồng lái",,48,,Thế giới,Tiêm kích Eurofighter Typhoon của Không quân Tây Ban Nha bị vỡ kính buồng lái do va chạm với một con mòng biển trong một buổi trình diễn tại triển lãm hàng không Aire25.,NamSyntax/vietnamese-news-classification
namsyntax_1085788,Sao 'Tiếu ngạo giang hồ' nguy kịch không có tiền chi trả viện phí,,54,,Giải trí,"– Apple Daily đưa tin, tài tử 68 tuổi Thẩm Uy phải nhập viện trong tình trạng hôn mê, khó thở hôm 14/04. Hiện ông đang được tích cực điều trị tại một bệnh viện ở Bắc Kinh, Trung Quốc.",NamSyntax/vietnamese-news-classification
namsyntax_757603,Tự tay bẻ gãy dương vật,,35,,Sức khỏe,"Cần Thơ - Thanh niên 20 tuổi, ở Vĩnh Long, dùng tay bẻ gãy dương vật dẫn đến phù nề, bầm tím, đau nhức… phải nhập viện cấp cứu.",NamSyntax/vietnamese-news-classification
namsyntax_169280,Áp thấp và siêu bão Utor áp sát biển Đông,,60,,Thời sự,"Theo Trung tâm Dự báo Khí tượng Thủy văn Trung ương, bão
số 7 (bão Utor) đang tiến gần về biển Đông và có khả năng mạnh lên. Trong khi
đó, áp thấp nhiệt đới trên biển cũng gây mưa to đến rất to tại Nam Bộ và Tây
Nguyên.",NamSyntax/vietnamese-news-classification
namsyntax_737250,Mẫu nhà bếp chữ L siêu tiện ích đang được nhiều gia đình ưa chuộng,,49,,Bất động sản,"(Tổng hợp) Với ưu điểm đa công năng lại có thể bố trí linh hoạt, tận dụng tối đa không gian, mẫu nhà bếp chữ L được rất nhiều gia đình Việt yêu thích.",NamSyntax/vietnamese-news-classification
namsyntax_729936,Điểm mặt chỉ tên công trình cỏ mọc um tùm,,36,,Bất động sản,Vland  tiếp tục gửi tới những chùm ảnh về hiện trạng các công trình xây dựng dở dang chậm tiến độ trên địa bàn Hà Nội.,NamSyntax/vietnamese-news-classification
namsyntax_439104,"Trạm BOT đặt 'nhầm', thu sai hơn 10 năm",,49,,Kinh doanh,"Ngoài việc đặt trạm thu phí BOT ""nhầm chỗ"", dự án còn phải điều chỉnh giảm thời gian thu phí từ 19 năm, 2 tháng, 17 ngày xuống còn 8 năm, 6 ngày (giảm 11 năm, 2 tháng, 11 ngày).",NamSyntax/vietnamese-news-classification
namsyntax_30111,Đà Nẵng có thể là địa phương đầu tiên được lập khu thương mại tự do,,48,,Thời sự,"Sáng 31/5, Chính phủ trình Quốc hội Nghị quyết về cơ chế, chính sách đặc thù mới cho TP Đà Nẵng, trong đó có đề xuất lập khu thương mại tự do.",NamSyntax/vietnamese-news-classification
namsyntax_999671,10 đội thi vào vòng Đối đầu 'Kpop Dance For Youth',,43,,Giải trí,"Các đội thi đến từ THPT Nguyễn Trãi, THPT Việt Đức, Đại học Y Hà Nội, ĐH Thăng Long... giành tấm vé vào vòng Đối đầu, dự kiến diễn ra ngày 30/11.",NamSyntax/vietnamese-news-classification
namsyntax_239587,Ông Trump khẳng định Mỹ sẽ có được Greenland,,45,,Thế giới,Tổng thống Donald Trump tuyên bố Mỹ chắc chắn sẽ có được Greenland và ông đã có các cuộc thảo luận thực sự về việc sáp nhập vùng lãnh thổ tự trị này của Đan Mạch.,NamSyntax/vietnamese-news-classification
namsyntax_727711,"BĐS nóng chuyện kiện tụng, nợ nần, bắt bớ",,54,,Bất động sản,"Một giám đốc công ty xây dựng Vinashin chém người, Vinaconex mắc kẹt với
khối nợ khủng, khách hàng kiện Keangnam Vina ra tòa, Sở Xây dựng đề
xuất cho tư nhân thu mua biệ thự Pháp cổ… là những tin nổi bật tuần qua.",NamSyntax/vietnamese-news-classification
namsyntax_821486,Suýt tử vong vì uống thuốc tiểu đường có chất cấm,,41,,Sức khỏe,"Bỏ 10 triệu đồng để mua 20 gói thuốc nam do người quen giới thiệu, một người đàn ông ở Hà Nội phải nhập Bệnh viện Bạch Mai cấp cứu.",NamSyntax/vietnamese-news-classification
namsyntax_441779,Giá vàng hôm nay 12/12: Lặng im dưới đáy 200 ngày,,54,,Kinh doanh,"Giá vàng hôm nay 12/12 tạm ngừng lao dốc khi đà bán tháo suy giảm. Tuy nhiên, giá vàng vẫn ở đáy nhiều tháng và vẫn ở dưới mức trung bình 200 ngày do thị trường kỳ vọng Mỹ sẽ tăng lãi suất.",NamSyntax/vietnamese-news-classification
namsyntax_435633,Đại gia ‘ngầm’ gốc Sơn La túi tiền hơn 1 nghìn tỷ ai biết đều thán phục,,52,,Kinh doanh,"Bên cạnh nhân vật “ai cũng biết” của Thế giới di động là ông Nguyễn Đức Tài, một người khác cũng nắm trong tay hàng nghìn tỷ đồng, đó là ông Điêu Chính Hải Triều.",NamSyntax/vietnamese-news-classification
namsyntax_120791,Hà Nội sẽ xây 'siêu đô thị' vệ tinh Hòa Lạc,,33,,Thời sự,HĐND TP Hà Nội quyết định xây dựng Hòa Lạc thành đô thị hiện đại thông minh với diện tích 17.274 ha.,NamSyntax/vietnamese-news-classification
namsyntax_233454,Anh sẽ trưng bày di sản thời trang của cố Nữ hoàng Elizabeth II,,44,,Thế giới,Điện Buckingham sẽ tổ chức một cuộc triển lãm chưa từng có nhằm tôn vinh di sản thời trang của cố Nữ hoàng Elizabeth II trong 70 năm trị vì.,NamSyntax/vietnamese-news-classification
namsyntax_397021,"Tiêu thụ điện kỷ lục, TP.HCM thực hiện ngay 'mở đèn trễ, tắt đèn sớm'",,49,,Kinh doanh,"Ngày 6/5/2023, TP.HCM thiết lập mức tiêu thụ điện cao nhất từ trước đến nay. Ngay sau đó, địa phương và ngành điện đã lập tức triển khai các giải pháp tiết kiệm điện.",NamSyntax/vietnamese-news-classification
namsyntax_713940,Cách vệ sinh cây cối để đón Tết,,34,,Bất động sản,"Dù ở trong nhà, lá cây vẫn cần được làm sạch để quang hợp tốt, tránh sâu bệnh và cải thiện vi khí hậu trong nhà.",NamSyntax/vietnamese-news-classification
namsyntax_1202486,Nước nào chỉ tiếp giáp với Nga và Trung Quốc?,,37,,Giáo dục,"Quốc gia này không giáp biển, thường bị nhầm có đường biên giới với ba quốc gia nhưng thực tế chỉ tiếp giáp Nga và Trung Quốc.",NamSyntax/vietnamese-news-classification
namsyntax_348653,18 phút làm chao đảo thị trường nickel toàn cầu,,44,,Kinh doanh,"Giá nickel tăng dựng đứng từ hơn 50.000 USD lên 100.000 USD, chỉ trong 18 phút ngày 8/3, đẩy thị trường kim loại vào cảnh hỗn loạn nghiêm trọng nhất gần bốn thập kỷ.",NamSyntax/vietnamese-news-classification
namsyntax_213042,"Thiết giáp Israel trúng tên lửa Hamas, 7 binh sĩ thiệt mạng",,37,,Thế giới,Israel thông báo 7 binh sĩ thiệt mạng khi xe thiết giáp chở họ trúng một tên lửa dẫn đường của Hamas ở Dải Gaza.,NamSyntax/vietnamese-news-classification
namsyntax_1183651,Cô gái môi giới bán dâm giá 200 USD quanh co chối tội,,35,,Pháp luật,"Hai cô gái bán dâm khai, sau khi bán thân, họ phải trả cho Hương 1 triệu đồng tiền công môi giới.",NamSyntax/vietnamese-news-classification
namsyntax_1152865,Tài xế không bằng lái đâm chết hai bố con,,39,,Pháp luật,"Thái Nguyên - Bùi Văn Nam, 30 tuổi, khi lái ôtô trên quốc lộ 3C đã đâm chết hai bố con đi xe máy ở làn đường ngược chiều.",NamSyntax/vietnamese-news-classification
namsyntax_231405,Đảng Dân chủ định vẽ lại bản đồ bầu cử ở California,,41,,Thế giới,Mỹ - Phe Dân chủ ở bang California đề xuất bản đồ bầu cử mới nhằm giúp giành lại 5 ghế Hạ viện đang trong tay đảng Cộng hòa.,NamSyntax/vietnamese-news-classification
namsyntax_731823,Chủ đầu tư Golden Westlake phớt lờ yêu cầu từ Sở xây dựng?,,62,,Bất động sản,"Theo yêu cầu của Sở Xây
dựng yêu cầu phía chủ đầu tư mở cửa tầng hầm và thực hiện mọi hoạt động
như cũ trước khi đi đến thống nhất với dân cư nhưng khi cư dân tiến
hành nộp phí lại bị chủ đầu tư từ chối.",NamSyntax/vietnamese-news-classification
namsyntax_1209568,Anh em sinh đôi Hiền - Hậu cùng giành Huy chương Vàng Olympic Toán,,54,,Giáo dục,"Cặp anh em sinh đôi Nguyễn Trí Hiền - Nguyễn Trí Hậu, học sinh lớp 11 chuyên Toán của Trường THPT chuyên Nguyễn Bỉnh Khiêm (Quảng Nam) vừa giành Huy chương Vàng ở kỳ thi Olympic Giao lưu Toán học.",NamSyntax/vietnamese-news-classification
namsyntax_1136365,Con trai dùng dao sát hại mẹ vì không xin được tiền,,34,,Pháp luật,"Hỏi xin tiền mẹ nhưng không được, Nguyễn Thanh Quý đã dùng dao đâm vào vai và ngực khiến mẹ tử vong.",NamSyntax/vietnamese-news-classification
namsyntax_1344800,Địa ngục nhà chồng,,47,,Đời sống,"Nói như thế, nghe có phần đáng sợ, nhưng sự thật là , ngay ở thời đại này,
vẫn không ít người phụ nữ chịu thiệt thòi, khổ sở về tinh thần khi bị áp bức
giữa vòng vây mang tên ""nhà chồng"".",NamSyntax/vietnamese-news-classification
namsyntax_1187202,Công an nói về clip cầm súng giữa phố,,39,,Pháp luật,"Tại thời điểm cảnh sát ập đến chân cầu
bắt giữ Bình, có một số người muốn nhảy vào đánh tháo Bình, buộc các
trinh sát phải bắn chỉ thiên.",NamSyntax/vietnamese-news-classification
namsyntax_1303164,Nhà hàng Thế Giới Hải Sản tặng thực khách súp bào ngư vi cá thượng hạng,,53,,Đời sống,Chuỗi nhà hàng siêu thị Thế Giới Hải Sản đã chọn món món súp bào ngư vi cá để dành tặng thực khách từ phương xa tới Thủ đô thay cho lời chào “Welcome To Hà Nội”.,NamSyntax/vietnamese-news-classification
namsyntax_606432,"Trend Micro ra XGen, phần mềm phát hiện mã độc từ các nhà cung cấp mail như Yahoo",,52,,Khoa học,"Hãng bảo mật Trend Micro vừa giới thiệu phần mềm XGen, nhằm ngăn ngừa các hoạt động tấn công mạng đến từ những email bị cướp quyền điều khiển, như của Yahoo chẳng hạn.",NamSyntax/vietnamese-news-classification
namsyntax_283646,Thót tim thấy thiết bị không người lái lượn sát máy bay hàng trăm khách,,55,,Thế giới,"Cộng đồng sử dụng thiết bị không người lái đã kịch liệt lên án một thành viên bất cẩn điều khiển thiết bị này hoạt động ngay sát máy bay chở khách thương mại lớn nhất thế giới, Airbus A-380.",NamSyntax/vietnamese-news-classification
namsyntax_842965,Nước tinh khiết miễn phí cho bệnh nhân 5 BV lớn,,60,,Sức khỏe,"Thay vì phải mua nước uống, hiện nay, tại 4 bệnh viện lớn gồm Nhi Trung ương, Sản Trung Ương, Mắt Trung Ương, Viện E và khu lưu trú dành cho người nhà bệnh nhân viện K đã có nước tinh khiết miễn phí để phục vụ bệnh nhân.",NamSyntax/vietnamese-news-classification
namsyntax_1081351,Cựu thành viên T-ARA thông báo mang thai trước đám cưới,,25,,Giải trí,- Sao Hàn 7/10: Ahreum tiết lộ đang mang thai em bé đầu lòng.,NamSyntax/vietnamese-news-classification
namsyntax_1304073,"Lao ra đường giúp cụ ông, người phụ nữ bất ngờ bị tát điếng người",,62,,Đời sống,"TRUNG QUỐC - Vội vã lao ra để giúp đỡ cụ ông cao tuổi sang đường, người phụ nữ bất ngờ bị cụ tát mạnh, văng chiếc kính xuống đất. Đoạn video ghi lại hình ảnh này gây sốt trên mạng xã hội quốc gia tỷ dân.",NamSyntax/vietnamese-news-classification
namsyntax_747101,Săn tìm căn hộ xanh chứng chỉ quốc tế vừa tiền,,60,,Bất động sản,"Với căn hộ cao cấp Anland Complex đạt tiêu chuẩn chứng chỉ xanh quốc tế EDGE, cư dân sẽ tiết kiệm được 20-27% hóa đơn điện nước hàng tháng. Đặc biệt trong tháng 4/2017, khách hàng mua Anland Complex nhận chiết khấu lên đến 11,06% giá trị căn hộ.",NamSyntax/vietnamese-news-classification
namsyntax_1184699,"Ba anh em mang súng, kiếm truy sát đối thủ cấp cứu tại bệnh viện",,73,,Pháp luật,"Chiều 19-4, Công an TP Đà Lạt tỉnh Lâm Đồng cho biết, vẫn đang tiếp tục làm việc với 3 nghi can là 3 anh em hành hung 1 người bị thương nặng tại Khoa cấp cứu Bệnh viện đa khoa Lâm Đồng, đồng thời làm rõ nguồn gốc khẩu súng của 3 đối tượng này mang theo.",NamSyntax/vietnamese-news-classification
namsyntax_1213423,Hàng trăm thầy trò đi cách ly tập trung vì ca mắc Covid-19,,45,,Giáo dục,Hơn 100 giáo viên và học sinh của Trường THCS Võ Thị Sáu (TP Hải Dương) đã được cách ly tập trung sau khi một học sinh của trường này mắc Covid-19.,NamSyntax/vietnamese-news-classification
namsyntax_379630,Công ty Sen Việt cung cấp giải pháp điều hòa cao cấp,,49,,Kinh doanh,"Công ty Sen Việt cung cấp giải pháp trọn gói tư vấn, thiết kế, thi công bảo trì hệ thống điều hòa và thông gió, đáp ứng nhu cầu của nhiều loại hình công trình, nhà xưởng...",NamSyntax/vietnamese-news-classification
namsyntax_1136618,Vụ án liên quan ông Đỗ Hữu Ca: 'Trùm' mua bán hóa đơn điều hành 26 công ty,,52,,Pháp luật,"Để mua bán trái phép hàng nghìn hóa đơn, Trương Xuân Đước cùng vợ đã lập ra 26 công ty ""ma"", sử dụng nhiều chiêu trò nhằm thu lợi bất chính 41 tỷ đồng.",NamSyntax/vietnamese-news-classification
namsyntax_113208,Dịch sởi ở Việt Nam đang bùng phát nghiêm trọng đến mức nào?,,52,,Thời sự,"Theo thông báo của Cục Y tế dự phòng, từ đầu năm 2018 đến nay, cả nước ghi nhận hơn 2.300 trường hợp sốt phát ban tại 49 tỉnh, thành phố, trong đó có 954 trường hợp mắc sởi.",NamSyntax/vietnamese-news-classification
namsyntax_921683,"Thanh Thúy sắp ra mắt đội bóng Thổ Nhĩ Kỳ, nhận lương cao kỷ lục",,46,,Thể thao,Chủ công Trần Thị Thanh Thúy tiếp tục ghi cột mốc đáng nhớ trong sự nghiệp khi chuyển sang thi đấu cho một đội bóng danh tiếng tại Thổ Nhĩ Kỳ.,NamSyntax/vietnamese-news-classification
namsyntax_1138637,Cảnh sát thông tin vụ nữ sinh 15 tuổi ở Hà Tĩnh tử vong bên vệ đường,,60,,Pháp luật,"Công an tỉnh Hà Tĩnh đang tạm giữ hình sự 6 người liên quan đến vụ việc nữ sinh 15 tuổi tử vong bên vệ đường. Trước đó hai nhóm thanh niên đã xảy ra ẩu đả, ném vỏ chai bia vào nhau.",NamSyntax/vietnamese-news-classification
namsyntax_859172,Công Phượng đưa TP HCM lên đỉnh bảng,,33,,Thể thao,"Quảng Ninh - Góp một bàn và một kiến tạo, Công Phượng giúp TP HCM thắng Quảng Ninh 3-0 ở vòng 9 V-League tối 11/7.",NamSyntax/vietnamese-news-classification
namsyntax_522674,NASA công bố ảnh chụp vũ trụ mới của kính James Webb,,41,,Khoa học,Ảnh chụp vũ trụ sâu nhất từ trước đến nay trong ánh sáng hồng ngoại của kính James Webb hé lộ nhiều ngôi sao và thiên hà xa xôi.,NamSyntax/vietnamese-news-classification
namsyntax_454421,Trúng thưởng tiền tỉ mà không được nhận,,44,,Kinh doanh,"Nhận giấy chứng nhận trúng thưởng 1 tỉ
đồng, nhiều người đã bỏ hàng chục triệu đồng mua hàng của Công ty TNHH
Catalogue Shopping để được thưởng nhưng rốt cuộc vẫn tốn tiền oan uổng.",NamSyntax/vietnamese-news-classification
namsyntax_712513,Doanh nghiệp xây nhà giá rẻ có thể được vay lãi suất thấp,,44,,Bất động sản,"Doanh nghiệp phát triển căn hộ thương mại giá dưới 20 triệu đồng mỗi m2 được vay vốn với lãi suất 7-8% mỗi năm, theo đề xuất của Bộ Xây dựng.",NamSyntax/vietnamese-news-classification
namsyntax_394166,Lợi nhuận nhiều ngân hàng lớn được dự báo tụt dốc,,56,,Kinh doanh,"Các ngân hàng sẽ công bố báo cáo tài chính quý 3/2023 trong ít ngày tới. Nhưng ở thời điểm này, SSI Research đã đưa ra đánh giá sơ bộ, ước tính kết quả kinh doanh quý 3/2023 của một số ngân hàng niêm yết.",NamSyntax/vietnamese-news-classification
namsyntax_879642,Haaland không ngờ khởi đầu tốt tại Man City,,36,,Thể thao,"Tiền đạo Erling Haaland không nghĩ bản thân có thể ghi 12 bàn qua bảy trận đầu cho Man City, sau khi chia tay Dortmund hè 2022.",NamSyntax/vietnamese-news-classification
namsyntax_1054850,"MC Vân Hugo ngày càng xinh đẹp, hạnh phúc sau 3 năm kết hôn",,35,,Giải trí,"Sau 3 năm kết hôn, tình yêu của MC Vân Hugo cùng chồng doanh nhân vẫn luôn ngọt ngào, tươi mới.",NamSyntax/vietnamese-news-classification
namsyntax_778475,Bóng đè có phải một dạng rối loạn giấc ngủ?,,40,,Sức khỏe,"Trắc nghiệm dưới đây giải thích về một số dạng rối loạn giấc ngủ, nguyên nhân và cách khắc phục tình trạng mất ngủ, bóng đè, ngưng thở khi ngủ.",NamSyntax/vietnamese-news-classification
namsyntax_1298305,"Lâm Khánh Chi: Nhiều người nghĩ tôi giàu, nhưng hiện tại tôi vẫn còn nợ",,51,,Đời sống,"Xuất hiện tại chương trình Vợ chồng son tập 305 phát sóng vào Chủ Nhật 30/6, đôi vợ chồng trẻ Lâm Khánh Chi - Phi Hùng đã chia sẻ về cuộc sống sau khi kết hôn.",NamSyntax/vietnamese-news-classification
namsyntax_802659,Mắc bệnh cường giáp khi mang thai có nguy hiểm?,,34,,Sức khỏe,"Tôi mang thai tháng thứ ba mới phát hiện mắc bệnh cường giáp, có nguy hiểm đến em bé không? (Thu Hương, TP HCM)",NamSyntax/vietnamese-news-classification
namsyntax_548104,"Dota 2: Tiền thưởng TI10 vượt 10 triệu USD, hơn 1.1 triệu người đã mua Battle Pass",,40,,Khoa học,(GameSao.vn) – TI10 đang hướng tới 37 triệu USD tiền thưởng nếu được gây quỹ cộng đồng ngang bằng thời gian với TI9.,NamSyntax/vietnamese-news-classification
namsyntax_865103,Lời nguyền Neymar,,35,,Thể thao,"Chấn thương trong trận vô thưởng vô phạt khiến Neymar lỡ màn tái ngộ Barca mà anh mong chờ, còn PSG lại gặp khó đúng giai đoạn quyết định ở Champions League.",NamSyntax/vietnamese-news-classification
namsyntax_720953,Nhà ống tận dụng giếng trời để dẫn sáng xuyên tầng,,42,,Bất động sản,Đài Loan - Công trình khắc phục hạn chế bằng giải pháp tổ chức giếng trời giúp ánh sáng xuyên suốt các tầng và sắp xếp không gian sống liền mạch.,NamSyntax/vietnamese-news-classification
namsyntax_938777,"Lịch thi đấu bóng đá SEA Games 31: Bóng đá nam, nữ Việt Nam vô địch SEA Games",,48,,Thể thao,Lịch thi đấu bóng đá SEA Games 31: VietNamNet cập nhật toàn bộ lịch thi đấu môn bóng đá tại SEA Games 31 diễn ra từ ngày 6/5 đến 23/5.,NamSyntax/vietnamese-news-classification
namsyntax_802678,Chọc ối có gây sảy thai?,,39,,Sức khỏe,"Bố mẹ mang gene di truyền, được chỉ định chọc ối nhưng sợ ảnh hưởng đến thai nhi nên từ chối. Phương pháp này có gây sảy thai? (Trang, 29 tuổi, Hà Nội)",NamSyntax/vietnamese-news-classification
namsyntax_687003,Clip: Phát hoảng với sạc iPhone kinh dị,,21,,Khoa học,Cư dân mạng phát hoảng khi xem một clip sạc iPhone kinh dị.,NamSyntax/vietnamese-news-classification
namsyntax_1028810,Áo dài cưới hoa sen của vợ chồng diễn viên Anh Đức,,38,,Giải trí,"TP HCM - Diễn viên Anh Đức, Quỳnh Anh diện áo dài trắng cách tân, thêu hoa sen tối giản trong lễ rước dâu sáng 6/9.",NamSyntax/vietnamese-news-classification
namsyntax_732447,Hà Nội mở rộng tuyến đường được mong chờ nhất quận Thanh Xuân,,44,,Bất động sản,UBND thành phố Hà Nội vừa ban hành Quyết định phê duyệt chỉ giới đường đỏ tuyến phố Vũ Trọng Phụng (đoạn từ đường Nguyễn Huy Tưởng đến đường Nguyễn Trãi),NamSyntax/vietnamese-news-classification
namsyntax_848771,7,,28,,Sức khỏe,"Dưới đây là 7 loại thần dược phòng the được lưu truyền trong dân gian ở nhiều
nước trên thế giới do tạp chí Cosmopolitan liệt kê.",NamSyntax/vietnamese-news-classification
namsyntax_468280,Chê xe đắt nhưng dân Việt không thèm mua ôtô rẻ,,45,,Kinh doanh,"Đáng lẽ ra thị trường xe hơi giá rẻ của Việt Nam phải phát triển mạnh mẽ, nhưng vì nhiều lý do, những mẫu xe giá rẻ đang không có chỗ đứng xứng đáng.",NamSyntax/vietnamese-news-classification
namsyntax_311549,"Hôn bạn cùng lớp, bé 6 tuổi bị đình chỉ học",,48,,Thế giới,"Việc một cậu bé 6 tuổi bị tạm thời nghỉ học vì hôn một bạn gái cùng lớp đang đặt ra
câu hỏi liệu thơm má (tay) có bị coi là quấy rối tình dục hay không.",NamSyntax/vietnamese-news-classification
namsyntax_728711,"Thế giới đua công nghệ 4.0, đại gia Việt bơm ngàn tỷ xây chùa",,50,,Bất động sản,"Đầu xuân mới, khi người dân cả nước đang nô nức đi chùa như đi hội, tôi cảm thấy không hề vui khi những biến tướng của việc lẽ ra phải lấy làm thiêng liêng này.",NamSyntax/vietnamese-news-classification
namsyntax_1346442,Kỳ diệu khối thạch nhũ đổi màu ở động Phong Nha,,44,,Đời sống,"Các chuyên gia hang động vừa phát hiện một khối thạch nhũ ""kỳ lạ"" ở động
Phong Nha. Khối thạch nhũ có sự thay đổi liên tục về màu sắc rất kỳ lạ.",NamSyntax/vietnamese-news-classification
namsyntax_716473,Nhà dưới 5 tỷ trong ngõ hút khách,,42,,Bất động sản,"Hà Nội - Những căn nhà dưới 45 m2 trong ngõ hẻm, giá 3-5 tỷ đồng đang thu hút nhiều người mua, vượt qua sự ảm đạm của nhiều phân khúc bất động sản.",NamSyntax/vietnamese-news-classification
namsyntax_267543,Mỹ truy tố 14 thủ lĩnh băng đảng khét tiếng tội khủng bố,,48,,Thế giới,"Bộ Tư pháp Mỹ thông báo nước này vừa truy tố 14 thủ lĩnh băng đảng khét tiếng MS-13, trong hành động toàn diện nhất nhằm vào tổ chức tội phạm xuyên quốc gia này.",NamSyntax/vietnamese-news-classification
namsyntax_1174222,Án mạng từ mâu thuẫn 'mở loa điện thoại xem phim',,42,,Pháp luật,"Cà Mau - Bị đồng nghiệp dùng dao tấn công vì mở loa điện thoại để xem phim, Huỳnh Tâm Em, 34 tuổi, đã đáp trả khiến người này tử vong.",NamSyntax/vietnamese-news-classification
namsyntax_432367,"10 ngày đút túi hơn 1 tỷ: Đại lộ Thăng Long, kỷ lục 10 năm lại nổ",,53,,Kinh doanh,"“Chỉ cần 10 ngày, giá đất đã tăng từ 5-7 triệu đồng/m2, nhiều người đầu tư lướt sóng thu lời đến cả tỷ đồng”, một môi giới nhà đất trên đại lộ Thăng Long cho biết.",NamSyntax/vietnamese-news-classification
namsyntax_394096,"Giá vàng nhẫn tăng mạnh, lập kỷ lục mới",,42,,Kinh doanh,"Giá vàng nhẫn trong nước hôm nay (19/10) tăng rất mạnh, có thương hiệu tăng tới nửa triệu đồng/lượng, vượt xa mốc 58 triệu đồng/lượng, lên mức cao nhất từ trước đến nay.",NamSyntax/vietnamese-news-classification
namsyntax_1212191,Sinh viên lần đầu bỏ phiếu: 'Mong người được chọn quan tâm đến giáo dục',,49,,Giáo dục,"Lần đầu tiên cầm trên tay lá phiếu bầu cử, nhiều sinh viên háo hức khi được tạo điều kiện thực hiện quyền công dân ngay tại chính ngôi trường mình đang theo học.",NamSyntax/vietnamese-news-classification
namsyntax_113110,Nam Định: Hai chủ tịch xã bị tố gian dối bằng cấp,,41,,Thời sự,"Hai chủ tịch xã cùng huyện ở Nam Định bị tố cáo khai man bằng cấp, trong đó một vị có 2 năm sinh trong hồ sơ công tác.",NamSyntax/vietnamese-news-classification
namsyntax_1226655,Hành động giản dị của cô giáo trong mùa dịch khiến học sinh xúc động,,50,,Giáo dục,"Cô Brandy Hurtado, một giáo viên tiểu học tại bang Texas, Mỹ đã tìm ra cách ngọt ngào để duy trì sự kết nối với học sinh của mình trong đợt nghỉ học vì Covid-19.",NamSyntax/vietnamese-news-classification
namsyntax_1267376,Máy khuếch tán tinh dầu đồng giá 279.000 đồng,,35,,Đời sống,"Nhiều mẫu máy khuếch tán tinh dầu Lorganic tạo hương thơm khử mùi, cho cảm giác thư giãn, bán đồng giá 279.000 đồng trên Shop Vnexpress.",NamSyntax/vietnamese-news-classification
namsyntax_1237843,Theo học ngành Y dược tại Cao đẳng Công thương Quốc tế,,52,,Giáo dục,"Trước nhu cầu nhân lực cao cùng cơ hội nghề nghiệp rộng mở, những năm gần đây Cao đẳng Công thương Quốc tế (ICC) tích cực mở rộng quy mô, nâng cao chất lượng đào tạo nhóm ngành Y dược.",NamSyntax/vietnamese-news-classification
namsyntax_321937,Xoáy nước khổng lồ ngoài khơi Nhật Bản,,26,,Thế giới,"Ngay sau trận động đất, sóng thần, ngoài khơi Nhật Bản hình thành một xoáy nước khổng lồ.",NamSyntax/vietnamese-news-classification
namsyntax_400073,"Phát hành trái phiếu doanh nghiệp giảm mạnh, doanh nghiệp tăng mua lại trước hạn",,50,,Kinh doanh,"Sau vụ việc sai phạm của Tân Hoàng Minh và Vạn Thịnh Phát, thị trường trái phiếu doanh nghiệp đang gặp khó khăn. Doanh nghiệp mua lại trước hạn hơn 152 nghìn tỷ trái phiếu.",NamSyntax/vietnamese-news-classification
namsyntax_358052,Bãi cát giá 34 triệu USD ở Dubai,,35,,Kinh doanh,Bãi cát rộng 2.300 m2 trên một hòn đảo nhân tạo thuộc Dubai vừa được sang tay với giá kỷ lục 125 triệu dirham (34 triệu USD).,NamSyntax/vietnamese-news-classification
namsyntax_943306,Trọng tài từ chối bàn thắng Nhật Bản phụ trách phòng VAR ở Mỹ Đình,,40,,Thể thao,Trọng tài người UAE Mohamed Hassan phụ trách phòng VAR trong trận tuyển Việt Nam tiếp đón Saudi Arabia ngày 16/11 trên sân Mỹ Đình.,NamSyntax/vietnamese-news-classification
namsyntax_480426,1.001 chiêu 'chơi xấu' của các 'đại gia' ngân hàng,,42,,Kinh doanh,"Không chỉ cạnh tranh nhau để tranh giành khách hàng, không ít ngân hàng còn tìm
đủ chiêu để lôi kéo nhân lực và chất xám từ đối thủ về cho mình.",NamSyntax/vietnamese-news-classification
namsyntax_726127,"Hà Nội yêu cầu xem xét thanh tra dự án đối ứng BT đường Vành đai 2,5",,65,,Bất động sản,"UBND TP. Hà Nội yêu cầu Thanh tra TP xem xét thực hiện thanh tra dự án khu đô thị mới Đại Kim - Định Công mở rộng - là dự án đối ứng BT tuyến đường Vành đai 2,5 (đoạn đường Đầm Hồng - quốc lộ 1A).",NamSyntax/vietnamese-news-classification
namsyntax_736053,"Căn hộ 3 ngủ hiện đại, nội thất đơn giản nhưng sở hữu các góc đẹp ‘thần thánh’",,51,,Bất động sản,"Căn hộ chung cư thiết kế 3 ngủ mang phong cách hiện đại, đơn giản nhưng sở hữu những góc nhà đẹp, cho gia chủ có thể 'sống ảo' mọi lúc, mọi nơi.",NamSyntax/vietnamese-news-classification
namsyntax_365386,Các giải pháp hỗ trợ doanh nghiệp SME của ABBank,,41,,Kinh doanh,Ngân hàng triển khai nhiều chương trình ưu đãi tín dụng cũng như các gói phí nhằm chia sẻ và giúp doanh nghiệp giảm bớt gánh nặng về chi phí vốn.,NamSyntax/vietnamese-news-classification
namsyntax_411204,"Chứng khoán ngày 26/7: Dịch bệnh căng thẳng, thị trường rung lắc",,24,,Kinh doanh,"Chứng khoán ngày 26/7: Dịch bệnh căng thẳng, thị trường rung lắc",NamSyntax/vietnamese-news-classification
namsyntax_1298618,"Nữ doanh nhân vỡ nợ hơn 18 tỷ đồng, lặn lội đào củ sen làm lại từ đầu",,58,,Đời sống,"TRUNG QUỐC - Từng sống trong biệt thự sang trọng, có tài xế riêng và nhiều người giúp việc, nhưng chỉ sau cú sốc vỡ nợ, nữ doanh nhân 44 tuổi đã phải bắt đầu lại từ con số 0.",NamSyntax/vietnamese-news-classification
namsyntax_1127133,Sao cứ phải đưa sex vào sách?,,54,,Giải trí,"""Viết về tình dục nếu không
sâu, không cảm được rất dễ sa vào sự thô tục. Cuộc sống còn nhiều điều tốt đẹp,
đặc biệt hơn, tại sao cứ phải đưa tình dục vào sách? - cây bút trẻ Ploy Trần Lê
Ngọc Bích băn khoăn.",NamSyntax/vietnamese-news-classification
namsyntax_122499,Chốt phương án nghỉ Tết Nguyên đán Mậu Tuất 2018,,42,,Thời sự,"Bộ LĐTB&XH vừa thống nhất phương án nghỉ Tết âm lịch 1 tuần, trong đó có 2 ngày nghỉ trước Tết (tức nghỉ liên tục từ ngày 14/2/2018 đến hết ngày 20/2/2018).",NamSyntax/vietnamese-news-classification
namsyntax_1220194,Nữ sinh mặc áo dài trắng nhảy “cực xinh” trên sân trường,,52,,Giáo dục,"Trong tà áo dài trắng thướt tha, các nữ sinh đã cùng với các nam sinh hòa vào điệu nhảy Cha Cha Cha với các động tác đầy uyển chuyển và đẹp mắt, khiến sân trường trở nên sôi động.",NamSyntax/vietnamese-news-classification
namsyntax_291580,Thử hạ cánh xuống sao Kim -,,33,,Thế giới,"Khoa học vũ trụ đang dần đưa con người đến với những hành tinh lân cận, nhưng dường như Sao Kim vẫn là một ""tử địa"".",NamSyntax/vietnamese-news-classification
namsyntax_1265726,Phụ nữ bớt chú ý nhan sắc trong 'thời của khẩu trang',,44,,Đời sống,"Trung Quốc - Với khẩu trang che nửa khuôn mặt giữa đại dịch, phụ nữ có thể để mặt mộc đi làm, chứ không còn phải hóa trang phức tạp như trước.",NamSyntax/vietnamese-news-classification
namsyntax_370324,"Kỳ nghỉ trọn gói từ 3,4 triệu đồng tại resort 5 sao Mũi Né",,46,,Kinh doanh,"Với gói All-In-One tại Centara Mirage Resort Mũi Né, gia đình gồm hai người lớn và một trẻ em dưới 12 tuổi được tận hưởng mọi dịch vụ từ 3,4 triệu đồng.",NamSyntax/vietnamese-news-classification
namsyntax_1339081,Ly kỳ ký sự đi tìm,,50,,Đời sống,"Theo lời ông xe ôm này thì hầu hết ai gặp thầy làm xong cũng đều được ""toại nguyện"". Chồng chê, chồng bỏ, hay có cả nhân tình cũng được thầy hoá giải cho chồng rời xa cô ta và quay về bên vợ",NamSyntax/vietnamese-news-classification
namsyntax_314008,Các nước phạt hút thuốc nơi công cộng thế nào?,,48,,Thế giới,"Các quốc gia đều có xu hướng siết chặt lệnh cấm hút thuốc lá vì cộng đồng với
những mức phạt tiền ngày càng nặng và cả lao động công ích, nhưng Mỹ lại là một
ngoại lệ.",NamSyntax/vietnamese-news-classification
namsyntax_1085114,Hoa hậu Ngọc Hân lần hiếm hoi diện bikini sau 9 năm đăng quang,,38,,Giải trí,"Hoa hậu Việt Nam 2010 chia sẻ những hình ảnh gợi cảm bên thác A Nor, huyện A Lưới, tỉnh Thừa Thiên - Huế.",NamSyntax/vietnamese-news-classification
namsyntax_332331,MB và MISA ra mắt dịch vụ ngân hàng số trên phần mềm kế toán,,46,,Kinh doanh,"Kế toán viên có thể thao tác trên phần mềm của MISA để thực hiện tất cả nghiệp vụ kế toán ngân hàng, thông qua tài khoản Internet Banking của MB.",NamSyntax/vietnamese-news-classification
namsyntax_832610,Thứ trưởng Bộ Y tế: 'Không nên chủ quan vì nguy cơ bùng dịch Covid-19 vẫn cao',,49,,Sức khỏe,"Việc tiếp tục duy trì và thực hiện nghiêm các biện pháp phòng chống dịch là hết sức cần thiết, trong đó có vấn đề khuyến khích người dân đeo khẩu trang.",NamSyntax/vietnamese-news-classification
namsyntax_1210050,Gần 50% sinh viên Bách khoa tốt nghiệp làm việc ở công ty có yếu tố nước ngoài,,65,,Giáo dục,"Theo thống kê của Đại học Bách khoa Hà Nội về tình hình việc làm của sinh viên tốt nghiệp năm 2024, có khoảng hơn 25% làm việc ở công ty nước ngoài tại Việt Nam, 7% công tác tại công ty quốc tế ở nước ngoài.",NamSyntax/vietnamese-news-classification
namsyntax_1214156,Mỗi tuần cả nước tiêu thụ khoảng 938 triệu túi nilon,,57,,Giáo dục,"- Ông Nguyễn Thi (Vụ Pháp chế, Bộ Tài nguyên và Môi trường) cho rằng, trong lần sửa Luật bảo vệ môi trường này, cần thiết phải đưa nguyên tắc coi chất thải là tài nguyên  nếu muốn giảm thiểu rác thải nhựa ra môi trường.",NamSyntax/vietnamese-news-classification
namsyntax_702278,Không thu phí giờ chơi FIFA Online 2,,36,,Khoa học,"VTC Online cho biết, game FIFA Online 2 sẽ bắt đầu thu phí FIFA Online 2 từ 8/12 nhưng chỉ là thu phí bán vật dụng trong game.",NamSyntax/vietnamese-news-classification
namsyntax_1158144,Giang hồ Toàn 'Đen' bị đề nghị 16-18 năm tù,,43,,Pháp luật,"Đồng Nai - VKS cho rằng có căn cứ xác định Đặng Quang Toàn, tức Toàn ""Đen"", cướp 500 triệu đồng của Giám đốc bệnh viện, đề nghị tòa tuyên 16-18 năm tù.",NamSyntax/vietnamese-news-classification
namsyntax_526633,Huawei tin sẽ sánh ngang Apple nếu không bị cấm vận,,41,,Khoa học,"Huawei cho rằng nếu không vấp phải lệnh cấm của Mỹ, họ sẽ sánh ngang với Apple trong mảng smartphone, đồng thời xếp Samsung vào những nhà sản xuất nhỏ.",NamSyntax/vietnamese-news-classification
namsyntax_906544,5 CLB xuất sắc tại Runners Of The Year 2024 làm gì để được vinh danh?,,54,,Thể thao,"Chay365, DaNang Runners, 1981 Runners, 1983 Vietnam Runners và Bình Dương Running Club đều tạo ảnh hưởng tích cực trong cộng đồng chạy bộ, trước khi được vinh danh ở lễ trao giải Runners of the Year 2024.",NamSyntax/vietnamese-news-classification
namsyntax_864715,Sài Gòn 1-0 HAGL,,23,,Thể thao,Đỗ Merlo ghi bàn duy nhất giúp Sài Gòn hạ HAGL trong trận ra quân V-League 2021 tối 17/1.,NamSyntax/vietnamese-news-classification
namsyntax_203492,Tình báo Ukraine nhận định Nga gần cạn kho tên lửa chính xác,,43,,Thế giới,Lãnh đạo tình báo quân đội Ukraine cho rằng Nga gần như cạn tên lửa có độ chính xác cao và tới nay chưa nhận tên lửa đạn đạo Iran.,NamSyntax/vietnamese-news-classification
namsyntax_1016098,Kim Kardashian mặc bikini dự tiệc,,30,,Giải trí,Mỹ - Kim Kardashian cùng em gái Khloé mặc đồ bơi trong bữa tiệc khai trương cửa hàng mới của cô cuối tuần qua.,NamSyntax/vietnamese-news-classification
namsyntax_1157159,Lừa chồng suốt 20 năm để trộm tiền,,39,,Pháp luật,"Mỹ - Donna Marino, 63 tuổi, trộm 600.000 USD (hơn 13,6 tỷ đồng) trong tài khoản của chồng suốt hơn 20 năm, liên tục ngăn ông đến ngân hàng kiểm tra.",NamSyntax/vietnamese-news-classification
namsyntax_871963,Carragher: 'Solskjaer sẽ không bao giờ giỏi như Klopp',,37,,Thể thao,"Anh - Cựu hậu vệ Jamie Carragher cho rằng dù có làm gì, HLV Ole Solskjaer cũng không thể vươn tới đẳng cấp của đồng nghiệp Jurgen Klopp.",NamSyntax/vietnamese-news-classification
namsyntax_53218,Khánh thành công trình 260 tỷ đồng mở rộng 6km đường nối cù lao phía Đông TPHCM,,55,,Thời sự,"Đường Long Phước dài khoảng 6km với kinh phí 260 tỷ đồng nối cù lao phía Đông TPHCM chính thức khánh thành, tạo thuận lợi cho người dân đi lại, thay đổi diện mạo đô thị khu vực.",NamSyntax/vietnamese-news-classification
namsyntax_949261,"Lịch thi đấu bóng đá hôm nay, mùng 2 Tết",,34,,Thể thao,"Cập nhật lịch thi đấu bóng đá hôm nay 13/2 (mùng 2 Tết Tân Sửu), với các trận đấu quốc tế đáng chú ý.",NamSyntax/vietnamese-news-classification
namsyntax_740408,Quy hoạch hai bờ sông Hồng: Giới chuyên môn Việt đứng ngoài?,,52,,Bất động sản,"Việc mời chuyên gia Trung Quốc tư vấn lập đồ án quy hoạch hai bên sông Hồng, các chuyên gia trong nước đã có ý kiến muốn thể hiện tâm huyết tài năng của mình đóng góp cho thủ đô",NamSyntax/vietnamese-news-classification
namsyntax_191447,Lắp còi vượt quá âm lượng bị phạt tới 3 triệu,,41,,Thời sự,"Ô tô lắp còi âm lượng lớn bị phạt từ 2 đến 3 triệu đồng, không có dụng cụ thoát
hiểm bị đề nghị phạt từ 300.000 đến 500.000 đồng.",NamSyntax/vietnamese-news-classification
namsyntax_727223,Eco Green Sài Gòn lập hat-trich ở PropertyGuru Vietnam Awards 2019,,51,,Bất động sản,"Dự án Eco Green Sài Gòn của Chủ đầu tư Xuân Mai Sài Gòn được vinh danh ở ba hạng mục danh giá trong Gala trao giải thưởng PropertyGuru Vietnam Awards 2019 đêm 23/8 ở khách sạn InterContinental Saigon, TP.HCM.",NamSyntax/vietnamese-news-classification
namsyntax_725433,"Lý do nhà đầu tư chuyển hướng, săn đất phố biển",,58,,Bất động sản,"Khi thị trường BĐS TP.HCM ngày càng khan hiếm nguồn cung, các doanh nghiệp rầm rộ đổ về tỉnh. Sôi động nhất là các thành phố biển mới nổi, vừa được nâng cấp lên thành phố và có nhiều tiềm năng khai thác dịch vụ du lịch.",NamSyntax/vietnamese-news-classification
namsyntax_1248269,Việc học tập của con đứng thứ 3 về áp lực gia đình,,54,,Giáo dục,"Theo một khảo sát được tiến hành trong tháng 5 và 6/2015, gia đình Việt Nam đang đối mặt với một số
vấn đề như bất hòa giữa các thành viên, ngoại
tình và áp lực học tập của con cái.",NamSyntax/vietnamese-news-classification
namsyntax_746827,"Khung giá đất mới tại Hà Nội, TP.HCM cao nhất 162 triệu đồng/m2",,52,,Bất động sản,"- Nghị định mới vừa được Thủ tướng ký ban hành quy định về khung giá đất áp dụng cho 5 năm tới mức giá tối đa đối với đất ở tại Hà Nội, TP.HCM là 162 triệu đồng/m2.",NamSyntax/vietnamese-news-classification
namsyntax_526073,Apple và Google sẽ xóa một phần ba số ứng dụng hiện có,,37,,Khoa học,"Hai gã khổng lồ công nghệ Apple và Google thông báo sẽ xóa khoảng 1,55 triệu ứng dụng khỏi Play Store và App Store.",NamSyntax/vietnamese-news-classification
namsyntax_293854,Xe bom IS nổ tung trước khi đâm mục tiêu,,31,,Thế giới,Xe bom Nhà nước Hồi giáo bị bắn nổ tung khi nó hướng về phía các lực lượng Syria ở Raqqa.,NamSyntax/vietnamese-news-classification
namsyntax_797036,Đặt stent khơi thông tiêu hóa bệnh nhân ung thư,,46,,Sức khỏe,"TP HCM - Người phụ nữ 60 tuổi đau bụng, sốt sau 10 ngày mổ ung thư trực tràng di căn gan, được bác sĩ nội soi đặt stent giải áp lưu thông đường tiêu hóa.",NamSyntax/vietnamese-news-classification
namsyntax_1125844,Bao giờ những kẻ ăn cắp sách phải ra tòa?,,59,,Giải trí,"Bản quyền trong lĩnh vực
xuất bản ở Việt Nam ngày càng bát nháo, không còn là ngoại lệ mà đã thành hiện
tượng, không dừng lại ở sự vụ nhỏ lẻ mà đã mang tính hệ thống. Nhưng vẫn chưa có
ai bị kiện vì làm sách lậu.",NamSyntax/vietnamese-news-classification
namsyntax_843463,Việt Nam điều chế thành công thuốc hỗ trợ điều trị ung thư từ thảo dược,,90,,Sức khỏe,"Một tin vui với những bệnh nhân đang điều trị ung thư, mới đây, Viện Hàn lâm khoa học và công nghệ Việt Nam đã chuyển giao thành công, công nghệ chế tạo phức hệ Nano Extra XFGC (gọi tắt là Ksol) dùng trong phòng và hỗ trợ điều trị ung bướu. Thành công này mở ra cho bệnh nhân ung thư sử dụng giá thành thấp hơn nhiều so với thuốc nhập ngoại.",NamSyntax/vietnamese-news-classification
namsyntax_731170,Người,,38,,Bất động sản,"PV đã tìm gặp các nạn nhân trong vụ hai người phụ nữ khoả thân
ngăn cản thu hồi đất bị lực lượng vệ sĩ khống chế, lôi xệch trên công
trường xây dựng khu dân cư.",NamSyntax/vietnamese-news-classification
namsyntax_1288415,"Đặt tiêu chí ‘không lấy chồng nghèo’, người phụ nữ lỡ duyên ở Hẹn ăn trưa",,51,,Đời sống,"Vì một sự cố trong quá khứ, chị Ngợi tự đặt tiêu chí không lấy chồng nghèo để rồi đánh mất cơ hội kết đôi, tìm hiểu người đàn ông mà mình có thiện cảm.",NamSyntax/vietnamese-news-classification
namsyntax_133520,"Hủy, cắt ngắn lịch chạy tàu do lũ lụt miền Trung",,42,,Thời sự,"Lũ lụt tại miền Trung khiến tuyến đường sắt Bắc Nam bị đứt mạch. Do đó, ga Sài Gòn phải huy, cắt ngắn lịch trình chạy tàu các chặng đường dài.",NamSyntax/vietnamese-news-classification
namsyntax_1302625,Người đàn ông sốc khi nhận hóa đơn tiền điện hơn 618 tỷ đồng,,43,,Đời sống,"ẤN ĐỘ - Người đàn ông đã bị sốc khi nhận được hóa đơn tiền điện lên tới hơn 2,1 tỷ Rupee (hơn 618 tỷ đồng) cho tháng 12/2024.",NamSyntax/vietnamese-news-classification
namsyntax_668743,Lộ cấu hình HTC One Mini,,48,,Khoa học,Thời điểm phát hành của HTC One Mini chỉ còn 1 tháng nữa và sự xuất hiện của mẫu điện thoại này trên chương trình đo sức mạnh GFX Benchmark đem đến một cái nhìn tổng quan mới về HTC One Mini.,NamSyntax/vietnamese-news-classification
namsyntax_367041,Greenfeed Việt Nam giành hai giải thưởng 'Doanh nghiệp trách nhiệm châu Á 2024',,43,,Kinh doanh,"Tập đoàn Greenfeed là một trong những doanh nghiệp nông nghiệp - thực phẩm đầu tiên của Việt Nam nhận giải ""Doanh nghiệp Trách nhiệm châu Á (AREA) 2024"".",NamSyntax/vietnamese-news-classification
namsyntax_1045367,"Lou Hoàng tiết lộ chuyện cô lập bản thân, gặp biến chứng sau bạo bệnh",,43,,Giải trí,"Ca sĩ Lou Hoàng gặp gỡ truyền thông nhân dịp ra mắt MV ""Ngày đẹp trời để nói chia tay” và tham gia gameshow “Anh trai say hi”.",NamSyntax/vietnamese-news-classification
namsyntax_737569,30 năm Tập đoàn CT Group: Hướng đến 25.000 nhân sự vào năm 2025,,60,,Bất động sản,CT Group đặt mục tiêu tuyển dụng hàng chục ngàn nhân sự chất lượng cao làm việc tại Việt Nam và các văn phòng đại diện ở nước ngoài. Một “cuộc cách mạng nhân sự” quy mô lớn đang được CT Group dày công chuẩn bị.,NamSyntax/vietnamese-news-classification
namsyntax_1139337,Tử hình nữ quái sát hại cô gái ở chợ đầu mối Thủ Đức,,50,,Pháp luật,"Ra chợ đầu mối nông sản Thủ Đức để mua rau củ về bán, phát hiện chị T. đeo nhiều vàng, Dung đã dụ chị tới bãi container vắng để sát hại rồi cướp tài sản.",NamSyntax/vietnamese-news-classification
namsyntax_196525,Nga tuyên bố phóng tên lửa Kalibr tập kích tiểu đoàn Ukraine,,40,,Thế giới,"Tàu chiến trên Biển Đen phóng loạt tên lửa hành trình Kalibr tấn công trận địa một tiểu đoàn ở miền trung Ukraine, theo Bộ Quốc phòng Nga.",NamSyntax/vietnamese-news-classification
namsyntax_442155,Black Friday: Tràng Tiền Plaza ưu đãi lớn,,45,,Kinh doanh,"Các thương hiệu lớn trong TTTM Tràng Tiền Plaza đồng loạt tung chương trình ưu đãi, khuyến mãi lớn lên đến 50% trong sự kiện mua sắm Black Friday. Chương trình kéo dài từ 24 - 26/11/2017.",NamSyntax/vietnamese-news-classification
namsyntax_737162,Đất Xanh vào Top 10 nhà phát triển BĐS Việt Nam,,39,,Bất động sản,"Ngày 26/5/2017, Tập đoàn Đất Xanh vừa vinh
dự nhận giải thưởng “Top 10 nhà phát triển bất động sản hàng đầu Việt Nam” (BCI
Asia Awards 2017).",NamSyntax/vietnamese-news-classification
namsyntax_1311855,Cô gái Yên Bái bị chồng MC tẩm xăng đốt 3 năm trước giờ ra sao?,,58,,Đời sống,"Mâu thuẫn gia đình, Trang bị chồng khóa trái cửa, tẩm xăng đốt. 3 năm sau ngày xảy ra vụ việc, chị đang nỗ lực để tìm lại hình hài qua hàng chục cuộc phẫu thuật và đoàn tụ với các con.",NamSyntax/vietnamese-news-classification
namsyntax_1133401,Thấm ma túy đá vào gỗ,,30,,Pháp luật,Cảnh sát Hong Kong vừa phát hiện thủ đoạn thấm ma túy đá dạng lỏng vào gỗ để qua mặt cơ quan chức năng.,NamSyntax/vietnamese-news-classification
namsyntax_418788,"Nữ đại gia nức tiếng Sài Thành: Tài sản nghìn tỷ, lao lý cuối đời",,41,,Kinh doanh,"Dương Thị Bạch Diệp, Hứa Thị Phấn,... đều là những nữ đại gia một thời hoành tráng trên thương trường nhưng đã vướng vào lao lý.",NamSyntax/vietnamese-news-classification
namsyntax_582563,Cách đào coin trên iPhone,,37,,Khoa học,"Không cần sử dụng hệ thống ""trâu cày"" hiện đại, người chơi tiền kỹ thuật số nay đã có thể khai thác trên iPhone và thu lợi nhuận bằng công cụ MobileMiner.",NamSyntax/vietnamese-news-classification
namsyntax_5913,Nguyên Giám đốc Sở Khoa học và Công nghệ Đồng Nai bị khai trừ Đảng,,45,,Thời sự,"Ông Phạm Văn Sáng, nguyên Giám đốc Sở Khoa học và Công nghệ tỉnh Đồng Nai, bị Ban Bí thư khai trừ ra khỏi Đảng trong cuộc họp ngày 7/7.",NamSyntax/vietnamese-news-classification
namsyntax_788329,Bướu giáp đa nhân có tiến triển thành ung thư?,,35,,Sức khỏe,"Tôi 36 tuổi, tình cờ phát hiện bướu giáp đa nhân khi khám sức khỏe. Loại bướu này có nguy cơ ác tính cao không?",NamSyntax/vietnamese-news-classification
namsyntax_1079541,Cát Tường khóc nức nở trong liveshow kỷ niệm 24 năm vào nghề,,38,,Giải trí,"Tổ chức liveshow nhằm tri ân nghề và khán giả, nữ nghệ sĩ bật khóc sau nhìn lại những thăng trầm mình đã đi qua.",NamSyntax/vietnamese-news-classification
namsyntax_1231848,"Sống trong biệt thự, dùng máy bay riêng, con gái tỷ phú vẫn đi làm lao công",,67,,Giáo dục,"Dù có bố là tỷ phú nhưng Laila Ali, con gái của tay đấm huyền thoại Muhammad Ali lại có ý thức tự thân lập nghiệp từ rất sớm. Cô bắt đầu với công việc đầu tiên là dọn dẹp vệ sinh thuê cho những người trong cùng khu phố.",NamSyntax/vietnamese-news-classification
namsyntax_807073,Bất ngờ phát bệnh tiểu đường thể tối cấp,,42,,Sức khỏe,"TP HCM - Chị Nguyệt, 29 tuổi, bất ngờ khó thở, nôn ói, lơ mơ, bác sĩ chẩn đoán mắc bệnh tiểu đường thể tối cấp - một dạng tiểu đường type 1.",NamSyntax/vietnamese-news-classification
namsyntax_897402,Sáu cơ thủ Việt Nam đi tiếp ở World Championship 2024,,42,,Thể thao,Có đến sáu trong bảy cơ thủ chủ nhà giành vé vào vòng 32 ở giải billiards carom 3 băng vô địch thế giới - World Championship 2024 tại Phan Thiết.,NamSyntax/vietnamese-news-classification
namsyntax_896056,CĐV phá cổng vào sân chung kết Copa America 2024,,42,,Thể thao,"Mỹ - Hàng trăm CĐV phá cổng an ninh rồi tràn vào sân Hard Rock, tạo ra khung cảnh hỗn loạn và khiến trận Argentina - Colombia bị hoãn hơn một tiếng.",NamSyntax/vietnamese-news-classification
namsyntax_211227,Khoảnh khắc trận địa S-300 Ukraine trúng tên lửa diệt hạm Nga,,41,,Thế giới,"Video quay từ UAV cho thấy tổ hợp S-300 Ukraine bị phát hiện, trước khi trúng hàng loạt tên lửa diệt hạm Kh-35 phóng từ tiêm kích bom Su-34.",NamSyntax/vietnamese-news-classification
namsyntax_1096907,Minh Hằng 'béo ú' hạnh phúc trong vòng tay người hâm mộ,,37,,Giải trí,Minh Hằng vô cùng xúc động cùng người hâm mộ hát vang bài 'Ngôi sao cô đơn' trong sự kiện vừa qua tại Hà Nội.,NamSyntax/vietnamese-news-classification
namsyntax_1332406,Bi kịch của nàng dâu đưa mẹ chồng đi tìm chồng giữa đêm tân hôn,,45,,Đời sống,"Đêm tân hôn, Thư khóc cạn nước mắt đưa mẹ chồng đi khắp nơi tìm chồng
với hi vọng mong manh chồng mình chưa tiêu hết tiền vào bài bạc.",NamSyntax/vietnamese-news-classification
namsyntax_1172500,Hoàn tất thi hành phần ủy thác liên quan ông Đinh La Thăng trong vụ OceanBank,,50,,Pháp luật,Cục thi hành án dân sự TP HCM cho biết đã thu hồi xong phần được Cục Thi hành án dân sự TP Hà Nội ủy thác liên quan đến ông Đinh La Thăng.,NamSyntax/vietnamese-news-classification
namsyntax_829695,Hoa hậu Thu Thủy ngừng tim trước khi đến viện,,34,,Sức khỏe,Hoa hậu Thu Thủy được người thân đưa vào Bệnh viện 108 (Hà Nội) cấp cứu đêm 4/6 nhưng đã ngừng tim ngoại viện.,NamSyntax/vietnamese-news-classification
namsyntax_1076488,Hồng Quế đăng ảnh tình cảm với Huỳnh Anh sau nghi vấn hẹn hò,,31,,Giải trí,Hồng Quế đăng ảnh tình cảm với Huỳnh Anh trước nghi vấn cả hai đang hẹn hò.,NamSyntax/vietnamese-news-classification
namsyntax_1271709,Các món bún ngon cho dịp nghỉ lễ,,39,,Đời sống,"Bún là món ăn dân dã và dễ chiều lòng người nhất. Một bát bún thơm ngon, bổ dưỡng sẽ lấy lại năng lượng nhanh chóng cho những ngày nghỉ lễ.",NamSyntax/vietnamese-news-classification
namsyntax_734494,Ghé thăm 3 ngôi biệt thự đẹp lộng lẫy ngỡ như ở chốn thần tiên,,59,,Bất động sản,"Nằm ở những vị trí đắc địa giữa núi và hồ nước thơ mộng, phủ đầy cây xanh và thiên nhiên hùng vĩ, 3 ngôi biệt thự vững chãi bên ngoài và xa hoa bên trong khiến ai cũng phải mê mẩn, choáng ngợp!",NamSyntax/vietnamese-news-classification
namsyntax_258433,"Việt Nam – Campuchia: Phát triển toàn diện, bền vững lâu dài",,48,,Thế giới,"Việt Nam - Campuchia là hai nước láng giềng gần gũi, có quan hệ truyền thống, gắn bó từ lâu đời, được nhiều thế hệ lãnh đạo và nhân dân hai nước dày công vun đắp.",NamSyntax/vietnamese-news-classification
namsyntax_1236591,"Điểm sàn Đại học Sư phạm Hà Nội từ 18,5 - 20 điểm",,46,,Giáo dục,"Nhiều trường sư phạm trên cả nước lấy ngưỡng điểm xét tuyển từ kết quả thi tốt nghiệp THPT năm 2020 bằng với mức “điểm sàn” là 18,5 do Bộ GD-ĐT quy định.",NamSyntax/vietnamese-news-classification
namsyntax_1315455,Tháng cô hồn có cần kiêng kỵ hay không?,,34,,Đời sống,"Theo nhà nghiên cứu Nguyễn Hùng Vĩ, việc kiêng kỵ tháng cô hồn là truyền miệng trong dân gian, không có cơ sở khoa học.",NamSyntax/vietnamese-news-classification
namsyntax_713572,Vạn Phát Hưng bị đình chỉ kinh doanh bất động sản,,46,,Bất động sản,"TP HCM - Công ty Vạn Phát Hưng bị phạt 300 triệu đồng, dừng các hoạt động kinh doanh bất động sản 12 tháng do vi phạm về đất đai tại Nhơn Đức (Nhà Bè).",NamSyntax/vietnamese-news-classification
namsyntax_503086,Bộ khung chân giúp người 'ngồi' trong khi đứng,,39,,Khoa học,"Công ty Nhật Bản phát triển thiết bị đeo chân ArchelisFX nặng 2 kg, giúp phân tán trọng lượng cơ thể để người dùng đỡ mệt mỏi khi đứng lâu.",NamSyntax/vietnamese-news-classification
namsyntax_1124112,Ai đang cổ xúy sao Việt ăn mặc hở hang?,,59,,Giải trí,"Cả năm qua, cứ vài ngày báo chí lại đồng lọat đưa tin ca sĩ Thủy Tiên ăn mặc phản cảm, Thu Minh chèn ép vòng 1, hay Hà Anh sexy quá đà…Tại sao những người như vậy vẫn có đất diễn? Ai cổ xúy cho họ hở hang?",NamSyntax/vietnamese-news-classification
namsyntax_1267577,Cháo thập cẩm,,26,,Đời sống,"Món cháo thập cẩm với cách chế biến đơn giản, là món ăn giúp cơ thể dễ tiêu hóa và hấp thu nhanh.",NamSyntax/vietnamese-news-classification
namsyntax_500934,Mèo nhà xả thân ngăn rắn độc cắn chủ,,43,,Khoa học,"Australia - Con mèo ở bang Queensland được mệnh danh là ""anh hùng 4 chân"" sau khi bất chấp nguy hiểm chiến đấu với rắn nâu phương đông để bảo vệ những đứa trẻ.",NamSyntax/vietnamese-news-classification
namsyntax_1196563,Bị đình chỉ dạy vì gọi sinh viên là 'trung gian truyền bệnh',,50,,Giáo dục,"Mỹ - Trong một video bắt đầu học kỳ mới, giáo sư đại học ở bang Michigan nói không muốn biết bất cứ điều gì về sinh viên trong lớp vì họ là ""trung gian truyền bệnh"".",NamSyntax/vietnamese-news-classification
namsyntax_257903,"Chủ tịch Hạ viện Mỹ bắt đầu thăm châu Á, không đề cập đến Đài Loan",,60,,Thế giới,"Chủ tịch Hạ viện Mỹ Nancy Pelosi hôm nay (31/7) đã bắt đầu chuyến công du châu Á, nhưng không đề cập đến Đài Loan (Trung Quốc) trong bối cảnh có nhiều đồn đoán về việc bà có thể đến thăm hòn đảo này.",NamSyntax/vietnamese-news-classification
namsyntax_1345608,"Tìm về nét đẹp của chả giò, chả lụa Việt",,60,,Đời sống,"Giò lụa, từ trong ra ngoài đều phải tươi, từ thịt heo tươi đến mức cơ thịt còn động đậy tới lá chuối tươi xanh gói ở ngoài. Còn chả giò chẳng khác gì một thế giới tươi non thu nhỏ: tôm, thịt, rau củ tươi phối trộn hài hòa.",NamSyntax/vietnamese-news-classification
namsyntax_817620,Biện pháp giúp phòng chống tình trạng thiếu vi chất dinh dưỡng ở trẻ em,,48,,Sức khỏe,"Trẻ từ 24-59 tháng tuổi cần được uống thuốc tẩy giun 2 lần/năm; thực hiện vệ sinh ăn uống, vệ sinh cá nhân, vệ sinh môi trường để phòng chống nhiễm giun, sán.",NamSyntax/vietnamese-news-classification
namsyntax_1027589,'Móng vuốt' chỉ thu hơn 2 tỷ đồng mở màn,,40,,Giải trí,"""Móng vuốt"" - phim Việt đề tài quái vật - nguy cơ lỗ nặng khi thu 2,5 tỷ đồng tuần đầu ra rạp, dù được kỳ vọng đạt 300 tỷ.",NamSyntax/vietnamese-news-classification
namsyntax_1146247,Án chung thân cho nữ sinh 21 tuổi đầu độc cha ruột bằng xyanua,,52,,Pháp luật,"Bị cáo Tống Thị Tùng Linh - nữ sinh đầu độc cha ruột bằng chất xyanua, gây xôn xao dư luận bị tòa tuyên phạt mức án chung thân, tổng hợp hình phạt chung của ba tội danh.",NamSyntax/vietnamese-news-classification
namsyntax_182992,Bộ trưởng Ngoại giao thăm Trung Quốc,,38,,Thời sự,"Thăm chính thức Trung Quốc từ ngày 12 - 15/2, Bộ trưởng Ngoại giao
Phạm Bình Minh đã hội đàm với Bộ trưởng Dương Khiết Trì chiều 12/2 tại
Bắc Kinh.",NamSyntax/vietnamese-news-classification
namsyntax_733167,Vũng Tàu - phố biển dành riêng cho những chuyến đi ngẫu hứng của người Sài thành,,56,,Bất động sản,"Nhiều người TP.HCM sở hữu căn hộ hay Villa tại phố biển Vũng Tàu chỉ đơn thuần để khi mệt mỏi, phóng xe về phố biển, ngủ một giấc thật sâu, rồi tỉnh dậy lại về với Sài thành.",NamSyntax/vietnamese-news-classification
namsyntax_719889,Cắt giảm một phần ba thời gian cấp phép xây nhà riêng lẻ,,41,,Bất động sản,"Thời gian cấp giấy phép xây dựng, sửa chữa, cải tạo nhà riêng lẻ được giảm từ 15 ngày xuống còn 10 ngày, hiệu lực từ ngày 18/8.",NamSyntax/vietnamese-news-classification
namsyntax_1140510,Con trai 17 tuổi chém mẹ nhiều nhát ở Hà Nội,,31,,Pháp luật,Thanh niên 17 tuổi nhẫn tâm dùng dao chém mẹ nhiều nhát khiến bà mẹ tội nghiệp bị trọng thương.,NamSyntax/vietnamese-news-classification
namsyntax_260227,"Hàn Quốc nới lỏng thông hành vắc xin, Hong Kong cân nhắc tái phong tỏa",,49,,Thế giới,"Giới chức Hàn Quốc hôm 28/2 cho biết, nước này sẽ tạm thời dỡ bỏ các yêu cầu về thông hành vắc xin hoặc xét nghiệm Covid-19 âm tính tại một số doanh nghiệp.",NamSyntax/vietnamese-news-classification
namsyntax_1348347,Ép chồng ngủ với gái gọi ngay trước mặt mình,,46,,Đời sống,"Bước vào phòng ngủ, chồng tôi thấy vợ mình nằm sấp trên giường thật gợi cảm thì lập tức ôm lấy. Từ góc phòng, tôi bước ra bật đèn, nhìn vẻ sững sờ trên mặt anh.",NamSyntax/vietnamese-news-classification
namsyntax_975570,Ronaldo,,36,,Thể thao,"Ronaldo cương quyết Bale sang MU hè này, Mourinho hành động bất ngờ, Chelsea sẽ cho Diego Costa ra tòa nếu không trở lại tập luyện là những tin chuyển nhượng mới nhất hôm nay.",NamSyntax/vietnamese-news-classification
namsyntax_14031,Bộ Y tế đề nghị đẩy nhanh tiến độ vận chuyển vaccine,,46,,Thời sự,"Viện Vệ sinh dịch tễ, Viện Pasteur, các kho Quân khu chủ động liên hệ với Sở Y tế các tỉnh, thành để vận chuyển đến địa phương ngay sau khi nhận được vaccine.",NamSyntax/vietnamese-news-classification
namsyntax_294044,"Sau khi thắng cử, Trump và gia đình được bảo vệ thế nào?",,50,,Thế giới,"Kể từ sau vụ ám sát Tổng thống William McKinley năm 1901, Quốc hội Mỹ đã đưa ra quy định tất cả các lãnh đạo của “xứ cờ hoa” sẽ được Sở mật vụ Mỹ bảo vệ.",NamSyntax/vietnamese-news-classification
namsyntax_753545,Thiếu vitamin gây loét toàn thân,,28,,Sức khỏe,"Hà Nội - Ông Nguyễn Văn Trọng, 63 tuổi, sốt cao kéo dài, trợt loét toàn thân, nhiễm trùng phải nhập viện.",NamSyntax/vietnamese-news-classification
namsyntax_802814,Bệnh nhân dùng chữ ký số thanh toán viện phí,,54,,Sức khỏe,"Hà Nội - Bệnh nhân đến khám và điều trị tại Bệnh viện Đa khoa Xanh Pôn dùng ứng dụng VNeID trên điện thoại để ký xác nhận bảng kê chi phí điều trị, thay vì ký tay trên giấy tờ như trước đây.",NamSyntax/vietnamese-news-classification
namsyntax_285198,Mỹ sắp trừng phạt Nga vì vấn đề Syria,,38,,Thế giới,Chính quyền của Tổng thống Mỹ Donald Trump hôm nay sẽ công bố thêm các biện pháp trừng phạt mới đối với Nga vì ủng hộ chính phủ Syria.,NamSyntax/vietnamese-news-classification
namsyntax_1176670,Tin pháp luật số 69: Lộ chuyện 'đại ca' mua bệnh án tâm thần để trốn tội,,41,,Pháp luật,"Sau khi gây án, ""đại ca"" Hà thành sẵn sàng bỏ ra số tiền lớn để mua bệnh án tâm thần nhằm trốn tội.",NamSyntax/vietnamese-news-classification
namsyntax_943681,Chelsea thắng nghẹt thở Southampton trên chấm luân lưu,,41,,Thể thao,"Hòa 1-1 trong 90 phút chính thức, Chelsea thể hiện được bản lĩnh trên chấm 11m khi vượt qua Southampton 4-3 để đặt chân vào vòng tứ kết cúp Liên đoàn Anh.",NamSyntax/vietnamese-news-classification
namsyntax_1300504,Chuyện kỳ bí trên những ngọn núi linh thiêng bậc nhất thế giới,,43,,Đời sống,"Sở hữu những giai thoại về nguồn gốc, lịch sử hình thành, những ngọn núi dưới đây nổi tiếng linh thiêng, được cho là nơi ở của các vị thần.",NamSyntax/vietnamese-news-classification
namsyntax_1174781,Nữ hiệu trưởng bị bắt vì lập khống chứng từ dạy thêm giờ,,52,,Pháp luật,"Lào Cai - Hiệu trưởng Trường Mầm non An Bình cùng kế toán bị cáo buộc lập khống hồ sơ, chứng từ về việc dạy thêm giờ của giáo viên, gây thiệt hại cho Nhà nước 580 triệu đồng.",NamSyntax/vietnamese-news-classification
namsyntax_1206690,"Học viện Công nghệ Bưu chính viễn thông mở ngành AI, Logistics",,45,,Giáo dục,"Năm 2025, Học viện Công nghệ Bưu chính viễn thông (PTIT) dự kiến tăng 1.300 chỉ tiêu, mở ngành Trí tuệ nhân tạo và chương trình Logistics và Quản lý chuỗi cung ứng.",NamSyntax/vietnamese-news-classification
namsyntax_253397,Trung Quốc thử nghiệm thành công tàu đệm từ có tốc độ ngang ngửa máy bay,,59,,Thế giới,"Trung Quốc đã thử nghiệm thành công  hệ thống tàu đệm từ tốc độ cao vào ngày 31/3. Theo đó, tàu này có thể di chuyển với tốc độ tối đa 600km/giờ, gần bằng tốc độ của máy bay thương mại chở khách.",NamSyntax/vietnamese-news-classification
namsyntax_713250,Văn phòng cho thuê dạt ra vùng ven,,41,,Bất động sản,TP HCM - Thị trường văn phòng cho thuê đang có xu hướng dịch chuyển ra khu vực ngoài trung tâm thành phố khi nguồn cung mới đều tập trung tại quận ven.,NamSyntax/vietnamese-news-classification
namsyntax_1033093,Hòa Hiệp công khai con trai,,33,,Giải trí,"TP HCM - Diễn viên Hòa Hiệp, 43 tuổi, lần đầu giới thiệu con trai Louis với đồng nghiệp, bạn bè ở tiệc thôi nôi, trưa 6/7.",NamSyntax/vietnamese-news-classification
namsyntax_695426,VNPT khai tử mạng di động Daphone,,50,,Khoa học,"Cách đây 6 năm, VNPT phát triển 3 mạng CDMA là NanPhone ở Nghệ An, DaPhone ở Đà Nẵng và mạng CDMA băng hẹp tại Hải Dương. Thế nhưng đến năm 2008, VNPT đã cho ngừng hoạt động 2 mạng di động n",NamSyntax/vietnamese-news-classification
namsyntax_297067,Trung Quốc thâu tóm các công ty châu Âu,,34,,Thế giới,"5 tháng đầu năm 2016 đã chứng kiến sự gia tăng ""ngoạn mục"" các thương vụ thâu tóm công ty châu Âu của Trung Quốc.",NamSyntax/vietnamese-news-classification
namsyntax_1134233,Tông xe rồi chém liên tiếp người phụ nữ: Nghi phạm khai do mâu thuẫn tình cảm,,48,,Pháp luật,"Chiều 21/8, Công an tỉnh Bắc Giang cho biết, nghi phạm Đinh Hữu Hải, người dùng dao chém nhiều nhát vào đầu, mặt chị N.T.L  ngày hôm qua đã bị bắt.",NamSyntax/vietnamese-news-classification
namsyntax_71302,Việt Nam lên tiếng trước phát ngôn Bộ trưởng Ngoại giao Ukraine về gián đoạn ngũ cốc,,61,,Thời sự,"Trong họp báo thường kỳ chiều 3/11, báo chí cho biết, tuyên bố mới đây của Bộ trưởng Ngoại giao Ukraine Dmytro Ivanovych Kuleba, cho rằng Việt Nam có thể chịu ảnh hưởng từ thỏa thuận ngũ cốc trên Biển Đen bị gián đoạn.",NamSyntax/vietnamese-news-classification
namsyntax_735307,Biệt thự ngập hoa và nắng giữa lòng thành phố Hưng Yên,,47,,Bất động sản,"Ai một lần đi ngang qua căn biệt thự ngập hoa của gia đình chị Dương Kim Oanh có lẽ đều phải dừng bước để ngắm nhìn những cành hoa nở rực rỡ, duyên dáng.",NamSyntax/vietnamese-news-classification
namsyntax_942883,"MU chi đậm ký De Jong, Liverpool lấy Jonathan David",,38,,Thể thao,"MU chốt giá 90 triệu euro ký De Jong, Milan hỏi mượn Alex Telles, Liverpool muốn có Jonathan David là những tin bóng đá chính hôm nay, 4/12.",NamSyntax/vietnamese-news-classification
namsyntax_908506,Amorim tệ nhất Man Utd trong kỷ nguyên Ngoại hạng Anh,,40,,Thể thao,"Ruben Amorim bị sa thải khi chỉ giành trung bình 1,23 điểm mỗi trận ở Ngoại hạng Anh, thấp nhất trong những HLV Man Utd ở lịch sử giải.",NamSyntax/vietnamese-news-classification
namsyntax_1334669,Cách xếp đồ tối ưu trong tủ lạnh,,65,,Đời sống,"Hãy chấm dứt việc để sữa trên cánh cửa tủ lạnh cũng như ngừng đặt bánh mỳ ở trên nóc tủ lạnh. Theo các chuyên gia, những lỗi trông vô hại như trên thực tế có thể tạo ra khác biệt lớn về độ tươi ngon và tính an toàn của đồ ăn, thức uống của bạn.",NamSyntax/vietnamese-news-classification
namsyntax_1180652,Đánh sập đường dây ma túy ở Quảng Trị,,60,,Pháp luật,"Lực lượng Cảnh sát điều tra tội phạm ma túy Công an tỉnh Quảng Trị vừa triệt phá thành công chuyên án ma túy, bắt giữ 4 đối tượng vận chuyển và buôn bán trái phép chất ma túy, thu giữ 5.400 viên ma túy tổng hợp và vũ khí nóng.",NamSyntax/vietnamese-news-classification
namsyntax_488845,Triều Tiên kiếm bộn tiền từ điện thoại di động,,39,,Khoa học,Smartphone và mạng di động được cho là một trong những nguồn thu lớn nhất cho chính phủ Triều Tiên dù đang bị cấm vận nhập khẩu phần cứng.,NamSyntax/vietnamese-news-classification
namsyntax_543541,Apple muốn đổi ‘Hey Siri’ thành ‘Siri’,,32,,Khoa học,"Theo Bloomberg, Apple muốn thay đổi câu lệnh kích hoạt trợ lý ảo ‘Hey Siri’ trên iPhone, iPad, Mac, Apple Watch và HomePod thành ‘Siri’.",NamSyntax/vietnamese-news-classification
namsyntax_110945,"Thủ tướng phê chuẩn 3 phó chủ tịch UBND tỉnh, thành",,37,,Thời sự,Thủ tướng vừa phê chuẩn kết quả bầu bổ sung và miễn nhiệm chức vụ Phó Chủ tịch UBND tỉnh Nghệ An và TP Cần Thơ.,NamSyntax/vietnamese-news-classification
namsyntax_1235647,Nghệ nhân làng Quất Động dạy nghề để giúp bà con giảm nghèo và bảo tồn nghề cổ,,48,,Giáo dục,"Nghề thêu được các nghệ nhân ở Quất Động dạy cho các thế hệ thanh niên giúp họ có công việc và thu nhập ổn định, nâng cao đời sống.",NamSyntax/vietnamese-news-classification
namsyntax_498111,LG ra TV 4K 163 inch,,28,,Khoa học,Mẫu TV khổng lồ của LG dùng công nghệ microLED và là đối thủ của Samsung The Wall giá 9 tỷ đồng.,NamSyntax/vietnamese-news-classification
namsyntax_569732,Những nguy cơ khiến thiết bị di động bị mất an toàn bảo mật,,50,,Khoa học,"ictnews Thiết bị di động của người dùng có thể bị mất an toàn bảo mật do sử dụng kết nối không an toàn, tồn tại lỗ hổng từ nhà sản xuất, bị hacker tấn công…",NamSyntax/vietnamese-news-classification
namsyntax_197681,"Thổ Nhĩ Kỳ sắp cùng Nga, Ukraine bàn về 'hành lang ngũ cốc'",,40,,Thế giới,Tổng thống Thổ Nhĩ Kỳ lên kế hoạch thảo luận với ông Putin và ông Zelensky về đảm bảo xuất khẩu ngũ cốc an toàn từ Kiev.,NamSyntax/vietnamese-news-classification
namsyntax_6335,Bên trong bệnh viện bị cách ly ở Đà Nẵng,,43,,Thời sự,"Mặc đồ bảo hộ kín mít trong khi thay phiên nhau chăm sóc bệnh nhân, nên các nhân viên y tế ở Đà Nẵng phải viết tên nhau lên áo để nhận diện.",NamSyntax/vietnamese-news-classification
namsyntax_1054320,"Lưu Hương Giang: 'Người đến, người đi trong đời đều để lại cho tôi bài học'",,57,,Giải trí,"Lưu Hương Giang kể về quãng thời gian sóng gió bằng thái độ bình thản. Ở tuổi 39, nữ ca sĩ chắt lọc lại các mối quan hệ, quan điểm về tiền bạc, vật chất cũng đơn giản, nhẹ nhàng hơn.",NamSyntax/vietnamese-news-classification
namsyntax_1264289,"Trang sức bạc, ngọc trai tôn nét duyên phái đẹp",,37,,Đời sống,"Nhẫn, dây chuyền, bông tai, vòng tay chất liệu bạc, ngọc trai giúp tô điểm vẻ ngoài cho phái đẹp, thích hợp diện trong mọi hoàn cảnh.",NamSyntax/vietnamese-news-classification
namsyntax_760682,"Không thêm ca nhiễm, gần 68.000 người đã tiêm vaccine Covid-19",,37,,Sức khỏe,Bộ Y tế sáng 18/4 không ghi nhận ca dương tính nCoV. Số ca nhiễm cộng đồng cả nước trong 80 ngày qua duy trì 910.,NamSyntax/vietnamese-news-classification
namsyntax_1257640,Nhà khoa học về cừu Dolly khuyên sinh viên,,57,,Giáo dục,"Những sinh viên tốt nghiệp các ngành khoa học nên cân nhắc về nguyện
vọng của họ về việc tìm việc làm ở Anh và mở rộng hơn mạng lưới của
mình, đó là những lời khuyên của hai nhà khoa học có ảnh hưởng nhất ở
Anh.",NamSyntax/vietnamese-news-classification
namsyntax_1163247,Dùng sổ tiết kiệm giả 200 tỷ đồng lừa nhiều người,,55,,Pháp luật,"Hà Nội - Mai Thị Lan nói dối là đại tá công an, có sổ tiết kiệm 200 tỷ đồng để tạo niềm tin nhằm lừa đảo, vay nợ của 8 người, trong đó có cả bác sĩ, luật sư, ca sĩ nổi tiếng.",NamSyntax/vietnamese-news-classification
namsyntax_760355,Mang thai hộ - từ nhân đạo đến biến tướng đẻ thuê,,48,,Sức khỏe,"Luật hôn nhân gia đình cho phép mang thai hộ vì mục đích nhân đạo, song quy định chặt chẽ như người mang thai hộ phải là thân thích ba đời của người nhờ mang thai.",NamSyntax/vietnamese-news-classification
namsyntax_719429,The Privé - đô thị liền kề trung tâm Thủ Thiêm,,40,,Bất động sản,"The Prive phát triển theo mô hình compound, ba mặt giáp sông, thừa hưởng nhiều lợi thế đón cư dân nhờ vị trí ngay sát trung tâm Thủ Thiêm.",NamSyntax/vietnamese-news-classification
namsyntax_776870,Người phụ nữ bị u nhầy di động trong tim hiếm gặp,,46,,Sức khỏe,"Bà Loan bị ngất đột ngột, siêu âm tim phát hiện khối u nhầy kích cỡ bằng một phần mười quả tim di động hiếm gặp, với tỷ lệ mắc một trên 1.000.000 người.",NamSyntax/vietnamese-news-classification
namsyntax_743798,"Căn hộ 37.5m² năng động, cá tính",,38,,Bất động sản,"Cách bố trí nội thất sáng tạo song hành với cách phối màu ấn tượng đã
mang đến cho căn hộ 37,5m² vẻ đẹp và sự tiện nghi khó cưỡng lại.",NamSyntax/vietnamese-news-classification
namsyntax_39159,"Sạt lở kéo sập quầy bar, cuốn phăng bãi cát 50 m",,57,,Thời sự,"Đà Nẵng - Các cơn bão đổ vào miền Trung trong tháng 10 kèm mưa lớn, nước biển dâng đã gây xói lở gần 8 km bờ biển từ Cửa Đại, Tân Thịnh đến An Bàng, dọc tuyến Nguyễn Phan Vinh và Lạc Long Quân.",NamSyntax/vietnamese-news-classification
namsyntax_751208,Cảnh báo nguy cơ cao có ca nhiễm mới,,42,,Sức khỏe,Hà Nội - Ban Chỉ đạo Quốc gia Phòng chống dịch Covid-19 ngày 28/2 cảnh báo nguy cơ cao xuất hiện ca mới nhiễm virus sau nửa tháng không có thêm bệnh nhân.,NamSyntax/vietnamese-news-classification
namsyntax_1189929,Đại học Vũ Hán phát trực tiếp cảnh hoa đào nở,,42,,Giáo dục,"Đại học Vũ Hán (tỉnh Hồ Bắc, Trung Quốc) sẽ phát sóng trực tiếp cảnh hoa đào nở trong khuôn viên trường nhằm thỏa mãn đam mê hoa của người dân.",NamSyntax/vietnamese-news-classification
namsyntax_1095543,Anh Thơ lần đầu nói về hôn nhân đổ vỡ,,37,,Giải trí,"Vốn là người kín tiếng, ca sĩ Anh Thơ lần đầu tiết lộ nơi ở của mình cũng như thông tin cuộc hôn nhân gặp trục trặc.",NamSyntax/vietnamese-news-classification
namsyntax_1271344,Chi phí vệ sĩ của những gia đình tỷ phú,,45,,Đời sống,Gia đình ông chủ Facebook chi hơn 23 triệu USD để đảm bảo an ninh trong năm 2020 trong khi Quốc hội Mỹ duyệt chi 120 triệu USD để bảo vệ gia đình Donald Trump.,NamSyntax/vietnamese-news-classification
namsyntax_1110977,Đức Vĩnh Got Talent lỡ cơ hội chạy show cùng Hoài Linh,,32,,Giải trí,Cậu bé 9 tuổi không thể biểu diễn trên sân khấu vào thời điểm này vì vừa mổ ruột thừa.,NamSyntax/vietnamese-news-classification
namsyntax_1075006,"Bảo Anh bên bố mẹ cùng em gái xinh xắn, học giỏi",,33,,Giải trí,Nữ ca sĩ Bảo Anh đăng ảnh gia đình hạnh phúc tiết lộ em gái xinh xắn không kém gì mình.,NamSyntax/vietnamese-news-classification
namsyntax_711909,Bất động sản công nghiệp Việt Nam hút khách châu Âu,,44,,Bất động sản,Nhu cầu bất động sản công nghiệp từ nhà đầu tư châu Âu tăng lên suốt quá trình chờ Hiệp định thương mại tự do Việt Nam - EU ký kết đến nay.,NamSyntax/vietnamese-news-classification
namsyntax_1142109,Bị cáo bị tuyên án ngay tại nơi giam giữ,,53,,Pháp luật,TAND tỉnh Bình Dương tổ chức xét xử trực tuyến với bị cáo trong vụ án cố ý gây thương tích. Bị cáo tham gia phiên tòa trực tuyến ngay tại trại giam thông qua hệ thống thiết bị âm thanh hình ảnh.,NamSyntax/vietnamese-news-classification
namsyntax_726754,Căn penthouse ven Hà Nội gây choáng với vẻ,,45,,Bất động sản,"Thay vì sử dụng những vật liệu sang chảnh, căn penthouse trên tầng 33 ở một dự án ven Hà Nội lại giữ nguyên trần thô bê tông, tường gạch mộc và vách cứng nguyên trạng.",NamSyntax/vietnamese-news-classification
namsyntax_1029083,Gu mặc của cụ 81 tuổi thi Miss Universe Hàn,,34,,Giải trí,Bà Choi Soon Hwa - thí sinh 81 tuổi ở Miss Universe Hàn - thường chọn các thiết kế hướng đến vẻ thanh lịch.,NamSyntax/vietnamese-news-classification
namsyntax_332173,Thương hiệu may đo cho các chính khách đến Việt Nam,,33,,Kinh doanh,"Tổng thống Donald Trump là khách hàng trung thành của Brioni, thậm chí từng ca ngợi hãng này trong cuốn sách riêng.",NamSyntax/vietnamese-news-classification
namsyntax_1187425,Đáp án 24 mã đề môn Sinh học thi THPT quốc gia,,39,,Giáo dục,Sinh học là môn thi cuối cùng trong tổ hợp Khoa học tự nhiên nên tất cả thí sinh được mang đề ra khỏi khu vực thi.,NamSyntax/vietnamese-news-classification
namsyntax_294799,Người mẫu Thái tắm giữa đường phản đối ổ gà,,38,,Thế giới,"Nhiều phụ nữ tại Thái Lan đã quyết định ngồi tắm giữa đường để phản đối những ổ voi, ổ gà thường xuyên gây tai nạn giao thông.",NamSyntax/vietnamese-news-classification
namsyntax_741179,"Ưu đãi lớn, thi công nhanh, Legacy Central hút khách",,39,,Bất động sản,"Được “bảo chứng” chất lượng từ những đơn vị lớn cùng loạt ưu đãi hấp dẫn, Legacy Central trở thành tâm điểm thu hút khách hàng thời gian qua.",NamSyntax/vietnamese-news-classification
namsyntax_1263865,Ước mơ thứ hai,,27,,Đời sống,"Chúng tôi ước có một căn phòng tắm thoáng đãng, thiết bị tiện nghi, đáp ứng nhu cầu sử dụng của gia đình.",NamSyntax/vietnamese-news-classification
namsyntax_1332330,Nghệ thuật gieo mầm ước mơ của mẹ Đỗ Nhật Nam,,61,,Đời sống,"Từ ước muốn làm siêu nhân khi Đỗ Nhật Nam 3 tuổi cho đến khi cậu mơ
du học Mỹ năm lên 6, đều được mẹ của Nam cặm cụi “tưới tắm”. Nhờ “chút
nắng, chút gió” mỗi ngày, hạt mầm ước mơ của cậu bé cựa
mình lớn dậy.",NamSyntax/vietnamese-news-classification
namsyntax_800320,Bị suy giáp nên giảm cân thế nào?,,33,,Sức khỏe,"Tôi 28 tuổi, bị suy giáp và tăng 8 kg trong năm nay, nên giảm cân thế nào để an toàn? (Anh Ngọc, Thái Bình)",NamSyntax/vietnamese-news-classification
namsyntax_178355,Xe tải đâm chết 3 người trong 1 gia đình,,39,,Thời sự,"Một vụ tai nạn giao thông thảm khốc xảy ra trên QL1A, đi qua huyện Long Hồ (tỉnh
Vĩnh Long), khiến 3 người chết và 4 người bị thương.",NamSyntax/vietnamese-news-classification
namsyntax_553768,"Thanh toán VNPAY, nhận ngay ưu đãi",,50,,Khoa học,"ictnews Từ ngày 1/11/2019 đến hết 31/12/2019, khách hàng mua điện thoại di động và đồng hồ định vị trẻ em Tio tại hệ thống cửa hàng MobiFone sẽ được chiết khấu trực tiếp 5% với số tiền tối đa tới 200.000 đồng.",NamSyntax/vietnamese-news-classification
namsyntax_1152597,Người phụ nữ bỏ con bị khởi tố,,34,,Pháp luật,"Phạm Thị Hảo, 26 tuổi, bị khởi tố sau khi sinh con ở nhà tắm rồi bỏ đứa trẻ ở ruộng khoai nước giữa cánh đồng.",NamSyntax/vietnamese-news-classification
namsyntax_1053530,"Trà Ngọc Hằng chuộng khăn rằn, tình tứ bên mẫu trẻ",,37,,Giải trí,"Người mẫu, ca sĩ Trà Ngọc Hằng thể hiện phong cách trẻ trung trong bộ ảnh mới, liên tục tạo điểm nhấn với chiếc khăn rằn.",NamSyntax/vietnamese-news-classification
namsyntax_830802,Phát hiện sớm bệnh tim nhờ khám mắt,,38,,Sức khỏe,"Theo nghiên cứu mới đây của bệnh viện UC San Diego Health (Mỹ), những dấu hiệu bất thường ở mắt cũng có thể cảnh báo nguy cơ mắc bệnh tim.",NamSyntax/vietnamese-news-classification
namsyntax_471723,CMC Telecom cung cấp Internet trên mạng truyền hình cáp VN,,56,,Kinh doanh,"Sáng 6/3/2013, CMC Telecom và công ty
TNHH MTV Truyền hình Cáp Việt Nam
chính
thức ký kết hợp đồng hợp tác chiến lược và triển khai cung cấp dịch vụ
Internet
trên hạ tầng mạng truyền hình cáp của Truyền hình Cáp Việt Nam.",NamSyntax/vietnamese-news-classification
namsyntax_998381,Cường Seven mời bạn gái Vũ Ngọc Anh đóng MV,,40,,Giải trí,"Cường Seven cho biết người yêu - diễn viên Vũ Ngọc Anh - năng động, trẻ trung phù hợp hình ảnh trong MV ""Make You Mine"", ra mắt sáng 28/8.",NamSyntax/vietnamese-news-classification
namsyntax_729595,Dự án Hà Đô Centrosa Garden đang xé rào bán,,36,,Bất động sản,Dù đang trong quá trình giải phóng mặt bằng nhưng dự án Hà Đô Centrosa Garden vẫn đang được rao bán tràn ngập trên thị trường.,NamSyntax/vietnamese-news-classification
namsyntax_741248,Hà Nội: Toàn cảnh khu nhà nghìn tỷ bỏ hoang sắp thành nhà ở xã hội,,58,,Bất động sản,"Sau thời gian dài bị bỏ hoang “trơ xương” phơi mưa nắng, nhiều toà nhà tại dự án khu ký túc xá Pháp Vân – Tứ Hiệp (Hoàng Mai, Hà Nội) sẽ được chuyển đổi thành nhà ở xã hội cho thuê.",NamSyntax/vietnamese-news-classification
namsyntax_1149685,"Bí ẩn tiền tỷ đưa, nhận trong vụ sửa, nâng điểm ở Sơn La",,42,,Pháp luật,"Liên quan đến lời khai trong việc đưa, nhận tiền tỷ trong vụ sửa, nâng điểm ở Sơn La, VKS cho rằng không đủ căn cứ chứng minh.",NamSyntax/vietnamese-news-classification
namsyntax_1289805,"Lên thăm thông gia nằm viện, mẹ tôi khóc nghẹn vì sự quá quắt của mẹ chồng",,37,,Đời sống,"Thay vì đón nhận tấm lòng của thông gia, mẹ chồng tôi đã có thái độ rất khó chấp nhận.",NamSyntax/vietnamese-news-classification
namsyntax_61133,Công an cảnh báo lừa đảo từ trào lưu tạo ảnh hoạt hình AI trên mạng xã hội,,61,,Thời sự,"Việc tải, sử dụng các ứng dụng tạo ảnh hoạt hình, tức ảnh AI, theo trào lưu trên mạng xã hội sẽ lộ, lọt thông tin, hình ảnh cá nhân, dễ dàng mất an toàn thông tin và tiếp tay cho lừa đảo.",NamSyntax/vietnamese-news-classification
namsyntax_1090877,Thu Phương bóc mẽ Lam Trường là 'vua thả thính',,47,,Giải trí,"Trong tập thi của vòng Đo ván lên sóng tối 29/7, Thu Phương kể về người đồng nghiệp thân thiết: ""20 năm trước anh Trường rắc thính thôi rồi, Noo Phước Thịnh còn phải gọi bằng cụ"".",NamSyntax/vietnamese-news-classification
namsyntax_1303799,"Chị ve chai, anh xay lúa bất ngờ nhặt được cả túi vàng",,34,,Đời sống,Ba công nhân ở nhà máy xay xát; chị thu gom ve chai… đã vô tình nhặt được số vàng lớn.,NamSyntax/vietnamese-news-classification
namsyntax_915331,"Kết quả bóng đá hôm nay 28/2: Hoàng Đức, Đình Triệu cùng tỏa sáng",,44,,Thể thao,Kết quả bóng đá hôm nay 28/2/2025 - Cập nhật kết quả các trận đấu bóng đá trong nước và quốc tế diễn ra đêm qua và rạng sáng nay.,NamSyntax/vietnamese-news-classification
namsyntax_376236,Cách VPBank trở thành ngân hàng tư nhân có tổng tài sản lớn nhất,,41,,Kinh doanh,VPBank là ngân hàng tư nhân có tổng tài sản lớn nhất Việt Nam nhờ chiến lược phát triển bứt phá và tăng trưởng tín dụng mạnh.,NamSyntax/vietnamese-news-classification
namsyntax_731993,Bất động sản đông Hà Nội ‘tăng nhiệt’ với cuộc đua tìm kiếm căn hộ hạng sang,,60,,Bất động sản,"Vinhomes Ocean Park vẫn đang là cái tên được nhắc tới hàng đầu tên thị trường bất động sản phía đông Hà Nội. Trong đó, các dự án đã hoàn thiện như tòa R1.01 The Zenpark đang là tâm điểm được “săn tìm”.",NamSyntax/vietnamese-news-classification
namsyntax_1297709,Việt kiều Mỹ đặt vé máy bay đến gặp bạn gái được mai mối,,53,,Đời sống,"Thông qua chương trình truyền hình, đôi bạn trẻ chưa một lần gặp mặt nhen nhóm tình cảm. Yêu mến cô gái thùy mị, nam Việt kiều quyết đặt vé, bay hơn 3 giờ đồng hồ tìm gặp cô.",NamSyntax/vietnamese-news-classification
namsyntax_46749,Nhà ga T3 Tân Sơn Nhất 'lộ' nhiều bất cập sau khánh thành vượt tiến độ,,54,,Thời sự,"Sau khi khánh thành, ga T3 sân bay Tân Sơn Nhất gần 11.000 tỷ đồng liên tiếp phát sinh bất cập làm mất mỹ quan, ảnh hưởng đến trải nghiệm của hành khách, gây xôn xao dư luận.",NamSyntax/vietnamese-news-classification
namsyntax_713928,'Bắt mạch' bất động sản vùng ven năm Nhâm Dần,,39,,Bất động sản,Năm 2022 bất động sản liền thổ ở các tỉnh vùng ven cách TP HCM 1-3 giờ di chuyển là kênh trú ẩn cho dòng vốn 2-3 tỷ đồng.,NamSyntax/vietnamese-news-classification
namsyntax_1312393,"8 năm bên nhau, Trang Lou gọi chồng là 'bạn thân, bạn đời, bạn nhậu'",,43,,Đời sống,"Mới đây, hot girl Trang Lou đã đăng tải những lời ngọt ngào gửi đến ông xã Tùng Sơn nhân dịp hai người tròn 8 năm bên nhau.",NamSyntax/vietnamese-news-classification
namsyntax_315015,Trung Quốc sốc vì vây cá mập giả,,55,,Thế giới,"Theo một cuộc điều tra của kênh Truyền hình Trung ương Trung Quốc CCTV,
một số nhà hàng tại Trung Quốc đã phục vụ khách hàng món vây cá mập
giả, được làm từ tinh bột đậu xanh, chất keo và một số chất hóa học
khác...",NamSyntax/vietnamese-news-classification
namsyntax_1051049,Elasten là nhà tài trợ kim cương của Miss Grand International 2023,,47,,Giải trí,"Tại sự kiện “Xin chào Việt Nam” đã diễn ra lễ ký kết hợp tác giữa Elasten và Miss Grand International 2023. Theo đó, Elasten trở thành Nhà tài trợ kim cương của cuộc thi.",NamSyntax/vietnamese-news-classification
namsyntax_771960,Hội chứng 'xương đói',,34,,Sức khỏe,"Hạ canxi máu hay còn gọi là ""hội chứng xương đói"" có thể gây co thắt cơ, chuột rút nghiêm trọng, loãng xương, thậm chí ảnh hưởng đến thần kinh.",NamSyntax/vietnamese-news-classification
namsyntax_1302704,Tôi bàng hoàng khi biết mình là con nuôi,,29,,Đời sống,"Câu nói của bà nội: “Nó chỉ là con nuôi, cho nó thế là đủ rồi…” khiến tôi chết đứng.",NamSyntax/vietnamese-news-classification
namsyntax_61412,"Tạm giữ 2 nghi can trộm cắp khiến chủ ô tô truy đuổi, té ngã tử vong ở cao tốc",,63,,Thời sự,"2 nghi can bị tạm giữ thừa nhận đã trộm tài sản trong ô tô dừng trên cao tốc, sau đó chủ xe phát hiện truy đuổi nhưng té ngã, lọt vào giữa khe của đường cao tốc, rơi xuống đất tử vong.",NamSyntax/vietnamese-news-classification
namsyntax_816318,Nước mía bổ dưỡng nhưng uống hằng ngày lại gây hại,,53,,Sức khỏe,"Người dân các nước châu Á trong đó có Việt Nam rất ưa chuộng nước mía do hương vị thơm ngon, có tác dụng làm mát. Tuy nhiên, các chuyên gia khuyên không nên uống loại nước này đều đặn mỗi ngày.",NamSyntax/vietnamese-news-classification
namsyntax_1050537,Về Hạ Long xem triển lãm ‘Triệu năm’,,52,,Giải trí,"Triển lãm thành tựu của tỉnh Quảng Ninh qua 60 năm hình thành và phát triển đang diễn ra tại thành phố Hạ Long là sự kiện lớn, độc đáo thể hiện đa lĩnh vực về lịch sử và văn hóa của địa phương.",NamSyntax/vietnamese-news-classification
namsyntax_877368,"Ronaldo, Messi ra ngoài top 100 cầu thủ đắt giá",,35,,Thể thao,Cristiano Ronaldo và Lionel Messi không có tên trong danh sách 100 cầu thủ giá trị nhất thế giới của tổ chức nghiên cứu CIES.,NamSyntax/vietnamese-news-classification
namsyntax_1310209,Cô giáo lén đi hẹn hò vì bố cấm yêu,,36,,Đời sống,"Trải qua vài mối tình nhưng chưa tìm được một nửa phù hợp, cô giáo mầm non 38 tuổi quyết định tham gia show hẹn hò.",NamSyntax/vietnamese-news-classification
namsyntax_718369,Nam Long lãi kỷ lục quý cuối năm,,36,,Bất động sản,"Nhờ bàn giao hai dự án Akari và Cần Thơ, Nam Long báo lãi hơn 1.327 tỷ đồng trong quý IV/2024 - mức lợi nhuận quý kỷ lục.",NamSyntax/vietnamese-news-classification
namsyntax_1219585,"Nữ giáo sư rời cơ quan nghiên cứu của Mỹ, về nước gia nhập đại học top đầu",,64,,Giáo dục,TRUNG QUỐC - Việc một cựu quản lý rời bỏ trung tâm nghiên cứu danh tiếng của tập đoàn Microsoft để gia nhập viện nghiên cứu thuộc Đại học Thanh Hoa phản ánh một làn sóng rộng lớn hơn về sự dịch chuyển nhân tài AI.,NamSyntax/vietnamese-news-classification
namsyntax_822333,Lý do người đàn ông đột ngột không nhìn thấy gì sau bữa ăn thịnh soạn,,36,,Sức khỏe,Nam bệnh nhân 60 tuổi mất thị giác trong vòng 5 phút do động mạch bị tắc nghẽn nghiêm trọng.,NamSyntax/vietnamese-news-classification
namsyntax_735982,Golf Park Residence chuẩn bị mở cửa đón cư dân,,40,,Bất động sản,"Với mức giá hợp lý cùng việc bàn giao nhà vào quý IV năm 2016, Golf Park Residence sẽ không còn cơ hội cho những nhà đầu tư chậm chân.",NamSyntax/vietnamese-news-classification
namsyntax_1201475,"Điểm chuẩn, học phí Đại học Bách khoa Hà Nội 3 năm qua",,48,,Giáo dục,"Điểm chuẩn xét theo kết quả thi tốt nghiệp THPT của Đại học Bách khoa Hà Nội năm ngoái thấp nhất trong ba năm qua, dự báo nhiều ngành tiếp tục giảm trong năm nay.",NamSyntax/vietnamese-news-classification
namsyntax_206015,Ông Zelensky cách chức Phó tư lệnh Vệ binh Quốc gia,,41,,Thế giới,"Ông Zelensky cách chức Phó tư lệnh Vệ binh Quốc gia Dzyuba, nỗ lực được cho là nhằm loại bỏ tham nhũng và cải thiện khả năng gia nhập EU.",NamSyntax/vietnamese-news-classification
namsyntax_1260010,Mời GS.Ngô Bảo Châu làm GĐ khoa học Viện Toán cao cấp,,41,,Giáo dục,"Thủ tướng
chính
thức phê chuẩn quyết định thành lập Viện Nghiên cứu cao cấp về Toán. Viện sẽ mời GS
Ngô Bảo Châu làm giám đốc khoa học.",NamSyntax/vietnamese-news-classification
namsyntax_240392,Nga sẵn sàng đàm phán kiểm soát vũ khí hạt nhân toàn diện với Mỹ,,43,,Thế giới,"Nga và Mỹ có thể khởi động lại các cuộc thảo luận thực chất về cắt giảm vũ khí hạt nhân, nếu như Washington thay đổi lập trường.",NamSyntax/vietnamese-news-classification
namsyntax_1220757,TP HCM: Hơn 1.000 học sinh đầu tiên tiêm vắc xin Covid-19,,52,,Giáo dục,"Trong sáng ngày mai, điểm tiêm khởi động vắc xin Covid-19 cho học sinh sẽ được tổ chức ở Trường Tiểu học Thị trấn Củ Chi (TP.HCM) với 10 bàn tiêm, dự kiến sẽ tiêm cho khoảng 1.000 học sinh.",NamSyntax/vietnamese-news-classification
namsyntax_925540,Các cầu thủ MU bị trách không chịu chuyền bóng cho Rasmus Hojlund,,46,,Thể thao,"Rasmus Hojlund vẫn chưa ghi bàn ở Ngoại hạng Anh cho MU, với lý do một phần đáng kể là bởi các đồng đội không chịu chuyền bóng cho chân sút Đan Mạch.",NamSyntax/vietnamese-news-classification
namsyntax_683297,VietnamPost lỗ 1.026 tỷ đồng,,46,,Khoa học,"Kiểm toán Nhà nước vừa công bố kết quả kiểm toán năm 2010. Theo đó, Tổng công ty Bưu chính Việt Nam (VietnamPost) lỗ nhiều nhất tới 1.026 tỷ đồng và nằm trong nhóm 3 tổng công ty nhà nước th",NamSyntax/vietnamese-news-classification
namsyntax_22359,Quốc hội đồng ý gia hạn đăng ký lưu hành thuốc hết hiệu lực,,48,,Thời sự,"Quốc hội đồng ý gia hạn đăng ký lưu hành một số loại thuốc, nguyên liệu hết hiệu lực đến hết năm 2024 nhằm đáp ứng nhu cầu khám chữa bệnh của nhân dân.",NamSyntax/vietnamese-news-classification
namsyntax_1161046,"Áp lực nước tăng gây 'ngập' nhà dân, BQL chung cư có phải bồi thường?",,53,,Pháp luật,"Sau một tuần vắng nhà trở về, máy lọc nước bị bật van khiến sàn nhà tôi ngập. Hãng máy lọc nói do áp suất ống nước tăng đột ngột, nhưng BQL chung cư không nhận trách nhiệm.",NamSyntax/vietnamese-news-classification
namsyntax_755026,Bệnh nhân Covid-19 thứ 11 tử vong,,37,,Sức khỏe,"Chiều 9/8, Bộ Y tế xác nhận ""bệnh nhân 456"" tử vong vì viêm phổi do Covid-19, suy hô hấp, suy đa tạng, xuất huyết tiêu hóa, tăng huyết áp.",NamSyntax/vietnamese-news-classification
namsyntax_787013,Bé gái đứt rời cánh tay do áo khoác cuốn vào xe máy,,51,,Sức khỏe,"TP HCM - Bé gái 5 tuổi được mẹ đèo, mặc áo khoác chỉ xỏ một bên tay áo, một tay áo thõng xuống cuốn vào xe máy, giật bé té ngã và kéo lìa cánh tay phải.",NamSyntax/vietnamese-news-classification
namsyntax_815323,Khuyến cáo đảm bảo an toàn đối với thực phẩm hỗ trợ người dân vùng bão lũ,,53,,Sức khỏe,"Các loại thực phẩm do người dân, tổ chức tự chế biến, hút chân không để vận chuyển đi cứu trợ đồng bào lũ lụt vẫn có thể nhiễm vi khuẩn gây ngộ độc thực phẩm.",NamSyntax/vietnamese-news-classification
namsyntax_741795,Khám phá nhà của Sơn Tùng khi độc chiếm ngôi “vua tạo hit,,44,,Bất động sản,"Không chỉ giỏi về ca hát, chàng trai chủ nhân của ca khúc ""Nơi này có anh"" còn rất giỏi trong việc kiếm tiền. Cùng khám phá nhà của Sơn Tùng.",NamSyntax/vietnamese-news-classification
namsyntax_345049,Coteccons đưa vào vận hành hệ thống ERP chuyên ngành của FPT IS,,43,,Kinh doanh,Công ty cổ phần Xây dựng Coteccons đưa vào vận hành hệ thống phần mềm quản trị doanh nghiệp ERP của Công ty Hệ thống thông tin FPT (FPT IS).,NamSyntax/vietnamese-news-classification
namsyntax_364703,HDBank cấp gói tín dụng 2.000 tỷ cho cửa hàng xăng dầu,,38,,Kinh doanh,Gói tín dụng đạt tổng giá trị 2.000 tỷ đồng nhằm hỗ trợ cửa hàng xăng dầu trang bị hệ thống xuất hóa đơn điện tử.,NamSyntax/vietnamese-news-classification
namsyntax_1050143,Bảo Thanh chạm mặt 'mẹ chồng' khi dự sự kiện thời trang,,51,,Giải trí,"Tối 12/11, xuất hiện trong buổi công bố bộ sưu tập thu đông của một thương hiệu thời trang, Bảo Thanh có dịp hội ngộ 'mẹ chồng khó tính' trong phim 'Về nhà đi con' - NSND Lan Hương.",NamSyntax/vietnamese-news-classification
namsyntax_543717,Khoảnh khắc mẹ cứu con nhỏ khỏi rết độc,,43,,Khoa học,"Phát hiện con rết ""khổng lồ"" đang bò về phía cậu con trai 6 tháng tuổi, người mẹ nhanh như cắt lao đến kịp bế bổng con tránh ra xa con vật nguy hiểm.",NamSyntax/vietnamese-news-classification
namsyntax_310728,"Thế giới 24h: Putin, Obama lại tranh cãi",,42,,Thế giới,"Tổng thống Nga khẳng định nước này hoàn toàn tuân thủ luật pháp quốc tế trong
vấn đề Ukraina; Quốc hội Nga ủng hộ việc Crưm sáp nhập vào Nga... là các tin nóng.",NamSyntax/vietnamese-news-classification
namsyntax_48905,"Đang chờ cấp đổi bằng lái, tài xế có được điều khiển phương tiện?",,48,,Thời sự,"Nhiều người đã hoàn thành thủ tục, chờ cấp đổi giấy phép lái xe hoặc chưa nhận được giấy phép (dạng thẻ vật lý) băn khoăn liệu mình có được điều khiển phương tiện?",NamSyntax/vietnamese-news-classification
namsyntax_1175425,150 cảnh sát vây bắt băng giang hồ cờ bạc mua bán súng,,51,,Pháp luật,"150 cảnh sát chia nhiều mũi đã bao vây băng nhóm do Võ Thanh Tùng, giang hồ cộm cán, cầm đầu với cáo buộc mua súng đạn và tổ chức sới bạc xóc đĩa ở nhiều tỉnh thành.",NamSyntax/vietnamese-news-classification
namsyntax_31295,Không tìm thấy vật liệu nổ tại hiện trường hai vụ nổ ở Nghệ An,,49,,Thời sự,"Nhà chức trách dỡ phong tỏa hiện trường xảy ra hai vụ nổ liên tiếp ở huyện Quỳ Hợp khiến hai người chết, hai người bị thương, do không còn nguy cơ gây nổ.",NamSyntax/vietnamese-news-classification
namsyntax_924551,Kết quả bóng đá hôm nay 8/12/2023: HAGL thua đau Thể Công Viettel,,42,,Thể thao,"Kết quả bóng đá hôm nay 8/12/2023, với các trận đấu trong nước và các giải tại châu Âu, châu Mỹ và châu Á đêm nay, rạng sáng mai.",NamSyntax/vietnamese-news-classification
namsyntax_817715,"Chiêu lừa tự tạo mã QR, dán đè lên mã thanh toán ở bệnh viện tại Hà Nội",,56,,Sức khỏe,"Đối tượng lừa đảo tự tạo QR code cá nhân dán đè lên mã thanh toán của bệnh viện, nhất là cơ sở đông bệnh nhân, để chiếm đoạt tiền khi người dân dùng mã này giao dịch",NamSyntax/vietnamese-news-classification
namsyntax_216848,Mỹ không có phương án bảo dưỡng vũ khí chuyển cho Ukraine,,42,,Thế giới,"Lầu Năm Góc chưa có kế hoạch bảo dưỡng loạt tăng thiết giáp và tên lửa Patriot viện trợ Ukraine, đe dọa khả năng vận hành lâu dài của chúng.",NamSyntax/vietnamese-news-classification
namsyntax_1257451,Lần đầu tiên tổ chức tuần lễ học tập suốt đời,,47,,Giáo dục,"Tuần lễ hưởng ứng chuyện ""học tập suốt đời"" sẽ diễn ra từ ngày 2-8/10 tại Hà Nội với các hoạt động hướng nghiệp, dạy nghề cùng những hội thi, tọa đàm về chủ đề này.",NamSyntax/vietnamese-news-classification
namsyntax_180102,Mỹ cân nhắc quan hệ quân sự với Myanmar,,40,,Thời sự,"Bộ trưởng Quốc phòng Mỹ tuyên bố,
Mỹ sẽ xem xét việc thiết lập quan hệ quân sự với Myanmar nếu nước này
tiếp tục con đường cải cách dân chủ.",NamSyntax/vietnamese-news-classification
namsyntax_236368,Cách giúp Ukraine tăng tốc sản xuất vũ khí quy mô lớn,,48,,Thế giới,"Đan Mạch, quốc gia thành viên NATO đã đề xuất giải pháp nhằm hỗ trợ Ukraine giải quyết một số vấn đề lớn nhất để ngành quốc phòng nước này tăng tốc sản xuất vũ khí.",NamSyntax/vietnamese-news-classification
namsyntax_727284,"Nâng cấp Quốc lộ, thông xe cao tốc:  BĐS Hà Tiên trong giai đoạn vàng",,57,,Bất động sản,"Cao tốc Lộ Tẻ - Rạch Sỏi, nâng cấp Quốc lộ 80 là 2 dự án kết nối từ TP.HCM và liên vùng Tây Nam Bộ xuống Hà Tiên, mang đến lực đẩy phát triển cho thành phố biển của khu vực.",NamSyntax/vietnamese-news-classification
namsyntax_167232,Nhân chứng kể những,,39,,Thời sự,"Chị T.T.H - một khách hàng cũng có mặt vào buổi chiều cùng ngày chị
Huyền tới thẩm mỹ viện Cát Tường đã thuật lại một số diễn biến khá ""kỳ
lạ"" và ""bất thường"".",NamSyntax/vietnamese-news-classification
namsyntax_308681,Xem Ukraina phô diễn sức mạnh quân sự,,44,,Thế giới,"Ukraina, hôm nay (24/8), kỷ niệm ngày độc lập bằng một màn phô diễn sức mạnh ở Kiev trong khi cuộc chiến giữa lực lượng chính phủ và phe li khai tiếp diễn ở miền đông.",NamSyntax/vietnamese-news-classification
namsyntax_337020,MM Mega Market khai trương điểm kinh doanh tại Phú Quốc,,40,,Kinh doanh,"Trạm Depot của công ty tại đảo Ngọc có nhiệm vụ trung chuyển, lưu trữ, phân phối hàng hóa cho các nhà hàng khách sạn, khai trương hôm 11/12.",NamSyntax/vietnamese-news-classification
namsyntax_1177687,Nữ Thiếu tá kể chuyện đánh án ma túy,,43,,Pháp luật,"Thiếu tá Nguyễn Thị Lan Hương (Công an huyện Lạc Thủy, Hòa Bình) và đồng đội đã lập nhiều chiến công trong các vụ án buôn bán, tàng trữ trái phép chất ma túy.",NamSyntax/vietnamese-news-classification
namsyntax_264689,"Nhật Bản đeo 'khẩu trang' cho tượng Bồ Tát khổng lồ, mong Covid-19 sớm qua",,40,,Thế giới,"Tượng Bồ tát ở tỉnh Fukushima (Nhật Bản) đã được đeo một chiếc 'khẩu trang' khổng lồ, với mong muốn dịch Covid-19 sớm chấm dứt.",NamSyntax/vietnamese-news-classification
namsyntax_1000532,10 ứng viên cho ngôi Hoa hậu Siêu quốc gia 2019,,33,,Giải trí,"Hoa hậu Namibia, Thái Lan, Peru, Việt Nam... được các chuyên trang sắc đẹp đánh giá cao trước chung kết Miss Supranational.",NamSyntax/vietnamese-news-classification
namsyntax_1031887,Phong độ Quách Phú Thành gây sốt,,28,,Giải trí,"Tài tử Hong Kong Quách Phú Thành khiến fan trầm trồ vì vẻ rắn rỏi khỏe khoắn, cơ bắp tuổi 60.",NamSyntax/vietnamese-news-classification
namsyntax_378363,Giá vàng miếng trong nước tăng gần 1 triệu đồng,,28,,Kinh doanh,"Các thương hiệu đồng loạt tăng giá bán ra vàng miếng 900.000 đồng, sau hai phiên giảm sâu.",NamSyntax/vietnamese-news-classification
namsyntax_427378,"CEO Vietjet sẵn sàng vượt rào cản, lập kỳ tích",,56,,Kinh doanh,Bà Nguyễn Thị Phương Thảo đã làm nên một kỳ tích trong lịch sử ngành hàng không vốn thuộc về phái mạnh khi là nữ doanh nhân duy nhất khởi nghiệp và điều hành một hãng hàng không thương mại của riêng mình - Vietjet Air.,NamSyntax/vietnamese-news-classification
namsyntax_1216427,Tạm đình chỉ công tác hiệu trưởng vì để thực phẩm bẩn vào trường,,42,,Giáo dục,"Hiệu trưởng Trường tiểu học Trưng Vương, phường Xuân Hương - Đà Lạt (Lâm Đồng) bị tạm đình chỉ công tác vì để thực phẩm bẩn vào trường.",NamSyntax/vietnamese-news-classification
namsyntax_164259,Sốc với hình ảnh cô bé “người rừng” vừa được phát hiện,,54,,Thời sự,"Cha mẹ đều đã qua đời, khi được phát hiện, cô bé “người rừng” đang nằm trơ
trọi dưới nền đất trong căn nhà nhỏ xập xệ với tình trạng sức khỏe vô cùng tồi
tệ với những chứng bệnh bẩm sinh.",NamSyntax/vietnamese-news-classification
namsyntax_61683,Cục Đường bộ lên tiếng về thông tin đổi giấy phép lái xe bản giấy sang thẻ PET,,60,,Thời sự,Hiện nay chưa có văn bản nào quy định phải đổi giấy phép lái xe bản giấy. Những chủ phương tiện cần thiết phải hiển thị thông tin bằng lái trên tài khoản VNeID thì có thể đi đổi sang thẻ PET.,NamSyntax/vietnamese-news-classification
namsyntax_165746,"Bị tai nạn, thanh niên bốc cháy như đuốc sống",,49,,Thời sự,"Va quẹt với một xe khác, xe máy ngã ra đường, cồn chảy lênh láng và bất ngờ bốc cháy. Thanh niên điều khiển xe máy bốc cháy như ngọn đuốc, lao vào nhà hàng gần đó cầu cứu...",NamSyntax/vietnamese-news-classification
namsyntax_155139,"Bi hài vụ bị ném gạch trúng đầu, đòi bồi thường 53 tỷ đồng",,53,,Thời sự,"Tại cơ quan công an, bị hại đòi bồi thường 35 tỷ đồng nhưng khi ra tòa, Đang nâng con số lên thành 53 tỷ. Tuy nhiên, tòa yêu cầu bị cáo chỉ phải bồi thường hơn 300 triệu.",NamSyntax/vietnamese-news-classification
namsyntax_300206,"Ép rượu cấp dưới đến chết, Tướng TQ mất chức",,55,,Thế giới,"Thiếu tướng Trương Nham, Tư lệnh Quân đoàn 26
đã bị giáng cấp rồi bãi chức và khai trừ lưu đảng 1 năm vì tổ chức uống rượu
cùng 2 cấp dưới cũ tại sở chỉ huy QĐ39 khiến 1 người bị say rồi chết.",NamSyntax/vietnamese-news-classification
namsyntax_1031226,Loạt phim được mong đợi tại LHP Berlin 2025,,41,,Giải trí,"Đức - ""Mickey 17"" của đạo diễn Hàn Bong Joon Ho, ""Blue Moon"" do Richard Linklater chỉ đạo là các phim hứa hẹn gây chú ý ở Liên hoan phim Berlin 2025.",NamSyntax/vietnamese-news-classification
namsyntax_797847,"Dinh dưỡng đầy đủ, cân đối giúp trẻ thấp còi cải thiện tầm vóc",,44,,Sức khỏe,"Tại hội thảo của Hội Nhi khoa Việt Nam và Abbott, chuyên gia khuyến nghị sàng lọc sớm, can thiệp dinh dưỡng kịp thời để cải thiện tầm vóc trẻ.",NamSyntax/vietnamese-news-classification
namsyntax_1322175,Bức ảnh người đàn ông nghèo trên xe khách khiến chị em xúc động,,45,,Đời sống,"Trên xe ô tô khách, hình ảnh người đàn ông mặc quần áo giản dị, nâng niu bó hồng đỏ được gói cẩn thận gây sự chú ý của nhiều người.",NamSyntax/vietnamese-news-classification
namsyntax_465579,Trộm cắp hoành hành trên máy bay,,47,,Kinh doanh,"Gần đây, tình trạng trộm cắp tài sản của hành khách trên những chuyến bay đang
có chiều hướng gia tăng. Kể cả hành lý của khách, khi xuống đến sân bay, vẫn có thể bị thất lạc, mất cắp.",NamSyntax/vietnamese-news-classification
namsyntax_1339678,Chuyên cặp bồ lại lấy được chồng ‘ngon’,,39,,Đời sống,"Tôi đã nhiều lần cảnh báo Hạnh, nói với cô ấy cẩn thận về những cuộc
tình này, nếu không, cô ấy sẽ bị đánh ghen, thậm chí là tạt axit.",NamSyntax/vietnamese-news-classification
namsyntax_420052,"3,5 tấn dâu nghi của Trung Quốc 'bay' vào Đà Lạt",,45,,Kinh doanh,"Lô hàng dâu tây tươi vừa bị bắt giữ có tổng trọng lượng khoảng 3,5 tấn, được vận chuyển từ Cảng hàng không Quốc tế Nội Bài, đáp xuống Cảng hàng không Liên Khương.",NamSyntax/vietnamese-news-classification
namsyntax_1249472,Các học viện quân sự Mỹ trước nguy cơ bị xóa sổ,,45,,Giáo dục,"Hoạt động kém hiệu quả nhưng lại tiêu tốn quá nhiều ngân sách của các
học viện quân sự Mỹ đang đối mặt với những chỉ trích từ các chuyên gia
phân tích.",NamSyntax/vietnamese-news-classification
namsyntax_1277876,"Người nước ngoài thích cuộc sống ngõ sâu, phố cổ Hà Nội",,46,,Đời sống,"Những ngày đầu thuê nhà trong khu tập thể hơn 100 năm tuổi trên phố Tông Đản, Trevor thấy hơi hối hận nhưng sau đó nhận ra cuộc sống ở đây rất đáng yêu.",NamSyntax/vietnamese-news-classification
namsyntax_471868,Huế: Đóng cửa sân bay Phú Bài đến cuối năm,,46,,Kinh doanh,"Cục Hàng không Việt Nam cho biết sẽ tạm đóng cửa cảng hàng không quốc tế
Phú Bài trong thời gian 8 tháng từ 20/3 đến hết ngày 20/11 để sữa chữa
đường cất hạ cánh.",NamSyntax/vietnamese-news-classification
namsyntax_682623,Ngắm sự hồn nhiên tuyệt đẹp của trẻ thơ,,30,,Khoa học,Những hành động ngộ nghĩnh đáng yêu của thế giới trẻ thơ luôn khiến chúng ta mỉm cười và hạnh phúc.,NamSyntax/vietnamese-news-classification
namsyntax_686933,Người dùng Việt “hờ hững” với chip Intel mới,,49,,Khoa học,"Series Core i đã có mặt trên thị trường được hơn 1 năm, nhưng dường như
sức hút mà Intel trông đợi vào siêu phẩm này chưa được như mong muốn tại
thị trường máy tính để bàn Việt Nam.",NamSyntax/vietnamese-news-classification
namsyntax_802523,Ăn uống thế nào phòng bệnh tim,,33,,Sức khỏe,"Ăn rau củ nhiều chất xơ, ưu tiên protein nạc tốt cho sức khỏe, tránh thực phẩm chế biến sẵn góp phần bảo vệ trái tim.",NamSyntax/vietnamese-news-classification
namsyntax_851755,Scott kiếm thêm một triệu USD nhờ ba birdie,,35,,Thể thao,"Golfer Australia Adam Scott vươn lên thứ 6 Tour Championship nhờ ba birdie trong bảy hố cuối, qua đó gia tăng đáng kể mức tiền thưởng.",NamSyntax/vietnamese-news-classification
namsyntax_838660,"Cứu sống bệnh nhân bị vỡ tim, phun máu xối xả",,32,,Sức khỏe,"Nạn nhân bị thanh gỗ đập vào ngực gây vỡ tim, vết vỡ dài khoảng 2cm đang phun máu xối xả.",NamSyntax/vietnamese-news-classification
namsyntax_1152993,13 người bị khởi tố vì sai phạm tại Tân Thuận - IPC,,49,,Pháp luật,"Sai phạm trong việc Công ty Tân Thuận - IPC, 100% vốn của UBND TP HCM, bán chỉ định cổ phiếu cho Công ty Nguyễn Kim gây thiệt hại 153 tỷ, 13 người bị khởi tố.",NamSyntax/vietnamese-news-classification
namsyntax_1018748,'Mười: Lời nguyền trở lại' - tái hiện bi kịch quá khứ,,42,,Giải trí,"Bi kịch các nhân vật đời trước ở phần một lặp lại với Linh và Hằng trong ""Mười: Lời nguyền trở lại"", khi họ cùng yêu một người đàn ông.",NamSyntax/vietnamese-news-classification
namsyntax_939980,Liverpool hòa nghẹt thở Man City: Trận đấm bốc siêu hạng,,44,,Thể thao,"Liverpool có trận hòa kịch tính trước Man City với tỷ số 2-2, trong cuộc chiến thực sự mãn nhãn, để ngỏ kịch bản về cuộc đua giành chức vô địch Premier League.",NamSyntax/vietnamese-news-classification
namsyntax_1270540,Ghẹ xốt chanh dây chua ngọt lạ miệng,,26,,Đời sống,"Vị chua ngọt của xốt chanh dây hòa quyện cùng thịt ghẹ tươi ngon, kích thích vị giác.",NamSyntax/vietnamese-news-classification
namsyntax_1283594,'Tăng xông' vì cô giúp việc... hồn nhiên,,48,,Đời sống,"Chưa kịp mừng vì vừa sắm được ngôi nhà khang trang, tiện nghi hiện đại, rộng rãi mát mẻ, bà Phương đã phải than trời vì thói đỏng đảnh và quá hồn nhiên của nàng osin vừa được tuyển về.",NamSyntax/vietnamese-news-classification
namsyntax_989998,Màn khoe cúp vàng hết sức độc đáo của ĐT Đức,,49,,Thể thao,Nhà tân vô địch thế giới đã có màn khoe cúp vàng vừa giành được trên đất Brazil hết sức ấn tượng và độc đáo trước sự cuồng nhiệt của hàng chục vạn CĐV giữa quảng trường Berlin.,NamSyntax/vietnamese-news-classification
namsyntax_1333571,Vào bếp nấu bữa cơm ngon ngày nóng,,21,,Đời sống,"Bữa cơm thơm ngon, dễ nấu này sẽ khiến cả nhà thích thú.",NamSyntax/vietnamese-news-classification
namsyntax_235281,"Anh, Pháp ký tuyên bố triển khai quân tới Ukraine sau xung đột",,50,,Thế giới,"Tổng thống Ukraine Volodymyr Zelensky, Tổng thống Pháp Emmanuel Macron và Thủ tướng Anh Keir Starmer ngày 6/1 đã ký tuyên bố về ý định triển khai lực lượng đa quốc gia ở Ukraine sau xung đột.",NamSyntax/vietnamese-news-classification
namsyntax_303472,Xả súng giết người hàng loạt diễn ra hàng ngày ở Mỹ,,34,,Thế giới,"Trong 204 ngày đầu tiên của năm 2015, tại Mỹ, có 204 vụ xả súng giết người hàng loạt đã diễn ra.",NamSyntax/vietnamese-news-classification
namsyntax_1106004,Trấn Thành tiết lộ thích yêu phụ nữ có chồng,,40,,Giải trí,Trong tập 3 của chương trình Lần đầu tôi kể - MC Trấn Thành gây bất ngờ khi tiết lộ sở thích yêu phụ nữ từng qua một lần đò.,NamSyntax/vietnamese-news-classification
namsyntax_927304,"MU chốt nhanh Benjamin Pavard, Real sẵn áo cho Mbappe",,39,,Thể thao,"MU vừa bán Maguire chốt nhanh Benjamin Pavard, Real Madrid sẵn áo cho Mbappe, Quỷ đỏ gia hạn Wan-Bissaka là những tin chuyển nhượng mới nhất hôm nay, 10/8.",NamSyntax/vietnamese-news-classification
namsyntax_1066146,"Running Man tập 7: Karik khóc thét vì sợ hôn, Trường Giang chơi xấu, bỏ đồng đội",,49,,Giải trí,"Tại tập 7 Running Man Việt Nam, Trương Thế Vinh đã “bức tử” Karik bằng một nụ hôn, riêng Trường Giang tiếp tục tạo ra những tình huống ""vô dũng vô mưu"".",NamSyntax/vietnamese-news-classification
namsyntax_294379,Ông Ban Ki-moon sẽ tranh cử tổng thống Hàn Quốc?,,61,,Thế giới,Tổng thư ký Liên Hợp Quốc Ban Ki-moon cho biết ông sẽ trở về Hàn Quốc vào tháng 1 tới và cân nhắc có thể đóng góp gì cho tương lai của đất nước trong bối cảnh có nhiều đồn đoán ông sẽ ra tranh cử tổng thống ở quê nhà.,NamSyntax/vietnamese-news-classification
namsyntax_1140822,Nam thanh niên 18 tuổi táo tợn cướp taxi ở Sài Gòn,,38,,Pháp luật,"Cần tiền tiêu xài, Khang vờ đặt grab taxi rồi lợi dụng tài xế sơ hở, rút dao cứa cổ hòng cướp xe và tài sản.",NamSyntax/vietnamese-news-classification
namsyntax_81797,"Bị khai tử, dịch vụ đòi nợ thuê biến tướng theo hướng khó ngờ",,52,,Thời sự,"Dù dịch vụ đòi nợ thuê bị khai tử từ ngày 1/1/2021, nhưng câu chuyện đòi nợ theo kiểu xã hội đen vẫn chưa khi nào hết nhức nhối, thậm chí còn biến tướng tinh vi, khó ngờ.",NamSyntax/vietnamese-news-classification
namsyntax_1287368,Cuộc đoàn tụ đẫm nước mắt của người con thất lạc mẹ 30 năm,,59,,Đời sống,"Sau 30 năm thất lạc, chàng trai và mẹ đẻ đã có cuộc đoàn tụ xúc động và đầy nước mắt. Đó là kết quả của sự nỗ lực tìm kiếm không ngừng dù ký ức về cha mẹ rất mơ hồ và ít ỏi.",NamSyntax/vietnamese-news-classification
namsyntax_518416,Mark Zuckerberg khoe ván trượt có hình 'khuôn mặt trắng bệch',,34,,Khoa học,Mark Zuckerberg đăng ảnh chiếc ván trượt có hình ông bôi nhiều kem chống nắng khi đi lướt sóng ở Hawaii năm ngoái.,NamSyntax/vietnamese-news-classification
namsyntax_1167229,Cựu nhân viên ngân hàng lừa đáo hạn khoản vay,,42,,Pháp luật,"Hà Tĩnh - Trần Đức Hiếu bị phạt 15 năm tù vì chiếm đoạt hơn 4,1 tỷ đồng với chiêu lừa đáo hạn khoản vay và mở sổ tiết kiệm cho khách.",NamSyntax/vietnamese-news-classification
namsyntax_809566,6 cách kiểm soát cân nặng khi trời lạnh,,39,,Sức khỏe,"Nhiều người có xu hướng tăng cân khi trời lạnh nên ăn uống lành mạnh, tập thể dục thường xuyên, ngủ đủ giấc để giảm thèm ăn, ngăn tăng cân.",NamSyntax/vietnamese-news-classification
namsyntax_359154,Giá khí đốt châu Âu tăng vọt trở lại,,38,,Kinh doanh,"Sau nhiều tháng giảm, giá khí đốt tự nhiên tháng này tại châu Âu tăng hơn 50%, gợi nhớ lại nỗi lo về khủng hoảng năng lượng năm ngoái.",NamSyntax/vietnamese-news-classification
namsyntax_1138248,"Mâu thuẫn khi dự tiệc cưới, hai nhóm thanh niên hỗn chiến dã man ở An Giang",,43,,Pháp luật,"Công an tỉnh An Giang vừa bắt giữ nhóm đối tượng dùng mã tấu, súng để gây ra vụ chém nhau khiến nhiều người khiếp sợ.",NamSyntax/vietnamese-news-classification
namsyntax_1234538,Điểm chuẩn ĐH Khoa học Xã hội và Nhân văn cao nhất là 30,,41,,Giáo dục,"Năm 2020, ngành Hàn Quốc học là ngành có mức điểm chuẩn cao nhất tại Trường ĐH Khoa học Xã hội và Nhân văn với 30 điểm.",NamSyntax/vietnamese-news-classification
namsyntax_203307,Ông Pence nói nhiều ứng viên Cộng hòa tiềm năng hơn ông Trump,,41,,Thế giới,Cựu phó tổng thống Mỹ Pence nhận định đảng Cộng hòa còn nhiều lựa chọn tốt hơn ngoài ông Trump cho cuộc đua vào Nhà Trắng năm 2024.,NamSyntax/vietnamese-news-classification
namsyntax_1276947,Cách giới văn phòng tiết kiệm chi phí dịp cận Tết,,43,,Đời sống,"Lập kế hoạch sắm Tết, mua sớm đồ khô, quà tặng, tận dụng ưu đãi từ nền tảng đặt xe - giao hàng, giúp nhiều người tối ưu chi phí dịp Tết.",NamSyntax/vietnamese-news-classification
namsyntax_1034523,Tài tử 'Như Ý truyện' hẹn hò Lý Uyển Đát,,33,,Giải trí,"Diễn viên Trung Quốc Hồ Tiên Hú, đóng ""Như Ý truyện"", hẹn hò Lý Uyển Đát - mỹ nhân phim ""Diệp Vấn 4"".",NamSyntax/vietnamese-news-classification
namsyntax_319290,Ngắm cây thông Noel làm từ 12 kg vàng ròng,,47,,Thế giới,"Để đón chào lễ Giáng sinh đang tới gần, cửa hàng kim hoàn Ginza Tanaka tại
Nhật Bản đã cho ra mắt cây thông Noel làm bằng vàng ròng có trị giá lên tới 2
triệu USD.",NamSyntax/vietnamese-news-classification
namsyntax_542029,Trải nghiệm công nghệ thông minh của Toshiba tại Tech Awards 2024,,45,,Khoa học,"Hàng trăm khán giả tìm hiểu tính năng chăm sóc sức khỏe, thiết kế Japandi trên máy lọc nước, điều hòa, tủ lạnh Toshiba, qua phần trải nghiệm của reviewer Trương Ngọc Dương.",NamSyntax/vietnamese-news-classification
namsyntax_1327125,Vì sao siêu mẫu chọn anh giáo viên tiểu học làm chồng?,,41,,Đời sống,Một siêu mẫu đình đám nhất nhì Việt Nam tiết lộ vì sao cô lại chọn một anh giáo viên tiểu học chứ không phải đại gia làm chồng,NamSyntax/vietnamese-news-classification
namsyntax_1181252,Tiếp tục truy tố Hoa hậu Phương Nga tội ‘lừa đảo',,54,,Pháp luật,"Cáo trạng bổ sung mới nhất của VKS.ND TPHCM tiếp tục truy tố Hoa hậu Phương Nga tội ""lừa đảo"" và cho rằng không đủ cơ sở xác định có hay không có 'hợp đồng tình ái' giữa hoa hậu và đại gia...",NamSyntax/vietnamese-news-classification
namsyntax_250457,Đẳng cấp tàu chiến lớn nhất thế giới - tàu sân bay 'không có đối thủ' của Mỹ,,51,,Thế giới,"Tàu sân bay USS Gerald R. Ford hiện đại nhất của Mỹ, sở hữu những công nghệ tối tân, được xem là táu chiến lớn nhất thế giới và không có đối thủ.",NamSyntax/vietnamese-news-classification
namsyntax_1224993,Bi kịch tiến sĩ từ mặt gia đình suốt 20 năm,,48,,Giáo dục,"Trung Quốc - Xuất thân trong một gia đình nghèo khó, Vương Vĩnh Cường nỗ lực trở thành tiến sĩ ĐH Bắc Kinh. Nhưng sau khi thành danh, cuộc sống của anh không thuận buồm xuôi gió.",NamSyntax/vietnamese-news-classification
namsyntax_41688,"Triều cường rằm tháng 9 vượt kỷ lục, ngập ở TPHCM ngày càng cực đoan",,54,,Thời sự,"Triều cường những ngày qua tại TPHCM dâng cao kỷ lục, nhiều khu vực ngập sâu. Chuyên gia khí tượng cảnh báo nguy cơ ngập tại khu vực này ngày càng cực đoan do nhiều yếu tố tác động.",NamSyntax/vietnamese-news-classification
namsyntax_790827,Ung thư vú di căn xương chữa được không?,,33,,Sức khỏe,"Tôi phát hiện ung thư vú giai đoạn muộn, di căn xương, có điều trị được không? (Nguyễn Thị Bảy, 55 tuổi, Bình Phước)",NamSyntax/vietnamese-news-classification
namsyntax_62013,"Sạt lở đẩy trôi 3 người đi đường xuống suối mất tích, tìm thấy 1 thi thể",,61,,Thời sự,"Hai người phụ nữ và 1 cháu nhỏ đang đi trên đường ở Sơn La thì bất ngờ bị đất đá sạt lở đẩy trôi xuống suối, mất tích. Đến chiều nay, lực lượng chức năng mới tìm thấy thi thể một nạn nhân.",NamSyntax/vietnamese-news-classification
namsyntax_1015733,Kim Kardashian mua phi cơ 95 triệu USD,,31,,Giải trí,"Kim Kardashian mua máy bay 18 chỗ ngồi, trị giá 95 triệu USD, và chi thêm hàng chục triệu USD làm nội thất.",NamSyntax/vietnamese-news-classification
namsyntax_712992,"Giá thuê lao dốc, mặt bằng bán lẻ bị bỏ trống nhiều",,40,,Bất động sản,"TP HCM - Do tác động của Covid-19, bất động sản thương mại nằm xa trung tâm bị sụt giảm giá thuê khoảng 15%, tỷ lệ trống tăng.",NamSyntax/vietnamese-news-classification
namsyntax_699810,VNPT xây trung tâm điều hành 105 triệu USD,,44,,Khoa học,"Tập đoàn Bưu chính Viễn thông Việt Nam (VNPT) vừa nhận giấy chứng nhận đầu tư từ BQL Khu công nghệ cao Hòa Lạc cho dự án ""Trung tâm Bưu chính Viễn thông Hòa Lạc"".",NamSyntax/vietnamese-news-classification
namsyntax_516997,Người dân TP.HCM có thể theo dõi lộ trình xe buýt trên ứng dụng,,46,,Khoa học,Việc cung cấp thông tin về hoạt động của hệ thống xe buýt theo thời gian thực là cách thức hiệu quả nhằm chuyển đổi số giao thông công cộng tại TP.HCM.,NamSyntax/vietnamese-news-classification
namsyntax_886933,Runner nữ lập kỷ lục ở giải vừa chạy vừa uống bia,,44,,Thể thao,"Mỹ - Shelby Houlihan là runner nữ đầu tiên chạy dưới 6 phút nội dung beer mile, với thành tích 5 phút 43 giây 81 tại Beer Mile World Classic ở Chicago.",NamSyntax/vietnamese-news-classification
namsyntax_716570,Nhà ống ba tầng 100 m2 với các góc nhìn thay đổi liên tục,,43,,Bất động sản,"Đà Nẵng - Công trình được thiết kế với tiêu chí đơn giản, tạo các góc nhìn thay đổi liên tục, không gian tràn ngập ánh sáng tự nhiên.",NamSyntax/vietnamese-news-classification
namsyntax_745184,Vị trí 4 khu thương mại tự do tại TPHCM,,50,,Bất động sản,"Sau khi mở rộng địa giới hành chính, TPHCM có 4 khu thương mại tự do đã được Thủ tướng Chính phủ phê duyệt quy hoạch. Đến nay, các khu này vẫn đang trong giai đoạn nghiên cứu đề án.",NamSyntax/vietnamese-news-classification
namsyntax_16918,Tuyết rơi trên đỉnh Fansipan,,25,,Thời sự,"Lào Cai - Chiều 26/12, đỉnh Fansipan xuất hiện tuyết rơi nhẹ kèm mưa, nền nhiệt khoảng 3 độ C.",NamSyntax/vietnamese-news-classification
namsyntax_1183835,Đà Nẵng: Tài xế taxi chết bên đường với nhiều vết đâm,,39,,Pháp luật,"Sáng sớm, người dân Hòa Nhơn (Hòa Vang, Đà Nẵng) tá hỏa khi nhìn thấy một người đàn ông nằm chết trên đường với nhiều vết máu.",NamSyntax/vietnamese-news-classification
namsyntax_808367,"Phòng viêm mũi họng, cảm lạnh khi giao mùa",,44,,Sức khỏe,"Giữ ấm cơ thể, đeo khẩu trang khi ra ngoài, rửa mũi súc họng bằng nước muối sinh lý hàng ngày góp phần phòng cảm lạnh, viêm đường hô hấp khi thời tiết chuyển mùa.",NamSyntax/vietnamese-news-classification
namsyntax_969784,"Salah ghi bàn, Ai Cập vẫn phơi áo trước Nga",,41,,Thể thao,"Salah ghi bàn trên chấm 11m nhưng không đủ giúp Ai Cập tránh khỏi thất bại 1-3 trước chủ nhà Nga, ở lượt trận thứ 2 bảng A World Cup 2018.",NamSyntax/vietnamese-news-classification
namsyntax_229468,Iran mở đợt tấn công tên lửa mới vào Israel,,47,,Thế giới,"Iran phóng nhiều tên lửa vào Israel, gây ra các vụ nổ ở Tel Aviv và miền trung Israel, gây ảnh hưởng đến lưới điện, khiến ít nhất ba người chết và hàng chục người bị thương.",NamSyntax/vietnamese-news-classification
namsyntax_1301589,Sắm Tết kiểu mới tại Siêu Hội chợ Xuân lớn nhất Việt Nam,,63,,Đời sống,"Không chỉ mang đến một thiên đường chơi Tết, du Xuân “đỉnh nóc kịch trần” phía Đông Thủ đô, Lễ hội Xuân đang diễn ra tại Ocean City còn mang đến trải nghiệm mua sắm bất tận tại hơn 250 gian hàng của Siêu hội chợ Xuân Ocean Spring Fair.",NamSyntax/vietnamese-news-classification
namsyntax_763387,Hai chuỗi lây nhiễm cộng đồng phát sinh ở Đà Nẵng,,38,,Sức khỏe,"Đà Nẵng 24 giờ qua ghi nhận 8 ca dương tính nCoV, hình thành chùm lây nhiễm ở hai gia đình, chưa xác định được nguồn lây.",NamSyntax/vietnamese-news-classification
namsyntax_1233898,Nhượng quyền thương hiệu Trường mầm non Ecokids tại Quảng Ninh,,32,,Giáo dục,- Trường mầm non Ecokids tạI TP Hạ Long sẽ được mang tên Trường mầm non song ngữ Ecokids Ban Mai.,NamSyntax/vietnamese-news-classification
namsyntax_789875,Bé trai bị dị ứng thuốc,,39,,Sức khỏe,"TP HCM - Sau khi uống thuốc điều trị viêm họng cấp, bé Phong, 4 tuổi, vẫn sốt cao, nổi ban, lở môi, bác sĩ chẩn đoán mắc hội chứng hiếm gặp Stevens-Johnson.",NamSyntax/vietnamese-news-classification
namsyntax_223318,"Cứu điện thoại, cô gái kẹt trong khe đá suốt 7 tiếng",,40,,Thế giới,"Australia - Cô gái 23 tuổi trượt chân, rơi vào khe đá sâu ba mét và mắc kẹt trong tư thế chổng ngược vì cố nhặt điện thoại.",NamSyntax/vietnamese-news-classification
namsyntax_784035,"Dân không dùng, Hậu Giang trả tàu cứu thương cho nhà tài trợ",,49,,Sức khỏe,"Trung tâm Y tế huyện Phụng Hiệp trả lại chiếc tàu cứu thương trị giá 700 triệu đồng cho nhà tài trợ, với lý do người dân ít nhu cầu và không có người lái tàu.",NamSyntax/vietnamese-news-classification
namsyntax_448801,Vì sao kiến trúc sư chọn gạch Thạch Bàn?,,38,,Kinh doanh,"Với nhiều ưu điểm nổi bật, một thương hiệu gạch Việt gần đây đã nhanh
chóng chiếm được cảm tình và sự lựa chọn của các kiến trúc sư.",NamSyntax/vietnamese-news-classification
namsyntax_1197789,Phát triển thế giới quan cho trẻ mầm non,,39,,Giáo dục,"Để giúp trẻ phát triển toàn diện, phụ huynh cần quan tâm, lắng nghe và cho trẻ nhiều trải nghiệm với thế giới xung quanh trong những năm đầu đời.",NamSyntax/vietnamese-news-classification
namsyntax_917120,Nguyễn Xuân Son lần đầu trải lòng ở tuyển Việt Nam,,42,,Thể thao,Tiền đạo nhập tịch Nguyễn Xuân Son khẳng định sẽ thích nghi nhanh với tuyển Việt Nam để sẵn sàng cống hiến khi được trao cơ hội tại ASEAN Cup 2024.,NamSyntax/vietnamese-news-classification
namsyntax_755567,Cách nhận biết thức ăn đóng hộp nhiễm khuẩn,,33,,Sức khỏe,"Đồ hộp phồng nắp hoặc phồng căng biến dạng thì nên bỏ; hộp bị nứt, gần hết hạn sử dụng cũng không nên dùng.",NamSyntax/vietnamese-news-classification
namsyntax_525796,'Siêu tự động hóa sẽ nở rộ trong 10 năm tới',,41,,Khoa học,"Diễn giả tham gia Leader Talks nhận định siêu tự động hóa sẽ giúp giải phóng nhân sự, nâng cao hiệu quả kinh doanh của doanh nghiệp trong tương lai.",NamSyntax/vietnamese-news-classification
namsyntax_822316,Chỉ xét nghiệm máu có phát hiện được ung thư máu hay không?,,58,,Sức khỏe,"Chuyên gia Viện Huyết học cho hay đa số các thể ung thư máu có thể phát hiện được thông qua xét nghiệm máu. Tuy nhiên, có phải chỉ cần như vậy là đủ chắc chắn chẩn đoán kết luận bệnh lý ác tính này?",NamSyntax/vietnamese-news-classification
namsyntax_1244881,8 dấu hiệu bạn là người thành công,,33,,Giáo dục,"Những dấu hiệu dưới đây cho thấy bạn đang là người thành công, mặc dù bản thân bạn có thể không cảm thấy điều đó.",NamSyntax/vietnamese-news-classification
namsyntax_925827,Thể thao Việt Nam nan giải tìm hướng đầu tư sau Asiad 19,,51,,Thể thao,"Dù kinh phí hạn chế nhưng cách đầu tư dàn trải, quá tập trung vào SEA Games khiến cho thể thao Việt Nam (TTVN) trở nên hụt hơi khi bước ra đấu trường lớn như Asiad hay Olympic.",NamSyntax/vietnamese-news-classification
namsyntax_1343426,Chồng và những món quà 20/10 “có 1 không 2”,,56,,Đời sống,"Vừa mở cửa tủ, vợ giật mình đánh thót:
Chồng đang đứng sừng sững trong tủ. Trên ngực còn dán tờ giấy vẽ hoa lá
cành: “Tặng em món quà 75kg, hàng Au 100%, thiết kế độc quyền và khuyến
mãi thêm trái tim tươi sống”.",NamSyntax/vietnamese-news-classification
namsyntax_1181472,"Đại gia Sài Gòn bị bắt cóc, tống tiền",,29,,Pháp luật,"Nhóm đối tượng bắt cóc 1 đại gia, khống chế, dẫn đi lòng vòng rồi giam giữ ở khách sạn.",NamSyntax/vietnamese-news-classification
namsyntax_353453,SCB bổ nhiệm thêm hai Phó Tổng giám đốc,,37,,Kinh doanh,Ngân hàng Sài Gòn (SCB) bổ nhiệm hai nhân sự cấp cao là ông Hoàng Minh Hoàn và ông Bùi Nhân vào vị trí Phó Tổng giám đốc.,NamSyntax/vietnamese-news-classification
namsyntax_716190,Vì sao giá nhà không giảm như thời kỳ khủng hoảng 2008-2009?,,48,,Bất động sản,"Hơn một thập kỷ trước, khi địa ốc xuống dốc, giá nhà tại các đô thị lớn giảm đến 30%, song giai đoạn này, giá chỉ chững lại, thậm chí tăng ở phân khúc chung cư.",NamSyntax/vietnamese-news-classification
namsyntax_764774,Làm gì để chuyển phôi dễ thụ thai?,,38,,Sức khỏe,"Em cần làm gì trước khi chuyển phôi để dễ thụ thai, chuyển hai lần đầu không có beta, có tiền sử buồng trứng đa nang, FSH thấp? (Kim Thu)",NamSyntax/vietnamese-news-classification
namsyntax_77205,Công an điều tra việc CDC Hà Giang nhận 770 triệu tiền 'hoa hồng' từ Việt Á,,49,,Thời sự,"Công an tỉnh Hà Giang đang điều tra, xác minh việc Giám đốc CDC Hà Giang cùng 2 thuộc cấp nhận 770 triệu đồng tiền hoa hồng từ công ty Việt Á.",NamSyntax/vietnamese-news-classification
namsyntax_1117128,Phát sốt với ảnh khỏa thân của các siêu mẫu áo tắm,,38,,Giải trí,"Chrissy Teigen, Nina Agdal và
Lily Aldridge xuất hiện bán nude trong trang phục bikini trên bìa ấn bản áo tắm
nổi tiếng Sports Illustrated 2014.",NamSyntax/vietnamese-news-classification
namsyntax_1320247,Video: Ngọc Trinh chụp ảnh cưới cùng Vũ Khắc Tiệp ở Úc khiến fan xôn xao,,62,,Đời sống,"Cách đây ít phút, ekip Vũ Khắc Tiệp quay và phát trực tiếp hình ảnh buổi chụp hình cưới của anh và Ngọc Trinh cùng dòng chia sẻ ""Trực tiếp: Cưới của Tiệp và Ngọc Trinh tại Melbounre"" khiến độc giả mạng không khỏi xôn xao.",NamSyntax/vietnamese-news-classification
namsyntax_751514,'Bệnh nhân 17' không đến sự kiện Uniqlo,,42,,Sức khỏe,"Hà Nội - Bệnh viện Nhiệt đới Trung ương xác nhận bệnh nhân Nguyễn Hồng Nhung không đến cửa hàng thời trang, vì cô này nhập viện cách ly từ chiều tối ngày 5/3.",NamSyntax/vietnamese-news-classification
namsyntax_202719,Cuộc chiến nguồn nước ở miền nam Ukraine,,36,,Thế giới,"Bên cạnh lưới điện, nguồn nước tại Ukraine từ lâu cũng đã trở thành mục tiêu bị tấn công khi Moskva tăng cường gây áp lực lên Kiev.",NamSyntax/vietnamese-news-classification
namsyntax_291518,Cuộc sống của những thanh niên Nhật tuyệt giao với thế giới bên ngoài,,47,,Thế giới,"Cùng tìm hiểu về cuộc sống ẩn dật của các Hikikomori, thế hệ thanh niên Nhật Bản ngủ vùi qua hàng thập kỷ qua những bức ảnh của nhiếp ảnh gia Maika Elan.",NamSyntax/vietnamese-news-classification
namsyntax_924807,"Haaland ghi bàn, Man City vẫn bị Liverpool níu chân",,39,,Thể thao,"Haaland mở tỷ số cho Man City nhưng nhà ĐKVĐ Ngoại hạng Anh không duy trì được lợi thế trước Liverpool, để Alexander-Arnold gỡ hòa 1-1 lúc cuối trận.",NamSyntax/vietnamese-news-classification
namsyntax_133885,"Sài Gòn mưa tầm tã sáng thứ hai, kẹt xe khắp nơi",,39,,Thời sự,Cơn mưa lớn kéo dài từ 2h thứ hai 3/10 đến hơn 10h. Tình trạng ùn tắc diễn ra ở hầu hết các điểm nóng kẹt xe.,NamSyntax/vietnamese-news-classification
namsyntax_338887,Hai nhà tài trợ chính của Đấu Trường Danh Vọng mùa Xuân 2021,,43,,Kinh doanh,CLEAR Men và Castrol POWER1 là hai nhà tài trợ chính của Đấu Trường Danh Vọng mùa Xuân 2021 - giải đấu chuyên nghiệp của tựa game Liên Quân Mobile.,NamSyntax/vietnamese-news-classification
namsyntax_703651,Dịch vụ tải nhạc Nokia sẽ giết iTunes?,,40,,Khoa học,Dịch vụ Comes with Music (Đến với âm nhạc) của Nokia cho phép người sử dụng tải nhạc miễn phí từ điện thoại của mình trong khi iTunes đòi phí bản quyền.,NamSyntax/vietnamese-news-classification
namsyntax_521947,Khỉ đầu chó lén trốn khỏi đàn sư tử,,35,,Khoa học,"Châu Phi - Mắc kẹt trên ngọn cây cao, khỉ đầu chó tìm cách thoát thân trong khi đàn sư tử bên dưới đang nằm nghỉ.",NamSyntax/vietnamese-news-classification
namsyntax_751083,Phòng viêm phổi khi giao mùa,,30,,Sức khỏe,"Viêm phổi diễn biến rất nhanh ở người già và trẻ nhỏ, cần chủ động phòng bệnh khi thời tiết thay đổi thất thường.",NamSyntax/vietnamese-news-classification
namsyntax_255543,"Nga nói 'chắc thắng' trong thông điệp năm mới, Ukraine đạt bước tiến ở Luhansk",,43,,Thế giới,"Bộ trưởng Quốc phòng Nga nói thành công của chiến dịch đặc biệt là ""điều chắc chắn sẽ tới"". Ukraine giành quyền kiểm soát làng Novoselivske ở Luhansk.",NamSyntax/vietnamese-news-classification
namsyntax_228315,Lưới phòng không Houthi khiến Mỹ phải dè chừng,,39,,Thế giới,"Lực lượng Houthi sở hữu nhiều hệ thống phòng không uy lực, giúp họ uy hiếp máy bay đối phương và buộc Mỹ huy động nhiều khí tài đối phó.",NamSyntax/vietnamese-news-classification
namsyntax_722155,Các ý tưởng trồng cây xanh cực chất trong nhà,,36,,Bất động sản,"Những ý tưởng sáng tạo, biết tận dụng những vật chẳng ai ngờ tới, các bạn sẽ tạo ra những khoảng xanh trong nhà cực chất!",NamSyntax/vietnamese-news-classification
namsyntax_1175137,Căn nhà xây nhầm trên đất có sổ đỏ của người khác được di dời,,55,,Pháp luật,"Hải Phòng - Ông Đỗ Văn Hữu đã hoàn thành việc di chuyển công trình để trả đất cho bà Trần Thị Kim Loan, theo yêu cầu của tòa án trong vụ xây nhà trên tài sản của người khác.",NamSyntax/vietnamese-news-classification
namsyntax_1267753,Tôi yêu Việt Nam,,10,,Đời sống,"Nguyễn Ngọc Thiện,11 tuổi, Quảng Ninh",NamSyntax/vietnamese-news-classification
namsyntax_1319108,Công thức chế biến món sườn cực ngon,,37,,Đời sống,"Sườn có thể được chế biến thành nhiều món ăn ngon như sườn ram, sườn cà ri, cháo sườn... Cùng khám phá các món ngon làm từ sườn nhé.",NamSyntax/vietnamese-news-classification
namsyntax_1180169,"Giành bảo kê nhà hàng, 2 băng giang hồ dàn trận quyết chiến",,50,,Pháp luật,"Ngày 27-7, Công an quận 1, TP.HCM đang tạm giữ hơn 10 đối tượng hẹn nhau mang hung khí nghênh chiến ở trên địa bàn để điều tra về hành vi “Gây rối trật tự công cộng”.",NamSyntax/vietnamese-news-classification
namsyntax_1328819,10 thành phố xinh đẹp nhất thế giới,,47,,Đời sống,"Chuyên trang du lịch CN Traveler bình chọn top 10 thành phố đẹp nhất dựa trên các tiêu chí về nghệ thuật, kiến trúc, lịch sử và cảnh quan, trong đó phần lớn các đại diện ở châu Âu.",NamSyntax/vietnamese-news-classification
namsyntax_1166635,"Không đóng phạt nguội giao thông, sau 12 tháng sẽ được 'xóa' vi phạm?",,48,,Pháp luật,"Ôtô của tôi tới hạn kiểm định, tôi liên hệ bên đăng kiểm để hỏi cách đặt lịch thì được thông báo xe bị lỗi phạt nguội hồi tháng 10/2022 (hơn một năm trước).",NamSyntax/vietnamese-news-classification
namsyntax_1204201,Nữ sinh năm thứ ba bảo vệ xuất sắc khóa luận về game,,37,,Giáo dục,Hà Nội - Nguyễn Thùy Linh phân tích tựa game nhập vai Genshin Impact trong khóa luận tốt nghiệp và bảo vệ xuất sắc.,NamSyntax/vietnamese-news-classification
namsyntax_297662,Thế giới 24h: Mỹ - Trung,,35,,Thế giới,"Mỹ, Trung Quốc gia tăng đối đầu tại biển Đông, thay đổi nhân sự quan trọng ở Triều Tiên, tấn công đẫm máu tại Đức và Thổ Nhĩ Kỳ.",NamSyntax/vietnamese-news-classification
namsyntax_527277,Apple chiếm 80% lợi nhuận toàn ngành smartphone,,31,,Khoa học,"Apple chiếm tới 4/5 lợi nhuận toàn ngành smartphone quý II/2022, trong khi các hãng Android chia nhau phần nhỏ bé còn lại.",NamSyntax/vietnamese-news-classification
namsyntax_1275164,10 sinh viên lan tỏa tinh thần ‘tiến bước sống đầy’,,46,,Đời sống,"10 gương mặt sinh viên đến từ 10 trường đại học dám bước ra khỏi vùng an toàn để đạt được đam mê đã truyền cảm hứng ""tiến bước sống đầy"" đến các bạn trẻ.",NamSyntax/vietnamese-news-classification
namsyntax_452450,Trúng xổ số trăm triệu bị kẻ trộm lấy mất vé,,47,,Kinh doanh,Chị Hòa trúng 2 tờ vé số với giải thưởng giá trị 200 triệu đồng. Sau khi hoàn tất mọi thủ tục lãnh thưởng thì đại lý bảo hết tiền chờ ngày hôm sau đến nhận.,NamSyntax/vietnamese-news-classification
namsyntax_1174341,Tài xế xe tải 'cán nạn nhân 2 lần' bị phạt 2 năm 6 tháng tù,,60,,Pháp luật,"Đồng Nai - Đỗ Minh Tân bị VKS xác định khi lái xe tải đã ""vô ý"" 2 lần cán qua người nạn nhân gây hậu quả đặc biệt nghiêm trọng, đề nghị tòa phạt từ 2 năm đến 2 năm 6 tháng tù.",NamSyntax/vietnamese-news-classification
namsyntax_1066969,Tổ ấm hạnh phúc của MC Quyền Linh và bà xã doanh nhân xinh đẹp,,46,,Giải trí,Dù đã gắn bó gần hai thập kỉ nhưng tình cảm của nam MC Vượt lên chính mình và bà xã Dạ Thảo vẫn khiến khán giả không khỏi ngưỡng mộ.,NamSyntax/vietnamese-news-classification
namsyntax_699891,Chân đế laptop và người đẹp,,42,,Khoa học,– Nếu chiếc notebook mang lại sự linh động khi di chuyển thì chân đế Nottable Flexible của nhà thiết kết Nelson Motta trên web likecool.com sẽ bổ sung sự tiện dụng cho sản phẩm này.,NamSyntax/vietnamese-news-classification
namsyntax_1196933,'Gấu ăn trăng' nói đến hiện tượng nào?,,24,,Giáo dục,"Theo bạn, ""gấu ăn trăng"" là cách gọi của nhật thực, nguyệt thực hay siêu trăng?",NamSyntax/vietnamese-news-classification
namsyntax_1203393,Trường Quốc tế Mỹ Việt Nam thông báo mở cửa lại,,43,,Giáo dục,"Trường Quốc tế Mỹ Việt Nam (AISVN) thông báo mở cửa trở lại vào ngày 19/3, học sinh có thể đến lớp, song ""vẫn sẽ có sự gián đoạn không tránh khỏi"".",NamSyntax/vietnamese-news-classification
namsyntax_537103,Cuộc tụ tập của 30 triệu con 'cua hóa thạch sống',,42,,Khoa học,"Mỹ - Sam biển, sinh vật trông giống cua và tồn tại từ hàng trăm triệu năm trước, thường kéo nhau lên bờ để sinh sản khi thủy triều lên cao.",NamSyntax/vietnamese-news-classification
namsyntax_1314278,MC Nguyệt Ánh mê mẩn mùa hoa Hà Nội,,40,,Đời sống,"Sau một thời gian vắng bóng để tập trung cho gia đình nhỏ, MC chương trình Sức sống mới vừa tái xuất trong bộ ảnh chụp tại thủ đô Hà Nội.",NamSyntax/vietnamese-news-classification
namsyntax_51341,Quốc hội thông qua chủ trương dự án đường sắt tốc độ cao Bắc-Nam hơn 67 tỷ USD,,54,,Thời sự,"Chiều 30/11, với 443/454 đại biểu có mặt biểu quyết tán thành, Quốc hội chính thức thông qua Nghị quyết chủ trương đầu tư dự án đường sắt tốc độ cao trên trục Bắc - Nam.",NamSyntax/vietnamese-news-classification
namsyntax_1188263,Cách xử lý khi các con đánh nhau,,40,,Giáo dục,"Bất đồng là một phần trong quá trình phát triển, nhưng bố mẹ vẫn phải can thiệp để giảm thiểu trận đánh lộn làm ảnh hưởng thể chất, tinh thần của trẻ.",NamSyntax/vietnamese-news-classification
namsyntax_1200013,Học khối A01 có nên theo ngành Thiết kế đồ họa?,,39,,Giáo dục,Em thích ngành Thiết kế đồ họa nhưng đang băn khoăn có nên theo ngành này khi chưa có chút kiến thức cơ bản về nghệ thuật không.,NamSyntax/vietnamese-news-classification
namsyntax_1298887,"Cãi nhau với mẹ, con trai ném 3 con dao từ tầng 14 xuống, cư dân hoảng loạn",,46,,Đời sống,"TRUNG QUỐC - Sự việc xảy ra tại một khu chung cư ở Chiết Giang khiến cư dân hoảng loạn, lực lượng chức năng lập tức vào cuộc.",NamSyntax/vietnamese-news-classification
namsyntax_1186477,Tử hình 2 kẻ hãm hiếp bé gái rồi vùi xuống ao,,52,,Pháp luật,"Sau khi nhậu nhẹt, Lâm, Trí và Dương đã nảy sinh ý định bắt người, hiếp dâm
để thỏa mãn dục vọng. Với hành vi giết người, hiếp dâm, các đối tượng trên đều
phải nhận mức án tử hình.",NamSyntax/vietnamese-news-classification
namsyntax_729822,Hàng chục biệt thự ‘khủng’ tại Nha Trang sẽ bị đập bỏ,,52,,Bất động sản,"Phó Giám đốc Sở Xây dựng Khánh hòa thông tin: Dự án Ocean View sai đến đâu sẽ xử lý nghiêm đến đó, với những công trình sai phạm đã hoàn thành Sở sẽ lập biên bản và đập bỏ.",NamSyntax/vietnamese-news-classification
namsyntax_1288511,MB ủng hộ Đà Nẵng 5 tỷ đồng chống dịch Covid-19,,41,,Đời sống,"Ngày 6/8/2020 đại diện Ngân hàng Quân Đội (MB) trao tặng 5 tỷ đồng tới UBND TP.Đà Nẵng, góp phần hỗ trợ kinh phí mua sinh phẩm chẩn đoán Covid-19.",NamSyntax/vietnamese-news-classification
namsyntax_378179,FAST Logistics đặt mục tiêu phát thải ròng bằng 0 vào năm 2050,,48,,Kinh doanh,"Philippines - Tập đoàn FAST Logistics đặt mục tiêu đạt phát thải ròng bằng 0 và công bố chiến lược Phát triển bền vững ESG, đánh dấu bước tiến quan trọng, hướng đến logistics xanh.",NamSyntax/vietnamese-news-classification
namsyntax_598772,Chiến thuật ít ai ngờ của Nintendo khi đưa Mario lên di động,,57,,Khoa học,"Mặc dù Super Mario Run mang về cho Nintendo khoản lợi nhuận ít hơn nhiều so với mong đợi, Mario vẫn là nhân vật chính trong chiến lược di động của công ty, với mục tiêu chính là mở rộng đối tượng người dùng.",NamSyntax/vietnamese-news-classification
namsyntax_1020051,Brad Pitt đón sinh nhật cùng bạn gái tin đồn,,36,,Giải trí,Mỹ - Tài tử Brad Pitt đi chơi cùng Ines de Ramon - vợ cũ của diễn viên Paul Wesley - dịp sinh nhật tuổi 59.,NamSyntax/vietnamese-news-classification
namsyntax_1158141,Ba quân nhân bị bắt vì liên quan cái chết của đồng đội,,46,,Pháp luật,"Gia Lai - Cơ quan điều tra quân sự Quân khu 5 cho rằng, quân nhân Nguyễn Văn Thiên, 23 tuổi, tử vong là do 3 đồng nghiệp cùng đơn vị gây ra.",NamSyntax/vietnamese-news-classification
namsyntax_1204730,Cầu dây văng đầu tiên do Việt Nam thiết kế và thi công ở đâu?,,42,,Giáo dục,"Cầu này dài hơn 2.870 m với bốn làn xe, giúp kết nối và thúc đẩy phát triển kinh tế các tỉnh đồng bằng sông Cửu Long.",NamSyntax/vietnamese-news-classification
namsyntax_972435,Lịch thi đấu chung kết U23 châu Á 2018,,33,,Thể thao,Vòng bán kết U23 châu Á 2018 qua đi với 2đội tuyển giành vé vào chung kết là U23 Việt Nam và U23 Uzbekistan.,NamSyntax/vietnamese-news-classification
namsyntax_1327590,"Nữ học viên đi chân đất, mặc váy đầm tập gym gây tranh cãi",,41,,Đời sống,"Cảnh một nữ học viên chân đất, mặc váy đang đi bộ trên máy tại một phòng tập Gym Hà Nội khiến nhiều người xem sửng sốt.",NamSyntax/vietnamese-news-classification
namsyntax_967130,Higuain:,,30,,Thể thao,"Tiền đạo Gonzalo Higuain bức xúc cho biết, anh cảm thấy mình bị Juventus ""đá ra khỏi CLB"" sau khi chiêu mộ Cristiano Ronaldo hồi tháng 7 vừa qua.",NamSyntax/vietnamese-news-classification
namsyntax_1284285,Những giải chạy mang ‘hồn phố’ trên thế giới,,53,,Đời sống,"Những giải chạy mang màu sắc riêng được tổ chức ở các thành phố nổi tiếng như: Paris, London, New York, Tokyo... đến Hà Nội, Đà Nẵng, TP.HCM đã góp phần tạo nên dấu ấn riêng của những thành phố, thủ đô hoa lệ.",NamSyntax/vietnamese-news-classification
namsyntax_1114756,Nữ ca sỹ 4 lần ra Trường Sa,,35,,Giải trí,"Trong thời gian Trung Quốc hạ đặt trái pháp giàn khoan Hải Dương 981, NSƯT
Khánh Hòa lại có dịp ra Trường Sa hát cho chiến sĩ.",NamSyntax/vietnamese-news-classification
namsyntax_54796,Công an triệu tập chú rể đánh tài xế xe ben nhập viện ở Đắk Lắk,,36,,Thời sự,Cơ quan công an tại Đắk Lắk đã triệu tập chú rể đánh tài xế xe ben tới làm việc.,NamSyntax/vietnamese-news-classification
namsyntax_752944,Bé 12 tuổi mắc dị tật 'màng trinh không thủng',,41,,Sức khỏe,"Hà Nội - Bé gái đau bụng dữ dội bất thường, đến bệnh viện khám, bác sĩ phát hiện bị ứ kinh trong âm đạo và buồng tử cung do hẹp.",NamSyntax/vietnamese-news-classification
namsyntax_1203712,Có được học cùng lúc ngành Sư phạm Ngữ văn và Ngôn ngữ Anh?,,37,,Giáo dục,"Em định vào ngành Sư phạm Ngữ văn, rồi học thêm một ngành nữa liên quan tới tiếng Anh, liệu có được không?.",NamSyntax/vietnamese-news-classification
namsyntax_794593,Hai học sinh bị ong bắp cày đốt đang nguy kịch,,43,,Sức khỏe,"Nghệ An - Em Xồng Bá Giờ, 8 tuổi và Xồng Y Tồng, 12 tuổi, đang phải thở máy, lọc máu liên tục do bị ong bắp cày đốt hàng chục nốt.",NamSyntax/vietnamese-news-classification
namsyntax_1001013,Thanh Thúy sánh đôi MC Nam Hee,,34,,Giải trí,"Diễn viên, nhà sản xuất Thanh Thúy khoác tay đàn em Nam Hee khi tham gia talkshow ""Câu chuyện truyền cảm hứng"" ở Báo Ngoisao.net, ngày 27/12.",NamSyntax/vietnamese-news-classification
namsyntax_860709,Barca được khuyên ra giá bán Messi,,31,,Thể thao,"Thành viên ""Đội hình trong mơ"" Barca thập niên 1990 Eusebio khuyên CLB cũ bán Messi để tái đầu tư cho tân HLV Koeman.",NamSyntax/vietnamese-news-classification
namsyntax_528805,Thụy Điển sắp tiêu diệt hàng trăm con linh miêu,,35,,Khoa học,Các chuyên gia bảo tồn đang chỉ trích chính quyền Thụy Điển do kế hoạch săn giết hơn 200 con linh miêu trong tháng 3.,NamSyntax/vietnamese-news-classification
namsyntax_1195953,Cách phát âm phụ âm cuối trong tiếng Anh,,33,,Giáo dục,"Cô Moon Nguyen chia sẻ cách phát âm các phụ âm cuối trong những từ gần giống nhau như ""lice"", ""light"", ""like"" và ""line"".",NamSyntax/vietnamese-news-classification
namsyntax_33780,Ngư dân trúng đậm trong chuyến ra khơi đầu năm,,44,,Thời sự,"Hà Tĩnh - Sau gần một ngày ra khơi lấy may đầu năm, hơn 30 tàu thuyền của ngư dân huyện Thạch Hà đánh bắt được hàng tạ ghẹ, thu hàng trăm triệu đồng.",NamSyntax/vietnamese-news-classification
namsyntax_1140948,Tình tiết bất ngờ vụ gã 'phi công' giết người tình trong nhà trọ,,42,,Pháp luật,Gã 'phi công' khai sau khi sử dụng ma túy thì xảy ra cự cãi với người tình vì ghen tuông nên ra tay sát hại nạn nhân.,NamSyntax/vietnamese-news-classification
namsyntax_287612,Cô gái mất tích bí ẩn trong vụ chặt đầu man rợ ở Tokyo,,54,,Thế giới,"Cảnh sát Tokyo, ngày 31/10, tìm thấy 9 thi thể bị mất đầu và róc thịt tại căn hộ ở ngoại ô Tokyo. Hình ảnh trên camera cho thấy, một cô gái trẻ mất tích đã đi cùng nghi phạm.",NamSyntax/vietnamese-news-classification
namsyntax_1103308,"Cuộc đời thăng trầm khó ngờ của Trần Lập, Bằng Kiều",,40,,Giải trí,"Là những người đứng đầu một ban nhạc nổi tiếng của nền âm nhạc Việt Nam, mỗi bản lĩnh ấy lại mang một số phận hầu như khác nhau…",NamSyntax/vietnamese-news-classification
namsyntax_466152,Loạt sếp tổng điều chuyển khỏi lãnh đạo tập đoàn nhà nước,,47,,Kinh doanh,"Một số lãnh đạo đi nhận nhiệm vụ ở địa phương theo điều động của Bộ
Chính trị và Ban Bí thư, một số khác được rút khỏi DN để đi làm công tác
khác.",NamSyntax/vietnamese-news-classification
namsyntax_1215890,Học sinh Hà Nội nô nức mang vỏ sữa đổi cây xanh,,40,,Giáo dục,"Sáng 5/10/2019 hàng trăm học sinh trường Tiểu học Tiên Dược B (Sóc Sơn, Hà Nội) mang vỏ hộp sữa Vinamilk đã uống để đổi lấy cây xanh.",NamSyntax/vietnamese-news-classification
namsyntax_1051030,Dàn người đẹp Miss Grand Vietnam đẹp hút mắt ở Vietnam Beauty Fashion Fest 6,,62,,Giải trí,"Sáng ngày 9/10, sự kiện Vietnam Beauty Fashion Fest 6 (VBFF6) - Beach Wear Fashion Show trong khuôn khổ cuộc thi Miss Grand International 2023 đã diễn ra tại Hạ Long (Quảng Ninh). Show diễn quy tụ 70 thí sinh cùng dàn người đẹp Miss Grand Vietnam.",NamSyntax/vietnamese-news-classification
namsyntax_1303896,Chạy chối chết vì bị hô hoán kẻ trộm khi len lén mò lên giường người yêu,,66,,Đời sống,"Một anh đến chơi với người yêu vào buổi tối. Nhưng vì vướng đứa con nhỏ 7 tuổi nên chỉ ngồi nói chuyện suông không làm gì được. Đợi mãi đến 9 giờ mẹ bế con vào giường ru nó ngủ, anh ta mò vào nhưng chị xua tay.",NamSyntax/vietnamese-news-classification
namsyntax_1176873,Kẻ giết vợ bỏ thùng phuy bị kháng nghị mức án tử hình,,31,,Pháp luật,VKSND TP.HCM đã kháng nghị từ tù chung thân lên tử hình đối với người chồng giết vợ.,NamSyntax/vietnamese-news-classification
namsyntax_1085732,Cuộc sống MC Ngọc Anh xáo trộn khi công bố từng lấy nhầm chồng đồng tính,,54,,Giải trí,"- Sau khi lên sóng chương trình ‘Người ấy là ai’, cuộc sống của MC Ngọc Anh có khá nhiều xáo trộn nhưng cô không hối hận khi đã kể sự thật về cuộc hôn nhân của mình.",NamSyntax/vietnamese-news-classification
namsyntax_547408,"Dota 2: ‘Sao mai’ CIS 18 tuổi đạt 11,000 MMR, Miracle- tiết lộ nguồn cảm hứng chơi Invoker",,42,,Khoa học,"(GameSao.vn) - Đã có bốn pro players vượt 11k MMR, Miracle- giải thích lý do không thích streaming và đánh giá rất cao GH.",NamSyntax/vietnamese-news-classification
namsyntax_769538,'Trẻ có thể tiêm vaccine Covid khi vừa tiêm vaccine khác',,31,,Sức khỏe,Bác sĩ khuyến cáo không nên trì hoãn tiêm vaccine phòng Covid-19 cho trẻ đã tiêm các loại vaccine khác.,NamSyntax/vietnamese-news-classification
namsyntax_1176041,Tòa tối cao rút hồ sơ vụ Innova đi lùi trên cao tốc để xem xét,,41,,Pháp luật,TAND Tối cao yêu cầu TAND tỉnh Thái Nguyên gửi hồ sơ vụ xe container đâm Innova đi lùi trên cao tốc để xem xét.,NamSyntax/vietnamese-news-classification
namsyntax_35106,Tham khảo kéo dài tuổi nghỉ hưu công chức một số lĩnh vực tới 70,,50,,Thời sự,Bộ Nội vụ gợi mở xem xét kéo dài tuổi nghỉ hưu công chức một số nhóm tới 70 và quy định chế độ hưu trí sớm từ tham khảo kinh nghiệm một số nước.,NamSyntax/vietnamese-news-classification
namsyntax_658698,[LMHT] Điểm mặt các team tham gia GPL 2014 mùa Hè,,26,,Khoa học,(Gamesao) - Điểm mặt các team đại diện của Liên Minh Huyền Thoại Việt Nam.,NamSyntax/vietnamese-news-classification
namsyntax_761821,Chuyên gia dinh dưỡng chỉ cách dùng nước hydrogen,,37,,Sức khỏe,"PGS.TS.BS Nguyễn Thị Lâm, nguyên Phó viện trưởng viện Dinh dưỡng Quốc gia tư vấn người dùng uống nước hydrogen để tăng cường sức khỏe trong thời dịch.",NamSyntax/vietnamese-news-classification
namsyntax_1046427,Góc nhìn mới về kỹ năng khai vấn trong doanh nghiệp từ một cuốn sách,,61,,Giải trí,"Cuốn sách 'Coaching - Quyền năng của nhà lãnh đạo tạo ảnh hưởng' mở ra một hành trình thực tế, khám phá những góc nhìn mới của câu chuyện lãnh đạo trong việc ứng dụng kỹ năng khai vấn (coaching) tại các doanh nghiệp Việt Nam.",NamSyntax/vietnamese-news-classification
namsyntax_504339,Đánh giá tủ lạnh thông minh Samsung Family Hub,,30,,Khoa học,"Samsung Family Hub có thiết kế đẹp, được trang bị nhiều tính năng thông minh nhưng giá bán còn khá cao.",NamSyntax/vietnamese-news-classification
namsyntax_1003244,Sắc vóc Lưu Đào tuổi 42,,29,,Giải trí,"Lưu Đào, diễn viên đóng A Châu trong ""Thiên Long Bát Bộ"" 2003, được khán giả khen quyến rũ ở tuổi ngoài 40.",NamSyntax/vietnamese-news-classification
namsyntax_733260,Cách bài trí để biến tủ lạnh thành “kho của” hút tài lộc cho gia chủ,,49,,Bất động sản,Vị trí đặt tủ lạnh có ảnh hưởng khá quan trọng đến phong thủy chung của ngôi nhà. Tủ lạnh thuộc Kim nên vị trí tốt nhất cho tủ lạnh là phòng bếp.,NamSyntax/vietnamese-news-classification
namsyntax_732311,Bất động sản Phú Giáo đón đầu xu hướng dịch chuyển về phía bắc ở Bình Dương,,67,,Bất động sản,"Chiến lược dịch chuyển lên phía bắc của tỉnh Bình Dương đang mở ra làn sóng mới thu hút đầu tư vào thị trường bất động sản nơi đây. Trong đó, Phú Giáo nổi bật với sự đầu tư đồng bộ về hạ tầng, kinh tế, dịch vụ công nghiệp.",NamSyntax/vietnamese-news-classification
namsyntax_1056486,Song Hye Kyo dọa rạch miệng Lim Ji Yeon ở 'Vinh quang trong thù hận 2',,50,,Giải trí,Trailer chính thức của 'Vinh quang trong thù hận 2' vừa được tung ra hé lộ thêm những diễn biến kịch tính trong màn trả thù của Dong Eun do Song Hye Kyo đóng.,NamSyntax/vietnamese-news-classification
namsyntax_62744,"Thời tiết Hà Nội 5/9: Ngày nắng, khả năng mưa rào bất chợt",,63,,Thời sự,"Dự báo thời tiết Hà Nội 5/9, ngày đầu tiên đi làm trở lại sau kỳ nghỉ lễ dịp 2/9, cũng là ngày khai giảng năm học mới, trời có mây, ngày nắng, khả năng có mưa rào bất chợt. Mức nhiệt cao nhất 33 độ, trời khá dịu mát.",NamSyntax/vietnamese-news-classification
namsyntax_420307,"Trích quỹ gần 1.000 đồng/lít, không tăng giá xăng dầu",,32,,Kinh doanh,"Ngày 13/7, Liên Bộ Công Thương - Tài chính quyết định giữ nguyên giá xăng dầu sau 4 lần tăng liên tiếp.",NamSyntax/vietnamese-news-classification
namsyntax_1241642,Lời giải tham khảo môn tiếng Anh mã đề 422 THPT quốc gia năm 2017,,52,,Giáo dục,Lời giải tham khảo môn tiếng Anh tốt nghiệp THPT quốc gia 2017. Cập nhật lời giải tham khảo tốt nghiệp THPT quốc gia môn tiếng Anh của Bộ GD-ĐT năm 2017 nhanh nhất trên báo VietNamNet.,NamSyntax/vietnamese-news-classification
namsyntax_378305,"Thủ tướng kêu gọi các nước ASEAN tăng hợp tác, kết nối toàn diện",,48,,Kinh doanh,"Thủ tướng Phạm Minh Chính kêu gọi các nước tăng cường trao đổi, hài hòa hóa, kết nối toàn diện để ""ASEAN mạnh lên, mỗi quốc gia được thụ hưởng sức mạnh nội khối"".",NamSyntax/vietnamese-news-classification
namsyntax_1150865,9 nam nữ ‘mở tiệc’ ma túy trong căn hộ cao cấp ở Hà Nội,,37,,Pháp luật,Công an huyện Gia Lâm (Hà Nội) bắt quả tang 9 thanh niên mở tiệc ma tuý trong căn hộ cao cấp.,NamSyntax/vietnamese-news-classification
namsyntax_788343,WHO cảnh báo một nửa thế giới nguy cơ bùng phát sởi,,42,,Sức khỏe,WHO cho biết hơn một nửa quốc gia trên toàn cầu nguy cơ bùng phát bệnh sởi vào cuối năm nay nếu không có biện pháp phòng ngừa khẩn cấp.,NamSyntax/vietnamese-news-classification
namsyntax_345198,Thị trường E-Logistics sẽ đạt doanh thu 118 tỷ USD vào năm 2028,,41,,Kinh doanh,"Zion dự báo thị trường E-Logistics đạt doanh thu 118,8 tỷ USD vào năm 2028 và ghi nhận mức tăng cao nhất khoảng 6,6% trong giai đoạn 2021-2028.",NamSyntax/vietnamese-news-classification
namsyntax_373188,BIDV mở gói tín dụng 40.000 tỷ đồng hỗ trợ người trẻ mua nhà,,45,,Kinh doanh,"Khách hàng cá nhân đến 35 tuổi có nhu cầu mua hoặc thuê mua nhà có thể nhận hỗ trợ lãi suất 5,5% một năm cố định trong ba năm đầu.",NamSyntax/vietnamese-news-classification
namsyntax_1128599,Hai kẻ cho vay nặng lãi lĩnh án 36 tháng tù,,45,,Pháp luật,"Phùng Quang Huy (26 tuổi) và Hoàng Huy Hoàng (23 tuổi) bị TAND TP Hà Tĩnh tuyên phạt 36 tháng tù hôm 23/8, vì tội Cho vay nặng lãi trong giao dịch dân sự.",NamSyntax/vietnamese-news-classification
namsyntax_281340,"Bắt nạt bạn, bố phạt đi bộ tới trường giữa trời rét",,43,,Thế giới,Một ông bố tại Ohio (Mỹ) đã phạt con gái phải đi bộ 8km từ nhà tới trường trong cái lạnh 2 độ C vì bắt nạt bạn trên xe buýt.,NamSyntax/vietnamese-news-classification
namsyntax_786307,Nguyên nhân xuất huyết đường ruột,,33,,Sức khỏe,"Viêm ruột mạn tính, polyp đại tràng, khối u lành và ác tính, nhiễm ký sinh trùng ở ruột non có thể gây xuất huyết đường ruột.",NamSyntax/vietnamese-news-classification
namsyntax_1345900,Chợ chuột độc nhất vô nhị ở miền Tây,,51,,Đời sống,"Từ một điểm mua bán chuột tự phát, Phù Dật trở thành cái chợ chuột “độc nhất
vô nhị” ở miền Tây. Nhờ nghề chuột mà nhiều người khấm khá, ai cũng có công ăn
việc làm, có thu nhập ổn định.",NamSyntax/vietnamese-news-classification
namsyntax_1206815,Phong cách sử dụng ngôn ngữ của Tổng thống Trump,,36,,Giáo dục,"Tổng thống Mỹ Donald Trump có xu hướng sử dụng từ ngữ mang tính chất đối nghịch như ""winners"" và ""losers"", ""very interesting"" và ""very pathetic"".",NamSyntax/vietnamese-news-classification
namsyntax_737184,"Loạt dự án nhà ở xã hội Hà Nội mở bán năm nay, 'nóng' không kém Trung Văn",,66,,Bất động sản,"Nhiều dự án nhà ở xã hội như dự án HUD Vân Canh, CT-05 và CT-06 Khu đô thị mới Thanh Lâm - Đại Thịnh 2, Rice City Long Biên… nằm trong danh sách các dự án dự kiến triển khai sớm trong năm nay tại Hà Nội.",NamSyntax/vietnamese-news-classification
namsyntax_1285832,Vợ được bồi thường hơn 100 triệu đồng hậu ly hôn vì 7 năm làm nội trợ,,69,,Đời sống,"Một phụ nữ ở Trung Quốc đã nhận được 30.000 tệ (gần 104 triệu đồng) tiền bồi thường vì đã làm mẹ, làm vợ toàn thời gian trong suốt cuộc hôn nhân. Vụ việc làm dấy lên cuộc tranh luận sôi nổi về chức năng của người phụ nữ ở nước này.",NamSyntax/vietnamese-news-classification
namsyntax_133920,Vùng 5 Hải quân kiểm tra bắn đạn thật trên biển,,33,,Thời sự,"Lữ đoàn 127, Vùng 5 Hải
quân tổ chức kiểm tra bắn đạn thật các loại súng, pháo có
trong biên chế.",NamSyntax/vietnamese-news-classification
namsyntax_886904,10 thống kê nổi bật trước World Cup nữ 2023,,39,,Thể thao,Có đến tám đội tuyển tân binh hay 107 cầu thủ đang chơi bóng ở Anh sẽ góp mặt tại World Cup nữ 2023 diễn ra vào tháng 7.,NamSyntax/vietnamese-news-classification
namsyntax_1341037,Chả thịt gà thập cẩm thơm nức mũi,,24,,Đời sống,"Món ăn đơn giản, dễ làm chắc chắn các bé sẽ thích mê cho mà xem.",NamSyntax/vietnamese-news-classification
namsyntax_1305654,"Nỗi ám ảnh của anh thợ mỗi lần lắp điều hoà ở chung cư, khách sạn",,51,,Đời sống,"Vị trí lắp dàn nóng điều hoà tại những công trình này rất khó tiếp cận. Nhiều lúc, Quang phải đu dây ra ngoài tường ở những độ cao cả trăm mét để làm việc.",NamSyntax/vietnamese-news-classification
namsyntax_851882,Annie Park dẫn đầu ở vòng 1 giải CP Women’s Open,,31,,Thể thao,"Golfer Mỹ Annie Park đánh 65 gậy (par72), đứng đầu bảng xếp hạng vòng mở màn sự kiện LPGA Tour.",NamSyntax/vietnamese-news-classification
namsyntax_1004685,Ngành công nghiệp biểu diễn đứng trước bờ vực,,35,,Giải trí,"Nhiều doanh nghiệp hàng đầu thế giới trong ngành biểu diễn phá sản, dừng hoạt động và chưa có dấu hiệu phục hồi vì đại dịch.",NamSyntax/vietnamese-news-classification
namsyntax_864703,HLV Vũ Tiến Thành khen HAGL,,36,,Thể thao,"Theo HLV Vũ Tiến Thành, HAGL kiểm soát thế trận nhưng Sài Gòn FC biết tận dụng những cơ hội dù nhỏ nhất để thắng trận ra quân V-League 2021.",NamSyntax/vietnamese-news-classification
namsyntax_688213,Giá iPhone 4 tăng từng ngày do ảnh hưởng tỷ giá,,53,,Khoa học,"Từ khi giá USD tăng do điều chỉnh tỷ giá liên ngân hàng vào ngày 12/2, thị trường iPhone 4 tại TP HCM leo thang với tốc độ chóng mặt, trung bình mỗi ngày ""trái táo 4"" tăng thêm khoảng 200.000 dồng.",NamSyntax/vietnamese-news-classification
namsyntax_1195422,"37.000 máy tính bảng, nhiều ưu đãi cho học sinh dịp năm học mới",,39,,Giáo dục,"Không để học sinh nào bị bỏ lại phía sau, VNPT tặng 37.000 máy tính bảng cùng loạt ưu đãi cho học sinh học online.",NamSyntax/vietnamese-news-classification
namsyntax_1182960,Phát hiện 10 tấn me nấm mốc chuẩn bị đưa tiêu thụ,,45,,Pháp luật,"Công an Cần Thơ vừa phát hiện 10 tấn me vắt đã bị nấm mốc, không đảm bảo về an toàn vệ sinh thực phẩm chuẩn bị đưa ra thị trường tiêu thụ.",NamSyntax/vietnamese-news-classification
namsyntax_335092,Chứng khoán tuần tới có thể lên 960 điểm,,38,,Kinh doanh,"Các chuyên gia kỳ vọng những nhóm cổ phiếu trụ như ngân hàng, bán lẻ... duy trì lực tăng bền bỉ là động lực đẩy VN-Index lên cao hơn.",NamSyntax/vietnamese-news-classification
namsyntax_747146,"Chiến lược của “thánh phát tờ rơi”, môi giới nào cũng nên biết",,62,,Bất động sản,"Mỗi ngày đi phát tờ rơi, tôi có tới 5 khách hàng tiềm năng tức thì, chưa tính những khách hàng sau khi tìm hiểu thông tin dự án mới gọi điện. Bài viết này tôi xin chia sẻ kinh nghiệm cá nhân về cách marketing bằng tờ rơi.",NamSyntax/vietnamese-news-classification
namsyntax_1182164,Kết cục bi đát của những gã trai 'cuồng tình',,39,,Pháp luật,"Ghen tuông với bạn gái, những cậu trai mới lớn đã có những hành động
điên rồ để hại người yêu và chuốc cho mình kết cục bi đát.",NamSyntax/vietnamese-news-classification
namsyntax_1298528,Điểm đến 'sống ảo' giữa biển mây của người trẻ thích trải nghiệm,,41,,Đời sống,"Tour leo núi Lảo Thẩn được nhiều bạn trẻ lựa chọn như một cách trải nghiệm mới mẻ trong những dịp cuối tuần hay kỳ nghỉ lễ, Tết.",NamSyntax/vietnamese-news-classification
namsyntax_452536,Con đường làm sếp của con trai cựu Bộ trưởng Vũ Huy Hoàng,,49,,Kinh doanh,"Một người chưa từng một ngày kinh doanh được giao đứng đầu doanh
nghiệp lớn. Người khác được tập đoàn ""xin"" về để trẻ hóa lãnh đạo, dù
thành tích thua lỗ ở doanh nghiệp trước.",NamSyntax/vietnamese-news-classification
namsyntax_264215,"Mùa mưa lũ mới tràn về, Trung Quốc đã thiệt hại hàng chục triệu USD",,46,,Thế giới,"Những trận mưa lớn khiến nước sông dâng cao, dẫn đến lũ lụt nghiêm trọng ở vùng tây nam Tứ Xuyên, Trung Quốc, gây thiệt hại vật chất vô cùng lớn.",NamSyntax/vietnamese-news-classification
namsyntax_720982,Ông Trump muốn cấm doanh nghiệp mua gom nhà để cho thuê,,39,,Bất động sản,"Ông Trump cho biết đang xúc tiến việc cấm các công ty Phố Wall mua nhà ở để cho thuê, nhằm kéo giảm giá bất động sản.",NamSyntax/vietnamese-news-classification
namsyntax_728678,Xây chợ tiền tỷ để “bỏ hoang”,,50,,Bất động sản,"Với số vốn đầu tư 4,5 tỉ đồng, chợ du lịch văn hóa Cổ Loa thuộc thị trấn
Đông Anh, huyện Đông Anh, Hà Nội vốn là công trình được hi vọng sẽ mang
lại lợi ích cho người dân xã Cổ Loa.",NamSyntax/vietnamese-news-classification
namsyntax_732015,Ngắm vườn hoa đẹp như công viên của mẹ Việt trên đất Mỹ,,47,,Bất động sản,Hàng xóm người Mỹ cũng thốt lên ngưỡng mộ vườn hoa đẹp đủ màu của bà mẹ gốc Việt và quyết định chuyển đến ở gần khu nhà để được ngắm hoa mỗi ngày.,NamSyntax/vietnamese-news-classification
namsyntax_1002755,Phối đồ cho nàng công sở,,33,,Giải trí,"Áo sơ mi, chân váy, đầm liền, quần tây, áo khoác, blazer... dễ kết hợp với nhau, thể hiện nét thanh lịch cho chị em văn phòng.",NamSyntax/vietnamese-news-classification
namsyntax_834363,Cô gái 105 kg kể về những ngày sống trong sợ hãi,,62,,Sức khỏe,"Năm 14 tuổi, Oanh luôn tự nhốt mình trong phòng, ngại ra ngoài, ngại giao tiếp, sợ hãi ánh nhìn của mọi người. Cô bé sống cùng những lời chễ giễu, miệt thị của bạn bè, thậm chí từng bị ném cả sọt rác vào người chỉ vì khác biệt.",NamSyntax/vietnamese-news-classification
namsyntax_831972,"Sai lầm của người Việt khi chọn mua sản phẩm bổ sung vitamin, khoáng chất",,58,,Sức khỏe,"Rất nhiều người chưa có hiểu biết đầy đủ khi mua và sử dụng các sản phẩm vitamin, khoáng chất. Đa phần nếu không có sự tư vấn của chuyên gia dinh dưỡng, người dân thường dùng không đúng cách, không đủ liều.",NamSyntax/vietnamese-news-classification
namsyntax_1238018,Apax Leaders nợ phụ huynh TP.HCM gần 94 tỷ đồng,,34,,Giáo dục,"Theo thông tin từ Sở GD-ĐT TP.HCM, các trung tâm của Apax Leaders còn nợ học viên gần 94 tỷ đồng tiền học phí.",NamSyntax/vietnamese-news-classification
namsyntax_682341,Hotmail được bổ sung 5 tính năng mới,,49,,Khoa học,"– Theo thông tin từ Microsoft Việt Nam, 5 tính năng mới như Hành động nhanh, Phân loại và quản trị các thư mục thông minh, Bộ lọc thông minh... vừa được chính thức bổ sung cho dịch vụ thư điện",NamSyntax/vietnamese-news-classification
namsyntax_450320,Bí quyết tiết kiệm chi phí cho các chuyến đi,,50,,Kinh doanh,"Bạn muốn trốn đi đâu đó vài ngày nhưng lại sợ kinh phí eo hẹp? Dưới
đây là những cách tốt nhất để tiết kiệm, giúp bạn có thể thoải mái tận
hưởng chuyến đi mà không lo “cháy túi"".",NamSyntax/vietnamese-news-classification
namsyntax_723169,"2019, nguồn cung căn hộ trung cấp nội đô sẽ ra sao?",,49,,Bất động sản,"Nhu cầu cao trong khi quỹ đất hạn hẹp, nguồn cung khan hiếm là nguyên nhân khiến căn hộ trung cấp tại trung tâm thủ đô trở thành “hàng hot” được nhiều người mua nhà săn đón.",NamSyntax/vietnamese-news-classification
namsyntax_101742,Hàng loạt đơn vị ở Quảng Nam làm thất thoát 120 tỷ từ sai phạm đất đai,,45,,Thời sự,"Qua thanh tra hành chính về lĩnh vực đất đai, xây dựng,…năm 2019, cơ quan chức năng tỉnh Quảng Nam phát hiện sai phạm hơn 120 tỷ đồng.",NamSyntax/vietnamese-news-classification
namsyntax_1025904,'Hoan Châu ký' - tiểu thuyết về một dòng họ thế kỷ 17,,33,,Giải trí,"""Hoan Châu ký"" thuộc nhóm tiểu thuyết chương hồi lâu đời nhất Việt Nam, viết về gia tộc Nguyễn Cảnh.",NamSyntax/vietnamese-news-classification
namsyntax_1009827,Hugh Jackman kỷ niệm 25 năm cưới,,31,,Giải trí,Tài tử Hugh Jackman đăng tải loạt ảnh cưới nhân kỷ niệm 25 năm kết hôn với vợ hơn 13 tuổi - Deborra-Lee Furness.,NamSyntax/vietnamese-news-classification
namsyntax_1303369,Lần nào dạy con học bài chồng cũng nói một câu khiến tôi rất khó chịu,,39,,Đời sống,"Vợ chồng tôi cưới nhau đã hơn mười năm, có con gái đầu học lớp bốn, bé trai sau vừa vào lớp một.",NamSyntax/vietnamese-news-classification
namsyntax_1117276,Đào Phú Thượng huyền ảo trong tranh họa sĩ Còm,,36,,Giải trí,"Khi mang tranh ra triển lãm, bạn bè anh là dân trồng đào chính hiệu cũng
phải thốt lên rằng, thế này mới là đào chứ.",NamSyntax/vietnamese-news-classification
namsyntax_1161715,Câu đố: Nhân viên hóa trang nào là hung thủ?,,33,,Pháp luật,"Án mạng xảy ra tại một công viên trò chơi, ba nghi phạm là nhân viên chuyên hóa trang thành nhân vật Disney.",NamSyntax/vietnamese-news-classification
namsyntax_762710,"Thêm 42 ca Covid-19, hầu hết ở TP HCM",,35,,Sức khỏe,"Bộ Y tế sáng 24/6 ghi nhận 42 ca dương tính nCoV, gồm 37 ca trong nước và 5 ca nhập cảnh được cách ly ngay.",NamSyntax/vietnamese-news-classification
namsyntax_1027778,Fan 'tan chảy' vì cô gái ở liveshow Lưu Đức Hoa,,34,,Giải trí,"Vương Tử - bạn nhảy của ca sĩ Hong Kong Lưu Đức Hoa - gây sốt vì vũ đạo, biểu cảm hạnh phúc.",NamSyntax/vietnamese-news-classification
namsyntax_1089893,NSND Lan Hương tái xuất trong 'Sống chung với em chồng',,32,,Giải trí,"NSND Lan Hương, hot girl Thủy Tiên, Linh Miu,...cùng nhau tái xuất với trong phim mới ""Sống chung với em chồng"".",NamSyntax/vietnamese-news-classification
namsyntax_1081827,"Vừa đoạt nút kim cương YouTube, FAPtv bị chê hài nhảm khiến Vinh Râu nổi cáu",,38,,Giải trí,"Tài khoản B.N.T khẳng định người xem hài nhảm trên FAPtv sẽ biến mình thành ""não rác"", khiến Vinh Râu bức xúc.",NamSyntax/vietnamese-news-classification
namsyntax_735105,Bên trong khu ‘đất vàng’ sân Hàng Đẫy Hà Nội xin giao không qua đấu giá,,63,,Bất động sản,Hà Nội đề nghị Thủ tướng Chính phủ cho phép chấp thuận cơ chế triển khai dự án Tổ hợp thể thao SVĐ Hàng Đẫy theo thủ tục quyết định chủ trương đầu tư của Luật Đầu tư mà không phải đấu giá quyền sử dụng đất.,NamSyntax/vietnamese-news-classification
namsyntax_779307,Số ca Covid mới tăng 480% tại Ấn Độ và Đông Nam Á,,40,,Sức khỏe,"WHO cho biết số ca nhiễm nCoV tăng 480% ở Ấn Độ và Đông Nam Á trong một tháng qua, kéo theo số người nhập viện tăng.",NamSyntax/vietnamese-news-classification
namsyntax_999924,Trần Khôn phủ nhận yêu Nghê Ni,,35,,Giải trí,"Trần Khôn - tài tử ""Kim phấn thế gia"" - nói anh và Nghê Ni thân thiết như anh em, không phải tình nhân như lòi đồn đoán.",NamSyntax/vietnamese-news-classification
namsyntax_351043,Lý do không nên mua đất lúc sốt giá,,34,,Kinh doanh,"Chuyên gia cho rằng thị trường hiện nay không còn hiện tượng sốt đất, thậm chí hiện nhiều khu vực có tình trạng cắt lỗ.",NamSyntax/vietnamese-news-classification
namsyntax_1202351,"Nữ sinh lớp 7 bị bạn lột áo, kéo lê",,36,,Giáo dục,"TP Huế - Nữ sinh lớp 7 bị bốn bạn cùng trường đánh hội đồng, lột áo và kéo lê, trước mặt nhiều học sinh khác.",NamSyntax/vietnamese-news-classification
namsyntax_249160,Khu vực dân thường trú ẩn ở nam Gaza bị oanh tạc dữ dội,,54,,Thế giới,"Người dân Palestine ở Gaza cho biết, sáng sớm nay (17/10) các vụ oanh tạc dữ dội đã diễn ra ở các khu vực phía nam như Khan Younis, Rafah và Deir el-Balah, làm ít nhất 71 người thiệt mạng.",NamSyntax/vietnamese-news-classification
namsyntax_851853,Zidane nối lại quan hệ với James và Bale,,28,,Thể thao,HLV Zinedine Zidane thu hẹp khoảng cách với hai cầu thủ mà ông từng định đẩy đi hè này.,NamSyntax/vietnamese-news-classification
namsyntax_1339836,Bấn loạn vì trót... ngoại tình với anh họ,,59,,Đời sống,"Tôi và anh là con bác, con cô nhưng lại có tình cảm đặc biệt với
nhau. Chúng tôi đã ""lao vào nhau như những kẻ điên"" bất
chấp cả hai đã có vợ, chồng và là anh em họ. Tôi không biết thoát ra
""cơn mê"" này thế nào?",NamSyntax/vietnamese-news-classification
namsyntax_403284,"Vào mùa cao điểm lo ùn ứ nông sản, Trung Quốc đưa ra đề nghị mới với Việt Nam",,65,,Kinh doanh,"Bộ Công Thương vừa có văn bản gửi UBND các tỉnh Lạng Sơn, Quảng Ninh, Cao Bằng để thông tin một số kiến nghị của phía Quảng Tây, Trung Quốc trong thúc đẩy thông quan hàng hóa tại các cửa khẩu biên giới Việt - Trung.",NamSyntax/vietnamese-news-classification
namsyntax_725033,Kỳ lạ chuyện đương đầu dột nát ở chung cư cao cấp,,60,,Bất động sản,Nhận bàn giao căn hộ đến nay đã hơn 3 năm nhưng tình trạng thấm dột vẫn chưa được xử lý dứt điểm. Tình trạng này đẩy cư dân và chủ đầu tư vào thế căng thẳng và có nguy cơ phải ra tòa án để phân xử.,NamSyntax/vietnamese-news-classification
namsyntax_736481,Five Star Eco City - tâm điểm BĐS phía Nam TP.HCM,,47,,Bất động sản,"Hội tụ những lợi thế về vị trí, hạ tầng, cảnh quan và khí hậu để phát triển đô thị sinh thái, Cần Giuộc (Long An) đang là tâm điểm của thị trường BĐS hiện nay.",NamSyntax/vietnamese-news-classification
namsyntax_525820,"Bphone 5G có giá 9,5 triệu đồng",,35,,Khoa học,"Bphone A85 5G nằm trong phân khúc dưới 10 triệu đồng, hỗ trợ kết nối tốc độ cao, camera ""đục lỗ"" nhưng không có tính năng chống nước.",NamSyntax/vietnamese-news-classification
namsyntax_1138489,Bắt giữ 2 đối tượng gây ra một loạt vụ trộm xe máy ở Đắk Lắk,,48,,Pháp luật,"Sau khi ra tù, 2 đối tượng ở Đắk Lắk không lo chí thú làm ăn mà tiếp tục gây ra 13 vụ trộm xe máy để đưa sang Campuchia tiêu thụ.",NamSyntax/vietnamese-news-classification
namsyntax_460506,Hòn đá thơm kỳ lạ của lão nông An Giang,,46,,Kinh doanh,"Điều kỳ lạ đã xảy ra, vỏ cây vó bầu không hề bị đổi
màu, mà vẫn giữ nguyên màu sắc ban đầu (vỏ vó bầu để trong điều kiện
bình thường sẽ bị phân hủy).",NamSyntax/vietnamese-news-classification
namsyntax_273922,Ông Trump bị luận tội,,31,,Thế giới,"Sau một ngày dài tranh luận, Hạ viện Mỹ vừa tiến hành một cuộc bỏ phiếu lịch sử, nhất trí luận tội Tổng thống Donald Trump.",NamSyntax/vietnamese-news-classification
namsyntax_41292,"Đầu xe tải bẹp dúm sau khi bị lật, cảnh sát cắt cabin giải cứu nạn nhân mắc kẹt",,60,,Thời sự,"Đầu xe tải bị bẹp dúm sau sự cố lật, khiến tài xế và phụ xe mắc kẹt trong cabin. Cảnh sát phải dùng thiết bị cứu hộ chuyên dụng cắt, nới rộng cabin để đưa các nạn nhân ra ngoài.",NamSyntax/vietnamese-news-classification
namsyntax_1095305,Thanh Hằng và 'Thứ 6 của chị',,23,,Giải trí,"Thanh Hằng làm vedette BST mới nhất mang tên ""Thứ sáu của Chị"" của Công Trí.",NamSyntax/vietnamese-news-classification
namsyntax_120028,Cháy 6 căn nhà ở Sài Gòn ngày cuối năm,,40,,Thời sự,"Có ít nhất 6 căn nhà ven sông Sài Gòn bị hỏa hoạn bao trùm, thiêu rụi nhiều tài sản, rất may đám cháy không gây thương vong về người.",NamSyntax/vietnamese-news-classification
namsyntax_1003365,Cựu 'Thiên thần nội y' khoe dáng trên biển,,34,,Giải trí,"Alessandra Ambrosio - cựu ""Thiên thần nội y"" người Brazil - diện bikini, trang phục cut-out, khoe dáng tuổi xấp xỉ 40 trên bãi biển.",NamSyntax/vietnamese-news-classification
namsyntax_704731,Năm 2009 cổ phần hóa xong MobiFone,,39,,Khoa học,"Theo thông tin từ Vụ Đổi mới doanh nghiệp (Văn phòng Chính phủ), chương trình cổ phần hóa các doanh nghiệp lớn như VMS Mobifone sẽ được hoàn tất vào năm 2009.",NamSyntax/vietnamese-news-classification
namsyntax_1090834,Hoa hậu H’Hen Niê diện bikini khoe thân hình nóng bỏng,,29,,Giải trí,Hoa hậu H’Hen Niê khoe thân hình săn chắc với làn da nâu bánh mật trên bãi biển.,NamSyntax/vietnamese-news-classification
namsyntax_308310,Lãnh đạo Hong Kong sẽ gặp người biểu tình,,47,,Thế giới,"Lãnh đạo Hong Kong cho biết, quan chức hàng đầu trong chính quyền của ông sẽ
gặp các thủ lĩnh biểu tình, nhằm tránh để xảy ra việc người biểu tình đánh chiếm
các tòa nhà chính quyền.",NamSyntax/vietnamese-news-classification
namsyntax_799810,Suy thận giai đoạn cuối không cần lọc máu,,38,,Sức khỏe,"TP HCM - Bà Nhâm, 70 tuổi, suy thận giai đoạn cuối nhưng không phải chạy thận 4 năm nay nhờ phác đồ thuốc và dinh dưỡng phù hợp.",NamSyntax/vietnamese-news-classification
namsyntax_1257369,Bí quyết thành công của những doanh nhân thành đạt,,54,,Giáo dục,"Trải qua những sóng gió trên thương trường, mỗi doanh nhân là một kho thực tiễn
kinh doanh đồ sộ. Tuy nhiên họ vẫn dành thời gian hiếm hoii còn lại để đến
trường vì những lợi ích mà việc học hành mang lại.",NamSyntax/vietnamese-news-classification
namsyntax_1142802,"Mang hung khí đuổi đánh nhau náo loạn đường phố, 10 thanh niên bị khởi tố",,38,,Pháp luật,"Do mâu thuẫn, nhóm thanh niên ở Ninh Bình đã dùng dao phóng lợn đuổi đánh nhau, gây náo loạn đường phố.",NamSyntax/vietnamese-news-classification
namsyntax_213039,Bom dẫn đường Ukraine phá hủy tổ hợp gây nhiễu Nga,,35,,Thế giới,Bom dẫn đường JDAM của Ukraine tập kích tổ hợp Pole-21 chuyên gây nhiễu tín hiệu GPS được Nga triển khai ở tỉnh Zaporizhzhia.,NamSyntax/vietnamese-news-classification
namsyntax_1231954,Vụ học sinh trường quốc tế ở TP.HCM bị đánh gây bão mạng xã hội,,47,,Giáo dục,Đoạn video livestream cách xử lí của nhà trường khi bị tố có học sinh bị “bạo lực học đường” đã gây phẫn nộ cho cộng đồng mạng 2 ngày vừa qua.,NamSyntax/vietnamese-news-classification
namsyntax_351723,Áp lực lạm phát rót lên ly cà phê,,35,,Kinh doanh,"So với các dịch vụ khác, ngành kinh doanh thức uống chưa tăng giá trên diện rộng, nhưng áp lực đầu vào đã tăng đáng kể.",NamSyntax/vietnamese-news-classification
namsyntax_1164103,Vụ kiện giải oan cho kiệt tác văn học Ulysses bị gán mác khiêu dâm,,55,,Pháp luật,"Mỹ - Tiểu thuyết Ulysses của nhà văn James Joyce ngày nay được đánh giá là kiệt tác văn học nhân loại, song từng chật vật tới suýt ""chết yểu"" vì lệnh cấm, bị cáo buộc là sách khiêu dâm.",NamSyntax/vietnamese-news-classification
namsyntax_1307627,Tôi cho con tiêu tiền từ nhỏ,,32,,Đời sống,Một số bố mẹ ngại cho con tiêu tiền vì sợ con sẽ sa đà vào những chuyện rắc rối liên quan đến tiền bạc.,NamSyntax/vietnamese-news-classification
namsyntax_1278169,Xây mới 27 cầu Hy Vọng ở miền Tây,,38,,Đời sống,"Quỹ Hy Vọng khởi công 27 cầu bê tông đồng thời đưa vào sử dụng 10 cầu ở các tỉnh Bạc Liêu, Đồng Tháp, An Giang trong quý 2.",NamSyntax/vietnamese-news-classification
namsyntax_759682,Một người nhập cảnh mắc Covid-19,,30,,Sức khỏe,"Bộ Y tế chiều 19/3 ghi nhận một ca dương tính nCoV, là người về từ Mỹ được cách ly ngay tại TP HCM.",NamSyntax/vietnamese-news-classification
namsyntax_1337054,Sữa mẹ và 10 điều kỳ diệu có thể bạn chưa biết,,55,,Đời sống,"Trẻ em đang phải đối mặt với đại dịch béo phì, và trước khi bạn thề
sẽ để con tránh xa thức ăn nhanh khi bé lớn, bạn có thể cho con bú sữa
mẹ để đạt được những mục tiêu tương tự.",NamSyntax/vietnamese-news-classification
namsyntax_905319,Ảo ảnh thủ môn ở PSG,,35,,Thể thao,"Từ khi các ông chủ Qatar tiếp quản PSG năm 2011, chưa thủ môn nào trở thành lựa chọn đáng tin cậy, kể cả cao thủ như Gianluigi Donnarumma.",NamSyntax/vietnamese-news-classification
namsyntax_1169118,Nổ súng vào quán cà phê khiến hai vợ chồng nguy kịch,,45,,Pháp luật,"Đồng Nai - Sau khi bị đuổi đánh, thanh niên bốc xếp tên Toàn ở chợ Hóa An lấy súng ngắn quay lại quán cà phê bắn trọng thương vợ chồng đối thủ.",NamSyntax/vietnamese-news-classification
namsyntax_1074933,Bom tấn 120 tỷ của Hàn hy vọng giải cứu phòng vé Việt,,48,,Giải trí,"Trong bối cảnh ảm đạm của phòng vé nội địa, 'Bán Đảo' (Peninsula) - phần 2 của bom tấn 'Train to Busan' (Chuyến tàu sinh tử) có lượng vé đặt trước vượt ngưỡng 10.000 lượt.",NamSyntax/vietnamese-news-classification
namsyntax_788218,3 loại vaccine 'made in Việt Nam' được xuất khẩu,,41,,Sức khỏe,"Hai vaccine dành cho người, một dành cho động vật do Việt Nam sản xuất đã được Ấn Độ, Hàn Quốc, Malaysia... tin tưởng lựa chọn trong suốt nhiều năm nay.",NamSyntax/vietnamese-news-classification
namsyntax_1138467,"Ly kỳ 'nữ quái' lừa đảo hơn 14 tỷ, tiếp tục giăng bẫy cả người cùng tạm giam",,58,,Pháp luật,"Vũ Thị Nguyệt liên tục gây ra hàng loạt vụ lừa đảo, chiếm đoạt hơn 14 tỷ đồng của nhiều người. Ngay cả khi bị tạm giữ “nữ quái” này vẫn tiếp tục lừa đảo người cùng bị tạm giữ.",NamSyntax/vietnamese-news-classification
namsyntax_294389,Video sốc cảnh sát Pakistan tát nữ nhà báo,,42,,Thế giới,"Trong một video gây sốc vừa xuất hiện trên mạng, một nam cảnh sát đã tát
thẳng vào mặt một nữ nhà báo khi cô này đang thực hiện truyền hình trực
tiếp.",NamSyntax/vietnamese-news-classification
namsyntax_742976,Grand Sapphire 2 tạo ‘cú hích’ cho BĐS dịp cuối năm,,50,,Bất động sản,"Với những lợi thế vượt trội cùng chính sách bán hàng hấp dẫn, Grand Sapphire 2 thuộc dự án Vinhomes Smart City (Hà Nội) góp phần thúc đẩy thị trường BĐS Thủ đô sôi động hơn dịp cuối năm.",NamSyntax/vietnamese-news-classification
namsyntax_740322,"Hoãn thông qua đặc khu: Bất động sản Vân Đồn, Bắc Vân Phong ‘đóng băng’",,44,,Bất động sản,Hoãn thông qua đặc khu giao dịch tại Vân Đồn và Bắc Vân Phong bị đóng băng hoàn toàn bất động sản Phú Quốc bị ảnh hưởng ít hơn,NamSyntax/vietnamese-news-classification
namsyntax_123431,Ủy ban Kiểm tra TƯ công bố kết luận sai phạm tại Đà Nẵng,,38,,Thời sự,Ủy ban Kiểm tra TƯ đã làm việc với Thành ủy Đà Nẵng để công bố cụ thể kết luận về những sai phạm.,NamSyntax/vietnamese-news-classification
namsyntax_547468,"Nước lũ dâng cao, nam game thủ quyết không chịu sơ tán khi đang dở trận:",,34,,Khoa học,Tinh thần của anh chàng game thủ này khiến cho tất cả đều phải dở khóc dở cười.,NamSyntax/vietnamese-news-classification
namsyntax_95931,"Nữ công an Đà Nẵng mắc Covid-19 từng ở chốt trực, đến cơ quan làm việc",,37,,Thời sự,"Trước khi nhiễm Covid-19, nữ Công an TP Đà Nẵng thường đến cơ quan làm việc, tham gia các chốt trực...",NamSyntax/vietnamese-news-classification
namsyntax_377519,Giá vàng tuần tới được dự báo đi ngang,,40,,Kinh doanh,"Sau quyết định cắt giảm lãi suất của Mỹ, thị trường thiếu tin tức quan trọng nên các chuyên gia dự đoán giá vàng sẽ biến động theo hướng đi ngang.",NamSyntax/vietnamese-news-classification
namsyntax_311505,Triều Tiên muốn viết lại lịch sử?,,47,,Thế giới,"Cơ quan lưu trữ thông tin nhà nước CHDCND Triều Tiên vừa xóa bỏ gần như
tất cả các bài báo lịch sử của nước này, chỉ chừa lại số ít bài viết về nhà lãnh
đạo trẻ Kim Jong-un.",NamSyntax/vietnamese-news-classification
namsyntax_296559,Ca sinh 5 hiếm gặp ở Ukraine,,33,,Thế giới,Thành phố ven biển Odessa của Ukraine vừa ghi nhận một ca sinh 5 hiếm gặp. Đây là ca sinh 5 duy nhất ở nước này.,NamSyntax/vietnamese-news-classification
namsyntax_1248189,Những hình ảnh đầu tiên từ phòng thi Ngữ văn,,50,,Giáo dục,"Đề thi văn có ngữ liệu là các tác phẩm viết về con người ở biển đảo. Câu tự luận đề cập tới thói vô cảm, tầm quan trọng của rèn luyện kỹ năng sống và tích lũy kiến thức.",NamSyntax/vietnamese-news-classification
namsyntax_1132544,Dấu giày tố cáo viên cảnh sát quấy rối phụ nữ,,40,,Pháp luật,"Mỹ - Kim Medlin, 26 tuổi, tìm tới cảnh sát để được bảo vệ, nhưng chính hành động này khiến cô trở thành mục tiêu tấn công tình dục.",NamSyntax/vietnamese-news-classification
namsyntax_489118,Những rắc rối của ngôi nhà 4.0,,30,,Khoa học,"Trợ lý ảo không thể nhận dạng giọng nói, hay nhầm lẫn các câu lệnh khiến chủ nhân ngôi nhà gặp phiền toái.",NamSyntax/vietnamese-news-classification
namsyntax_1244379,Cuộc chiến giành con của gia đình “homeschool”,,45,,Giáo dục,"Năm 2005, Li Tiejun – một ông bố ở thành phố phía tây nam Lô Châu, Trung Quốc từng gây xôn xao dư luận khi ông thách thức hệ thống giáo dục công lập của nước này",NamSyntax/vietnamese-news-classification
namsyntax_469691,Đại gia Việt 'nuốt trọn' Daewoo nhờ... ao rau muống,,40,,Kinh doanh,"Nhờ “ao rau
muống” từ cách đây mấy chục năm, đại gia điện tử Việt Nam Hanel mới có
thể ""nuốt trọn"" được khách sạn sang trọng Daewoo Hà Nội.",NamSyntax/vietnamese-news-classification
namsyntax_1158959,Gây án từ việc bắt ép xin lỗi tình nhân,,31,,Pháp luật,"Hồ Tấn Trường và đồng phạm bị cáo buộc bắt giữ người đàn ông, đưa đến xin lỗi một phụ nữ.",NamSyntax/vietnamese-news-classification
namsyntax_1022152,Tám người bị thương vì tai nạn trường quay,,33,,Giải trí,"Hong Kong - Tám người nhập viện do sự cố bàn nâng đỡ rơi xuống, tại trường quay phim do Nghê Ni đóng chính.",NamSyntax/vietnamese-news-classification
namsyntax_722648,"Mùa xuân, bắt tay trồng hoa hướng dương để vườn nhà cả năm luôn rực rỡ",,36,,Bất động sản,Mùa xuân đến là thời điểm tuyệt vời nhất để bạn bắt đầu trồng hoa hướng dương ngay tại nhà.,NamSyntax/vietnamese-news-classification
namsyntax_1235828,GS Đỗ Đức Thái: Phải chống cả ‘văn mẫu’ trong dạy và học Toán,,63,,Giáo dục,"GS Đỗ Đức Thái cho rằng, cần chống cả “văn mẫu” trong dạy và học Toán, mong các giáo viên hạn chế lối dạy truyền thụ kiến thức theo kiểu “rót kiến thức vào cái đầu rỗng” thông qua việc chỉ tập trung luyện các dạng mẫu, bài mẫu.",NamSyntax/vietnamese-news-classification
namsyntax_1158816,Lái xe cuốc đập nát hai ôtô trên công trường,,41,,Pháp luật,"Mâu thuẫn với thủ kho, Đinh Vân Hoàng, 25 tuổi, lái xe cuốc đập nát hai ôtô trên công trường thi công cao tốc đoạn qua huyện Hàm Thuận Bắc .",NamSyntax/vietnamese-news-classification
namsyntax_1165518,Kỳ án kẻ sát nhân 'tẩy não' cả gia đình,,48,,Pháp luật,"Nhật Bản - Ngày 6/3/2002, một thiếu nữ 17 tuổi trốn khỏi căn hộ chung cư ở thành phố Kitakyushu, tố cáo về đôi tình nhân thao túng tâm lý, giết người hàng loạt trong thời gian dài.",NamSyntax/vietnamese-news-classification
namsyntax_713058,Hai mảng sáng tối của bức tranh bất động sản 2021,,38,,Bất động sản,Thị trường địa ốc năm Tân Sửu hứa hẹn tươi sáng ở phân khúc nhà xưởng công nghiệp nhưng ảm đạm ở bất động sản nghỉ dưỡng.,NamSyntax/vietnamese-news-classification
namsyntax_1230770,Thầy chủ nhiệm bị tố đánh vẹo cột sống nữ sinh từ chối làm tổ trưởng,,55,,Giáo dục,"Thầy hiệu trường xác nhận có việc nữ sinh bị thầy chủ nhiệm đánh vì không thuộc bài, từ chối làm tổ trưởng. Tuy nhiên, còn thông tin em nữ sinh bị đánh vẹo cột sống phải xác minh.",NamSyntax/vietnamese-news-classification
namsyntax_1154651,Tranh cãi nguyên nhân của hành vi hiếp dâm,,40,,Pháp luật,"Mỹ - Năm 1976, một mẩu quảng cáo trên những tờ báo ở thành phố Los Angeles mở đầu bằng câu hỏi bất thường: ""Bạn có phải kẻ hiếp dâm không?"".",NamSyntax/vietnamese-news-classification
namsyntax_134581,"Du lịch Malaysia, nguyên giám đốc bảo hiểm 'thèm' nghe còi xe",,28,,Thời sự,"Một tuần tham quan Malaysia, tôi cảm thấy thèm nghe tiếng còi hơi xe ô tô.",NamSyntax/vietnamese-news-classification
namsyntax_343846,Công ty chứng khoán ‘họ Louis’ điều chỉnh kế hoạch lợi nhuận,,46,,Kinh doanh,"Chứng khoán APG dự kiến nâng kế hoạch lãi trước thuế năm nay từ 70 tỷ đồng lên 100 tỷ đồng, đồng thời phát hành cổ phiếu tăng vốn lên hơn 2.200 tỷ đồng.",NamSyntax/vietnamese-news-classification
namsyntax_1170999,'Ác phụ' hơn hai năm che đậy tội ác dưới sân sau,,42,,Pháp luật,"Mỹ - Hai năm sau khi chồng biến mất, Laurie bị lật tẩy việc phi tang thi thể anh này dưới sân và đã bắt con gái nhận tội thay.",NamSyntax/vietnamese-news-classification
namsyntax_1064483,Dinh cơ hoành tráng của ca sĩ Thanh Thảo ở Mỹ,,41,,Giải trí,"Chuẩn bị cho dịp Tết Nguyên Đán sắp tới, ca sĩ Thanh Thảo cùng con gái Talia trang trí cây quất, cây mai để nhà cửa thêm phần rực rỡ.",NamSyntax/vietnamese-news-classification
namsyntax_1035070,Lê Tư cổ vũ Trương Bá Chi,,37,,Giải trí,"Minh tinh Hong Kong Lê Tư tới phim trường khích lệ Trương Bá Chi hóa thân Triệu Mẫn ""Ỷ Thiên Đồ Long Ký"" - vai diễn nổi tiếng của cô.",NamSyntax/vietnamese-news-classification
namsyntax_188126,Bé 10 tháng tuổi bị bò húc đang nguy kịch,,47,,Thời sự,"Tai hoạ lại giáng xuống ngôi nhà hai vợ chồng  Trần Văn Hậu và Hồ Thị Phương (Hương Khê, Hà Tĩnh) khi hai đứa con của anh chị bị bò đâm, đang trong tình trạng nguy kịch.",NamSyntax/vietnamese-news-classification
namsyntax_114890,Người mẹ giết con trai và cháu mới đi chữa trầm cảm ở Lào Cai,,38,,Thời sự,Cơ quan công an xác định hung thủ gây ra cái chết cho hay cháu ở KĐT Thanh Hà là Hoàng Thị Sen.,NamSyntax/vietnamese-news-classification
namsyntax_8735,Tuổi nghỉ hưu tương ứng với năm sinh theo lộ trình mới,,59,,Thời sự,"Từ năm 2021, lao động nam đủ 60 tuổi 3 tháng được nghỉ hưu, nữ là 55 tuổi 4 tháng. Sau đó, tăng theo lộ trình mỗi năm 3 tháng với nam đến khi đủ 62 tuổi và 4 tháng với nữ đến khi đủ 60 tuổi.",NamSyntax/vietnamese-news-classification
namsyntax_1204949,Điểm chuẩn Đại học Nha Trang tăng,,28,,Giáo dục,"Phần lớn các ngành đào tạo của trường Đại học Nha Trang (NTU) tăng 0,5 điểm chuẩn so với năm ngoái.",NamSyntax/vietnamese-news-classification
namsyntax_744235,Hà Nội chốt cách tính tiền bồi thường khi thu hồi đất,,52,,Bất động sản,Chủ tịch UBND TP Hà Nội Vũ Đại Thắng vừa ký quyết định ban hành hệ số điều chỉnh giá đất (K) làm căn cứ tính tiền bồi thường khi Nhà nước thu hồi đất trên địa bàn thành phố.,NamSyntax/vietnamese-news-classification
namsyntax_1299368,"Nàng dâu '1 lần đò' được mẹ chồng yêu thương, cho hơn nửa số tiền mua nhà",,51,,Đời sống,"Hơn 10 năm qua, bà Thu làm cho con dâu rất nhiều thứ. Chị Thanh khẳng định: “Tất cả những gì tôi có ngày hôm nay, nền móng xuất phát từ mẹ chồng tôi”.",NamSyntax/vietnamese-news-classification
namsyntax_1285153,"Chàng trai Đà Nẵng làm nghề lạ, vượt mưa bão 'sưởi ấm' cho người đã khuất",,43,,Đời sống,"Làm nghề lạ có tên gọi giữ đèn ở nghĩa trang, nam thanh niên quê Đà Nẵng tự ví mình đang giúp việc cho người đã khuất.",NamSyntax/vietnamese-news-classification
namsyntax_997699,Hồng Ánh diễn hài trong phim đồng tính,,29,,Giải trí,"Diễn viên vào vai bà cô ế chồng, đóng cùng nghệ sĩ Hồng Đào, Lê Thiện... trong ""Thưa mẹ, con đi"".",NamSyntax/vietnamese-news-classification
namsyntax_476125,"Mỗi tháng, nợ xấu tăng 8,6%",,47,,Kinh doanh,"Mức tăng kỷ lục
trên đây được trích dẫn từ văn bản trả lời chất vấn đại biểu Quốc hội
của Thống đốc NHNN Nguyễn Văn Bình về thực trạng nợ xấu và biện pháp
khắc phục của ngành ngân hàng.",NamSyntax/vietnamese-news-classification
namsyntax_1145988,Bắt giữ nhiều đối tượng truy nã đặc biệt nguy hiểm ở Sơn La,,44,,Pháp luật,"Ngày 18/12, Công an tỉnh Sơn La cho biết, vừa bắt giữ nhiều đối tượng truy nã đặc biệt nguy hiểm ở địa bàn huyện Mộc Châu và Vân Hồ.",NamSyntax/vietnamese-news-classification
namsyntax_425001,"Mua cả tạ mứt trái cây xanh đỏ, chia nhỏ bán theo lạng kiếm lời hàng chục triệu",,56,,Kinh doanh,"Hộp mứt trái cây với hồng sấy dẻo, kiwi, cherry… có giá bán 20.000 – 75.000 đồng/hộp thực chất được đóng gói từ những thùng hoa quả sấy không rõ xuất xứ, được chia nhỏ bán kiếm lời.",NamSyntax/vietnamese-news-classification
namsyntax_736080,T&T Group bắt tay Savills vận hành dự án cao cấp tại Hà Nội,,58,,Bất động sản,T&T Mananement (thành viên của T&T Group) và Savills Việt Nam vừa ký kết hợp tác quản lý vận hành dự án căn hộ cao cấp kết hợp trung tâm thương mại - dịch vụ - văn phòng tại số 2 Phạm Ngọc Thạch.,NamSyntax/vietnamese-news-classification
namsyntax_1210737,Trường cho sinh viên nghỉ học để cổ vũ U23 Việt Nam trận bán kết ASIAD 2018,,49,,Giáo dục,Trường CĐ Y Dược Hà Nội vừa có thông báo cho sinh viên nghỉ học để cổ vũ đội tuyển U23 Việt Nam trong trận bán kết ASIAD 2018 với Hàn Quốc.,NamSyntax/vietnamese-news-classification
namsyntax_844214,Người bị mỡ máu nên ăn gì?,,37,,Sức khỏe,"Những người bị mỡ trong máu cao cần biết kiểm soát ăn uống một cách
nghiêm khắc. Dưới đây là một số thực phẩm người bị mỡ máu nên ăn.",NamSyntax/vietnamese-news-classification
namsyntax_483302,Lại đổ xô mua vàng miếng,,55,,Kinh doanh,"Ông Lưu Quang Điền, Phó tổng giám đốc Công ty CP Vàng bạc đá
quý SJC Hà Nội, cho hay, vàng miếng cửa hiệu bán ra hôm qua tăng gấp gần 3 lần
so với nhiều ngày trầm lắng trước đó, song mức này vẫn chưa bằng trước Tết.",NamSyntax/vietnamese-news-classification
namsyntax_405001,Hà Tĩnh tính xử lý dự án nông nghiệp công nghệ cao chiếm 240 ha đất,,65,,Kinh doanh,"Dự án nông nghiệp công nghệ cao trên 240 hecta của Công ty TNHH Sản xuất và Kinh doanh XNK nông sản FAM (thuộc Tập đoàn FLC) ở Hà Tĩnh đang có nguy cơ bị “chết yểu” do sản xuất không hiệu quả, nhiều diện tích bị bỏ hoang.",NamSyntax/vietnamese-news-classification
namsyntax_408934,"Bảo hiểm xã hội, dư gần 900 nghìn tỷ đi đầu tư, thu lãi hơn 5%/năm",,45,,Kinh doanh,"Tổng số dư các quỹ Bảo hiểm xã hội (BHXH), Bảo hiểm thất nghiệp (BHTN) đến năm 2020 là 953 nghìn tỷ đồng, tăng 14,3% so với năm 2019.",NamSyntax/vietnamese-news-classification
namsyntax_1332925,Bỏ nhà chồng nhờ... đĩa thịt chuột,,38,,Đời sống,"Nhìn đĩa “đặc sản thịt chuột” còn nguyên những cái đầu với con mắt
chuột thao láo như đang nhìn mình, Thuỳ bịt miệng, chạy ra vườn nôn thốc
nôn tháo.",NamSyntax/vietnamese-news-classification
namsyntax_380730,‘Tảng đá nền’ tái định vị đường sắt cao tốc Việt Nam,,65,,Kinh doanh,"“Khu vực kinh tế tư nhân không chỉ dừng ở mong muốn tham gia, mà đã bắt đầu chuyển động thực chất, tìm kiếm đối tác, chuẩn bị nguồn lực để bước vào đảm nhận những dự án mang tầm quốc gia, như đường sắt cao tốc”, TS. Nguyễn Minh Phong nhận định.",NamSyntax/vietnamese-news-classification
namsyntax_922433,"Tuyển Việt Nam lặng lẽ về nước, quyết đòi nợ Indonesia ở Mỹ Đình",,37,,Thể thao,"Chiều 22/3, tuyển Việt Nam rời Indonesia về nước, chuẩn bị cho trận lượt về diễn ra trên sân Mỹ Đình ngày 26/3.",NamSyntax/vietnamese-news-classification
namsyntax_226472,Trung Quốc đặt niềm tin vào các ông lớn công nghệ trong cuộc đấu với Mỹ,,51,,Thế giới,"Khi cạnh tranh chiến lược với Mỹ gia tăng, Trung Quốc đặt niềm tin vào các doanh nghiệp tư nhân, đặc biệt trong lĩnh vực công nghệ, để thêm sức mạnh trong cuộc đối đầu.",NamSyntax/vietnamese-news-classification
namsyntax_1329234,Hạnh phúc trong giá rét của 1 gia đình đánh giày ở Hà Nội,,51,,Đời sống,"Trong cái lạnh “cắt da, cắt thịt” của mùa đông Hà Nội, một đôi vợ chồng nghèo cùng cậu con trai nhỏ luôn ngồi cạnh bên nhau, họ cặm cụi đánh từng chiếc giày để kiếm sống.",NamSyntax/vietnamese-news-classification
namsyntax_1302345,5 lời khuyên hữu ích cho tân sinh viên,,57,,Đời sống,Quãng thời gian sinh viên hứa hẹn sẽ mang đến cho các tân sinh viên những trải nghiệm thú vị nhưng cũng đầy rắc rối. Vài lời khuyên sau đây sẽ giúp bạn có trải nghiệm đời sống sinh viên bớt gập ghềnh và thêm phần tuyệt vời.,NamSyntax/vietnamese-news-classification
namsyntax_985625,Video: Man City 0-1 Man Utd,,37,,Thể thao,"Bàn thắng duy nhất của tiền đạo trẻ Marcus Rashford mang lại thắng lợi tối thiểu cho MU, trong trận derby thành Manchester trên sân Etihad ở vòng 31 Premier League.",NamSyntax/vietnamese-news-classification
namsyntax_705069,Barack Obama - Hãy coi chừng Internet!,,37,,Khoa học,"Qua Internet, ứng cử viên Tổng thống Mỹ Obama đã thu hút được 1,5 triệu nhà tài trợ và thành lập trang web http://www.my.barackobama.com để vận động cử tri trẻ.",NamSyntax/vietnamese-news-classification
namsyntax_289579,Mỹ lên kế hoạch thử hệ thống phòng thủ tên lửa THAAD,,39,,Thế giới,Washington đang lên kế hoạch thực hiện một vụ phóng thử hệ thống phòng thủ tên lửa tầm cao giai đoạn cuối (THAAD) vào đầu tháng này.,NamSyntax/vietnamese-news-classification
namsyntax_911882,Diễn biến nóng chuyển nhượng MU ký Baleba,,38,,Thể thao,Lãnh đạo MU tiếp tục thúc đẩy thương vụ Baleba khi họ đưa ra cơ cấu lương với cầu thủ và đề xuất tiền mặt trả trước 80 triệu bảng.,NamSyntax/vietnamese-news-classification
namsyntax_23083,Xe chở vật liệu vào công trường cao tốc Bắc Nam bị ngăn chặn,,52,,Thời sự,"Thanh Hóa - Xe chở đất đá thi công cao tốc Bắc Nam đi vào tỉnh lộ 505B bị người dân thôn Vạn Thành (xã Thăng Long, Nông Cống) chặn lại vì làm hỏng đường, gây bụi bẩn.",NamSyntax/vietnamese-news-classification
namsyntax_239192,‘Đề nghị cuối cùng’ của ông Trump nhằm chấm dứt xung đột ở Ukraine,,45,,Thế giới,"Washington đã trình bày với Kiev một thỏa thuận đề xuất, được Tổng thống Donald Trump gọi là ""đề nghị cuối cùng"", nhằm chấm dứt cuộc xung đột Nga - Ukraine.",NamSyntax/vietnamese-news-classification
namsyntax_1126795,"Chiêm nghiệm nghệ thuật đương đại dọc phố Hỏa Lò, Hà Nội",,49,,Giải trí,"Giữa trung tâm Thủ đô, con phố Hỏa Lò luôn giữ
dáng vẻ trầm lặng cùng hàng cây xanh yên bình đi cùng lịch sử Việt Nam và ký
ức của mỗi người dân đất Việt .",NamSyntax/vietnamese-news-classification
namsyntax_951884,Kết quả bóng đá hôm nay 14/10,,31,,Thể thao,"Cập nhật kết quả bóng đá hôm nay 14/10, kết quả các trận đấu trong nước và quốc tế đêm qua, rạng sáng nay.",NamSyntax/vietnamese-news-classification
namsyntax_137719,Lái xe đâm chết người 5 ngày vẫn bặt vô âm tín,,45,,Thời sự,"“Không thể tin chị ra đi nhanh thế. Mới ngồi ăn tối, nói chuyện vui
vẻ đó mà 2 tiếng sau chị không còn nữa” - anh Phạm Đại Dương chua xót kể.",NamSyntax/vietnamese-news-classification
namsyntax_722370,Thị xã Phú Mỹ cưỡng chế 113 dự án tự ý phân lô,,57,,Bất động sản,"Sáng 13/6, Cơ quan chức năng thị xã Phú Mỹ vừa tổ chức phá dỡ các con đường, cột điện được xây dựng trên một khu đất cao su rộng 4ha để phân lô trái phép tại phường Hắc Dịch, thị xã Phú Mỹ.",NamSyntax/vietnamese-news-classification
namsyntax_26659,Không khí lạnh sắp tràn xuống miền Bắc,,42,,Thời sự,"Ngày 20/10, không khí lạnh sẽ tràn đến miền Bắc, sau đó là Bắc Trung Bộ, kéo nhiệt độ thấp nhất ở Hà Nội xuống 20, giảm 4-5 độ C so với hôm nay.",NamSyntax/vietnamese-news-classification
namsyntax_969568,"Link xem trực tiếp Uruguay vs Nga, 21h ngày 25/6",,34,,Thể thao,"VietNamNet cập nhật link xem trực tiếp trận đấu giữa Uruguay vs Nga, ở bảng A World Cup 2018, vào lúc 21h ngày 25/6.",NamSyntax/vietnamese-news-classification
namsyntax_337196,Chứng khoán Nhật Bản lên cao nhất gần 30 năm,,28,,Kinh doanh,"Chỉ số Nikkei 225 của Nhật Bản hiện tăng 1,5%, lên cao nhất kể từ đầu năm 1991.",NamSyntax/vietnamese-news-classification
namsyntax_364860,Giá USD tự do tăng mạnh,,34,,Kinh doanh,"Tỷ giá chợ đen tăng mạnh hơn 100 đồng lên vùng cao nhất lịch sử gần 25.600 đồng, vênh tới 1.000 đồng mỗi USD so với ngân hàng.",NamSyntax/vietnamese-news-classification
namsyntax_47688,'Liệt sĩ' bất ngờ về sau 45 năm: Vỡ òa giây phút trùng phùng,,54,,Thời sự,"Ngày trở về sau gần nửa thế kỷ lưu lạc, ông Nguyễn Thế Long, người lính từng được xác nhận là đã hy sinh ở chiến trường, đã khiến cả làng quê ở xã Quảng Hải xúc động nghẹn ngào.",NamSyntax/vietnamese-news-classification
namsyntax_571829,NPH VNG mang game 360mobi Cờ Tỷ Phú đẳng cấp Hàn Quốc về Việt Nam,,54,,Khoa học,"Với tham vọng mang đến cho người chơi đẳng cấp Hàn Quốc thực sự, tựa game từ NPH VNG chắc chắn sẽ mang đến một làn gió mới cho thị trường game Việt đang dần bão hòa, nhàm chán.",NamSyntax/vietnamese-news-classification
namsyntax_1302811,7 cách cân bằng cuộc sống của các tỷ phú,,36,,Đời sống,"Nếu bạn nhận thấy mình đang mất cân bằng, hãy cố gắng sắp xếp lại cuộc sống cá nhân bằng cách thực hiện 7 điều sau.",NamSyntax/vietnamese-news-classification
namsyntax_1206677,Thị thực du học Mỹ năm 2024 của người Việt cao nhất 10 năm,,37,,Giáo dục,"Mỹ cấp hơn 18.600 thị thực loại F cho du học sinh Việt Nam vào năm ngoái, nhiều nhất kể từ năm 2014.",NamSyntax/vietnamese-news-classification
namsyntax_151316,Kỳ vọng của tân Bí thư Quảng Ninh,,45,,Thời sự,"Không phụ thuộc vào
lợi thế tự nhiên, tiếp tục mạnh dạn cải cách, đổi mới từ tổ chức bộ máy đến mô hình phát
triển để biến Quảng Ninh thành nơi cần đến và đáng sống.",NamSyntax/vietnamese-news-classification
namsyntax_1021961,Lee Byung Hun khoe ảnh đến Đà Nẵng,,31,,Giải trí,"Tài tử Hàn Lee Byung Hun đăng ảnh công tác kết hợp du lịch Đà Nẵng cùng Han Hyo Joo, Kim Go Eun.",NamSyntax/vietnamese-news-classification
namsyntax_342201,Vinhomes lãi ròng hơn 10.000 tỷ đồng sau quý II,,28,,Kinh doanh,"Doanh thu của Vinhomes trong quý II tăng 75% cùng kỳ, còn lợi nhuận gấp gần ba lần.",NamSyntax/vietnamese-news-classification
namsyntax_506807,Trả lương cao gấp đôi mức trung bình để săn nhân tài AI,,46,,Khoa học,Cuộc chiến giành giật nhân tài AI đang nóng lên tại Trung Quốc khi các ‘ông lớn’ công nghệ dùng mức lương hấp dẫn nhằm tuyển dụng được những chuyên gia hàng đầu.,NamSyntax/vietnamese-news-classification
namsyntax_962975,"MU tuyên bố cho Man City... ăn hành, Eriksen gật Real Madrid",,47,,Thể thao,"- Solskjaer tự tin MU sẽ cho Man City... ăn hành nhờ vũ khi đặc biệt, Real Madrid đã thuyết phục Eriksen gia nhập Bernabeu là những tin bóng đá mới nhất hôm nay, 24/4.",NamSyntax/vietnamese-news-classification
namsyntax_306597,"Mỹ: Tàu hỏa đâm vào ô tô, 6 người chết",,46,,Thế giới,"Một đoàn tàu đã đâm vào một ô tô tại đường ray phía bắc thành phố New York, Mỹ làm ít nhất 6 người chết và 12 người bị thương vào tối qua giờ địa phương.",NamSyntax/vietnamese-news-classification
namsyntax_1346742,Tràn lan dầu gội đầu cực độc,,29,,Đời sống,"Thời gian gần đây, trên thị trường tỉnh Thừa Thiên-Huế xuất hiện nhiều loại
dầu gội đầu giả của Clear, Sunsilk, Dove…",NamSyntax/vietnamese-news-classification
namsyntax_840813,Cách người Nhật bảo vệ đại tràng khi uống rượu bia,,52,,Sức khỏe,"Rượu bia là nguyên nhân gây ra nhiều căn bệnh, đặc biệt là các bệnh như về tiêu hóa, viêm đại tràng. Nếu không được điều trị, bệnh sẽ gây ra các biến chứng nguy hiểm như thủng đại tràng, trĩ…",NamSyntax/vietnamese-news-classification
namsyntax_936556,"Mbappe và Neymar tranh giành quyền lực, PSG lo ‘toang’ mùa giải",,43,,Thể thao,"Nội bộ PSG lục đục ngay đầu mùa với việc Mbappe và Neymar tranh giành quyền lực có thể khiến HLV Galtier không thể kiểm soát, kế hoạch bị đảo lộn.",NamSyntax/vietnamese-news-classification
namsyntax_720081,Phân khu thấp tầng đầu tiên tại Hồng Hạc City có sổ hồng,,50,,Bất động sản,"Hơn 1.000 căn biệt thự tại phân khu Hồng Phát dự án Hồng Hạc City đã hoàn tất thủ tục cấp Giấy chứng nhận quyền sử dụng đất, quyền sở hữu tài sản gắn liền với đất.",NamSyntax/vietnamese-news-classification
namsyntax_1259870,Teen và đường dây buôn pháo ngầm,,42,,Giáo dục,"Tuổi nhỏ làm việc nhỏ, tùy theo sức của mình” là khẩu hiệu mà cả nhóm buôn pháo của Nam  đặt ra. Tất nhiên, ý nghĩa của khẩu hiệu chỉ người trong nhóm mới hiểu.",NamSyntax/vietnamese-news-classification
namsyntax_1178585,Phá sòng bạc 'khủng' tạm giữ 3 Việt kiều cùng 18 con bạc,,49,,Pháp luật,"Khi phá sòng bạc 'khủng' nằm trong căn hộ chung cư cao cấp, Cảnh sát đã thu giữ lượng lớn tang vật và bắt giữ 21 đối tượng, trong đó có 3 đại gia Việt kiều.",NamSyntax/vietnamese-news-classification
namsyntax_647874,"Ngựa R Assyrian và Egypt, quân nào mới là số 1?",,69,,Khoa học,"(GameSao) - Trong AOE, mỗi khi nhắc nghe đến Assyrian thì không ai là không biết đến ngựa R của đội quân này ( tốc độ bắn nhanh + phu chạy nhanh ) còn ngựa R Egyp thì máu lì ( Full là 106 máu ). Vậy giữa 2 loại quân này ai sẽ là số 1 ?",NamSyntax/vietnamese-news-classification
namsyntax_1108592,Trang phục quái đản của Miley Cyrus,,21,,Giải trí,Người hâm mộ nhiều phen hốt hoảng với gu thẩm mỹ của Miley Cyrus.,NamSyntax/vietnamese-news-classification
namsyntax_1257028,Trào lưu đọc sách online hút giới trẻ,,51,,Giáo dục,"Sinh viên đi học nhưng lại rất lười đọc sách. Nghe thì có vẻ phi lí
nhưng đó lại là sự thật. Dường như việc đọc sách ngày càng trở nên là
thứ “ xa xỉ ” đối với học sinh, sinh viên.",NamSyntax/vietnamese-news-classification
namsyntax_431818,Trung Quốc bất ngờ cắt cầu: Bà con Lào Cai buồn não ruột,,55,,Kinh doanh,"Trung Quốc không thu mua, dứa chín đầy nương rẫy, giá chỉ còn 1.800-2.000 đồng/kg nên những ngày này, bà con trồng dứa Lào Cai phải tự chở dứa đi bán khắp quốc lộ để vớt vát chút vốn liếng của mình.",NamSyntax/vietnamese-news-classification
namsyntax_715420,Nhà ống 28 m2 có hệ cửa như tà áo dài,,38,,Bất động sản,"TP HCM - Mặt tiền và hệ cửa trong nhà được thiết kế với đường cong mềm mại, lấy ý tưởng từ hình ảnh tà áo dài.",NamSyntax/vietnamese-news-classification
namsyntax_266853,Đề nghị lạ thường của ông Trump với Kim Jong Un sau thượng đỉnh ở Hà Nội,,51,,Thế giới,"Năm 2019, Tổng thống Mỹ khi đó là ông Donald Trump đã đề nghị đưa nhà lãnh đạo Triều Tiên Kim Jong Un từ Hà Nội về Bình Nhưỡng bằng chiếc Không lực 1.",NamSyntax/vietnamese-news-classification
namsyntax_880794,HLV Hà Nội muốn trao huy chương V-League cho Quang Hải,,41,,Thể thao,"Sau khi cùng Hà Nội FC vô địch V-League 2022, HLV Chun Jae-ho khẳng định sẽ trao HC vàng cho tiền vệ Nguyễn Quang Hải nếu được quyền quyết định.",NamSyntax/vietnamese-news-classification
namsyntax_1226979,Cơ hội học ĐH Khoa học Ứng dụng Kajaani - Phần Lan,,62,,Giáo dục,"ĐH Khoa học Ứng dụng Kajaani (KAMK) tại Phần Lan đào tạo đa dạng các ngành học tiếng Anh bậc Cử nhân và Thạc sĩ, cung cấp nhiều kiến thức cốt lõi, trải nghiệm thực tiễn và những cơ hội kết nối nghề nghiệp của sinh viên trong tương lai.",NamSyntax/vietnamese-news-classification
namsyntax_1260983,Quà của vợ khiến chồng tử nạn,,30,,Đời sống,Mỹ - Ông Christopher (55 tuổi) bị rơi tự do khi được trải nghiệm nhảy dù trong kỷ niệm 30 năm ngày cưới.,NamSyntax/vietnamese-news-classification
namsyntax_354047,Gói vay tiêu dùng 20.000 tỷ đồng cho công nhân,,41,,Kinh doanh,"Công nhân, người lao động có thể vay tiêu dùng tại HD Saison và VPBank với gói vay 20.000 tỷ đồng kèm mức ưu đãi bằng 50% lãi suất thị trường.",NamSyntax/vietnamese-news-classification
namsyntax_1192320,10 đại học đào tạo ngành Luật tốt nhất thế giới,,41,,Giáo dục,"Top 10 đại học đào tạo ngành Luật năm 2021 do Times Higher Education xếp hạng đều thuộc Mỹ và Vương quốc Anh, trong đó Đại học Stanford dẫn đầu.",NamSyntax/vietnamese-news-classification
namsyntax_868565,Báo Indonesia bày cách giúp đội nhà hạ Việt Nam,,45,,Thể thao,"Tờ Bola chỉ ra những điểm Indonesia cần khắc phục nếu muốn đạt kết quả tốt trước Việt Nam, ở bảng G vòng loại thứ hai World Cup 2022 khu vực châu Á tối 7/6.",NamSyntax/vietnamese-news-classification
namsyntax_110345,Đường sắt đô thị Nhổn - Ga Hà Nội bắt đầu lắp đặt hệ thống đường ray,,78,,Thời sự,"Sáng 31/1, Ban Quản lý Đường sắt Đô thị Hà Nội đã triển khai hạng mục lắp đặt hệ thống ray cho tuyến đường sắt đô thị Nhổn - Ga Hà Nội
Toàn bộ hệ thống đường sắt bao gồm ray chạy tàu và ray cấp điện đạt chuẩn châu Âu. Tổng giá trị của gói thầu là 929 tỷ đồng",NamSyntax/vietnamese-news-classification
namsyntax_509239,"Hậu Giang: hơn 13.000 cán bộ, công chức, viên chức tập huấn chuyển đổi số",,51,,Khoa học,"Tỉnh Hậu Giang đang triển khai tập huấn chuyển đổi số trực tuyến trên nền tảng MOOCs cho tất cả cán bộ, công chức, viên chức trên địa bàn tỉnh với số lượng 13.923 học viên.",NamSyntax/vietnamese-news-classification
namsyntax_1141515,"Giả danh giám đốc công ty xổ sổ, lừa hàng chục tỉ đồng từ Nam ra Bắc",,51,,Pháp luật,"Với thủ đoạn cực kỳ tinh vi, một băng nhóm giả danh Giám đốc công ty xổ số kiến thiết để chiếm đoạt hàng chục tỉ đồng của nhiều người từ Nam ra Bắc.",NamSyntax/vietnamese-news-classification
namsyntax_1337245,3 món Thái đang nổi như cồn ở Hà Nội,,28,,Đời sống,"Ẩm thực Thái Lan đang ""gây bão"" khá mạnh với giới trẻ Hà thành trong thời gian qua.",NamSyntax/vietnamese-news-classification
namsyntax_632171,Tổng hợp những bộ cosplay ấn tượng nhất trong tuần này,,62,,Khoa học,"(GameSao) - Với những gương mặt khả ái và thân hình hoàn hảo, các nữ coser xinh đẹp đã hóa thân cực kỳ thành công vào các nhân vật trong các tựa game, anime nổi tiếng như: Love Live, League Of Legends... và thu hút mọi ánh nhìn từ người xem.",NamSyntax/vietnamese-news-classification
namsyntax_1253251,"Điểm chuẩn ĐH Sư phạm Hà Nội 2, Công nghiệp Hà Nội",,61,,Giáo dục,"Trường ĐH Sư phạm Hà Nội 2 và Trường ĐH Công nghiệp Hà Nội vừa công bố điểm trúng tuyển vào trường năm 2013. Mức điểm chuẩn của hai trường so với năm trước đều có sự tăng đáng kể, đặc biệt là ĐH Sư phạm Hà Nội 2.",NamSyntax/vietnamese-news-classification
namsyntax_1075477,Hotgirl sư phạm đóng phim không sợ bị lu mờ trước Bảo Hân,,41,,Giải trí,"Nguyễn Hoàng Ngọc Huyền, cựu hotgirl ĐH sư phạm là người mẫu ảnh nổi tiếng trên mạng và đang được chú ý trong phim 'Những ngày không quên'.",NamSyntax/vietnamese-news-classification
namsyntax_1072802,"'Tiệc trăng máu' kéo 1,4 triệu khán giả ra rạp, thu 100 tỷ",,35,,Giải trí,"Sau 2 tuần ra mắt, 'Tiệc trăng máu' chính thức gia nhập top phim đạt 100 tỷ đồng doanh thu phòng vé.",NamSyntax/vietnamese-news-classification
namsyntax_457210,Chiêm ngưỡng cây vú sữa hình tứ linh 'độc nhất vô nhị' ở miền Tây,,47,,Kinh doanh,"Với dáng vẻ độc đáo, nhiều năm qua cây vú sữa hình tứ linh kì lạ đã thu
hút hàng ngàn lượt người ở khắp nơi tìm tới tham quan, chiêm ngưỡng.",NamSyntax/vietnamese-news-classification
namsyntax_1114610,"Quá sexy và dung tục, Miley Cyrus bị cấm biểu diễn",,61,,Giải trí,"Hình ảnh những tour diễn Bangerz gần đây của ""công chúa Disney"" Miley Cyrus đã làm cho các nhà quản lý của nước Cộng hoà Dominica cảm thấy ""không an tâm"" nên đã quyết định không cho cô biểu diễn tại nước này như dự tính vào ngày 3.9 tới.",NamSyntax/vietnamese-news-classification
namsyntax_233991,Mỹ rà soát toàn bộ người Afghanistan nhập cảnh dưới thời ông Biden,,47,,Thế giới,"Tổng thống Trump yêu cầu rà soát lại tất cả người Afghanistan nhập cảnh dưới thời ông Biden, sau vụ hai lính Vệ binh Quốc gia bị người nhập cư từ nước này bắn.",NamSyntax/vietnamese-news-classification
namsyntax_995637,"Messi lập cú đúp, Barca thắng ngược Almeria",,52,,Thể thao,"Dù để
thủng lưới
trước nhưng với sự tỏa sáng của Messi, các cầu thủ Barca đã dễ dàng lội
ngược
dòng và thắng ngược đàn em Almeria với tỷ số 3-1 qua đó tiếp tục bỏ xa
Real trên
BXH sau vòng 31.",NamSyntax/vietnamese-news-classification
namsyntax_884261,Ancelotti ví Barca với sư tử,,37,,Thể thao,Tây Ban Nha - HLV Carlo Ancelotti muốn Real xem Barca như những con sư tử và tổng lực tấn công để thắng trận El Clasico ở vòng 26 La Liga.,NamSyntax/vietnamese-news-classification
namsyntax_1303216,"Gia đình trẻ, chu toàn sức khoẻ lẫn kinh tế bằng cách nào?",,63,,Đời sống,"Bên cạnh việc lo toan cho cuộc sống thường nhật, nhiều người vẫn cần đến một khoản chi phí nhất định để dự phòng cho các rủi ro sức khỏe. Điều này có thể trở thành một bài toán khó với các gia đình trẻ thành thị có con nhỏ.",NamSyntax/vietnamese-news-classification
namsyntax_1225558,Trí tuệ nhân tạo giúp phục hồi thiệt hại sau thảm họa,,33,,Giáo dục,Trí tuệ nhân tạo (AI) mang đến nhiều giải pháp trong việc hỗ trợ phục hồi thiệt hại sau thảm họa.,NamSyntax/vietnamese-news-classification
namsyntax_297527,Những sự cố khiến Tổng thống Mỹ 'dở khóc dở cười',,47,,Thế giới,"Mỗi khi các nguyên thủ công du thì an ninh xung quanh họ, từ di chuyển,
làm việc đến ăn nghỉ, đều được thắt chặt nghiêm ngặt để đảm bảo mọi thứ
diễn ra suôn sẻ.",NamSyntax/vietnamese-news-classification
namsyntax_652539,HTC sắp bị TCL thâu tóm?,,36,,Khoa học,"– Theo thông tin đăng tải trên trang Weibo của Trung Quốc, chủ tịch Li Dongsheng của hãng điện tử TCL đã hé lộ khả năng sẽ mua lại HTC.",NamSyntax/vietnamese-news-classification
namsyntax_1084637,Bảo Thanh mượn giọng fan cứng đáp trả fan cuồng 'Về nhà đi con',,42,,Giải trí,"Trước những 'đòi hỏi' quá đáng của nhiều khán giả về phim ""Về nhà đi con"", Bảo Thanh (Anh Thư) mượn lời fan cứng đáp trả cực gắt.",NamSyntax/vietnamese-news-classification
namsyntax_426774,"Vì sao đang ở tù, đại gia vẫn kiếm được hàng trăm tỉ đồng?",,39,,Kinh doanh,Nhiều đại gia bị tước quyền tự do đi lại và một số quyền khác nhưng quyền tài sản hợp pháp vẫn được thụ hưởng.,NamSyntax/vietnamese-news-classification
namsyntax_422523,Những ‘đốm sáng kinh doanh’ trong mùa dịch,,49,,Kinh doanh,"Trong khi hầu hết các ngành nghề khác đều điêu đứng vì dịch bệnh Covid-19 thì có không ít ngành lại tăng trưởng đều và giúp doanh nghiệp vượt bão âm thầm “soán ngôi”, tạo việc làm cho người lao động.",NamSyntax/vietnamese-news-classification
namsyntax_776589,Thói quen gây bệnh tiêu hóa ở dân văn phòng,,39,,Sức khỏe,"Vừa ăn vừa làm việc, nằm ngay sau ăn no, thường xuyên uống cafe và trà... là những thói quen dễ gây bệnh tiêu hóa ở dân văn phòng.",NamSyntax/vietnamese-news-classification
namsyntax_1157065,Lái ôtô cẩu đi trộm vật liệu thi công đường dây 500 kV,,47,,Pháp luật,Hà Tĩnh - Mai Xuân Việt cùng bốn người nhiều lần dùng xe cẩu và ôtô tải trộm dây diện dùng để thi công đường dây 500 kV đoạn qua thị xã Kỳ Anh.,NamSyntax/vietnamese-news-classification
namsyntax_1281086,7 năm ở ẩn để chế tạo 300 xe độc lạ,,45,,Đời sống,"Trung Quốc - Sau 7 năm sống trên núi cao, Gu Yupeng, 42 tuổi, chế tạo 300 mẫu xe độc đáo từ phế liệu, bao gồm xe leo dốc, ""bàn làm việc di động”.",NamSyntax/vietnamese-news-classification
namsyntax_477803,Giá xe tay ga Honda SH nhập vẫn 'loạn',,41,,Kinh doanh,"Các doanh nghiệp nhập khẩu xe tay ga Honda SH vừa có văn bản gửi lãnh
đạo Tổng cục Hải quan cho rằng việc bị áp thuế cao là bất hợp lý.",NamSyntax/vietnamese-news-classification
namsyntax_274472,Nữ dâm quan trói đời tài xế riêng trẻ khỏe phục vụ giường chiếu 6 năm,,52,,Thế giới,“Dĩ sắc mưu quyền“ là câu nói đầu tiên khi người ta nhắc đến tên nữ quan tham dâm đãng bậc nhất chính trường Trung Quốc- cựu Thị trưởng thành phố Táo Dương- Doãn Đông Quế.,NamSyntax/vietnamese-news-classification
namsyntax_637346,"Công Thành Chiến – Khai mở Thiên phú, Võ tướng đổi ngôi",,68,,Khoa học,"(GameSao) - Tung hoành sa trường, chiếm thành đoạt đất, dàn võ tướng hùng mạnh chính là linh hồn của mọi tựa game chiến thuật. Khai mở hệ thống Thiên phú nâng cao sức mạnh võ tướng, Công Thành Chiến hứa hẹn sẽ mang đến những màn tranh hùng ngày càng máu lửa và khốc liệt.",NamSyntax/vietnamese-news-classification
namsyntax_713449,8 nguyên tắc thiết kế phòng tắm,,37,,Bất động sản,Việc tuân thủ một số nguyên tắc cơ bản sẽ giúp phòng tắm đáp ứng đủ nhu cầu người sử dụng và tăng giá trị tổng thể cho căn nhà.,NamSyntax/vietnamese-news-classification
namsyntax_227158,Bộ trưởng Tư pháp Mỹ đề nghị tử hình sát thủ Luigi Mangione,,45,,Thế giới,"Bộ trưởng Tư pháp Mỹ Pam Bondi chỉ đạo công tố viên đề nghị án tử hình với Luigi Mangione, thanh niên bị cáo buộc ám sát CEO UnitedHealthcare giữa New York.",NamSyntax/vietnamese-news-classification
namsyntax_1150242,'Nổ' làm được giấy tờ nhà đất để lừa đảo gần 2 tỷ đồng,,45,,Pháp luật,"Ông Trần Bá Trung (SN 1985, trú tổ 12, khu 4, phường Giếng Đáy, TP Hạ Long, tỉnh Quảng Ninh) bị bắt vì hành vi lừa đảo chiếm đoạt tài sản.",NamSyntax/vietnamese-news-classification
namsyntax_1174064,Đại gia Đinh Trường Chinh lĩnh 13 năm tù vì thâu tóm đất 'vàng' ở Sài Gòn,,55,,Pháp luật,"TP HCM - Tòa xác định ông Đinh Trường Chinh có vai trò chính trong sai phạm thâu tóm 4 khu đất ở phường Sài Gòn, tuyên phạt 13 năm tù và buộc nộp lại 970 tỷ đồng.",NamSyntax/vietnamese-news-classification
namsyntax_1164034,Hai lần đổi chỗ phi tang thi thể,,42,,Pháp luật,"Đà Nẵng - Nguyễn Bá Tuấn và Nguyễn Văn Hiệp cùng bị phạt tù chung thân do đánh chết ông Nguyễn Văn Hùng, liên tục đổi chỗ phi tang thi thể trong bốn ngày.",NamSyntax/vietnamese-news-classification
namsyntax_254697,Video bé 2 tháng và 5 tháng tuổi còn sống sau 5 ngày xảy ra động đất ở Thổ Nhĩ Kỳ,,51,,Thế giới,Lực lượng cứu hộ đã tìm thấy bé 2 tháng và 5 tháng tuổi còn sống sau 128 giờ và 135 giờ xảy ra động đất ở Thổ Nhĩ Kỳ.,NamSyntax/vietnamese-news-classification
namsyntax_673138,Vé sang Anh xem trận Derby Manchester sắp có chủ,,48,,Khoa học,"Chiều mai (9/11), tại Hà Nội, Trung tâm VTC Game thuộc Công ty VTC Intecom sẽ tổ chức bốc thăm trúng thưởng sự kiện ""Nhịp đập Manchester City"" để xác định người chơi game FIFA Online 2 giành",NamSyntax/vietnamese-news-classification
namsyntax_1183309,Bộ Công an thông tin kết quả điều tra vụ án Châu Thị Thu Nga,,49,,Pháp luật,"Cơ quan Cảnh sát điều tra Bộ Công an (C46) vừa cung cấp thông tin kết
quả điều tra vụ án Châu Thị Thu Nga và đồng phạm lừa đảo chiếm đoạt tài
sản.",NamSyntax/vietnamese-news-classification
namsyntax_311571,Nữ Thủ tướng Thái Lan bật khóc,,45,,Thế giới,"Phát biểu tại một cuộc họp nội các diễn ra hôm nay (10/12), Thủ tướng Thái
Lan Yingluck Shinawatra đã bật khóc và khẳng định rằng bà sẽ không từ chức cho
tới khi có nội các mới.",NamSyntax/vietnamese-news-classification
namsyntax_522538,Ngư dân nhặt được khối long diên hương trị giá 130.000 USD,,40,,Khoa học,"Thái Lan - Một ngư dân tình cờ phát hiện khối long diên hương khổng lồ nặng 3,4 kg trôi dạt vào một bãi biển ở tỉnh Trat.",NamSyntax/vietnamese-news-classification
namsyntax_552886,"Dù có giá 2000 USD, Galaxy Fold cũng đã bán được 1 triệu chiếc",,40,,Khoa học,"ictnews Thậm chí, các thông tin truyền thông cho biết Samsung đang tăng cường kế hoạch bán 6 triệu thiết bị Galaxy Fold vào năm 2020.",NamSyntax/vietnamese-news-classification
namsyntax_246428,Nga và Trung Quốc định đặt nhà máy điện hạt nhân trên Mặt trăng,,55,,Thế giới,"Người đứng đầu cơ quan vũ trụ Nga Roscosmos, ông Yury Borisov cho biết nước này và Trung Quốc đang xem xét đưa một nhà máy điện hạt nhân lên mặt trăng trong khoảng thời gian từ năm 2033 tới 2035.",NamSyntax/vietnamese-news-classification
namsyntax_1106610,"Đang điều trị ung thư, Trần Lập vẫn ham vui",,35,,Giải trí,Trần Lập đã ngỏ lời xin bác sĩ để góp mặt trong đêm trao giải Men of the Year 2015 nhưng không được đồng ý.,NamSyntax/vietnamese-news-classification
namsyntax_784022,Bí quyết giúp trái tim khỏe khi bạn còn trẻ,,35,,Sức khỏe,"Người trẻ chăm tập thể dục, ăn uống lành mạnh, không hút thuốc, giảm căng thẳng có thể phòng ngừa nguy cơ mắc bệnh tim.",NamSyntax/vietnamese-news-classification
namsyntax_712340,Trái phiếu doanh nghiệp bất động sản tăng nhiệt,,36,,Bất động sản,"Tháng 1/2020, các doanh nghiệp địa ốc đã phát hành 7.364 tỷ đồng trái phiếu, chiếm đến 55% tổng giá trị trái phiếu đưa ra thị trường.",NamSyntax/vietnamese-news-classification
namsyntax_1181350,Kết đắng của nguyên Phó vụ trưởng lừa hơn 50 tỷ,,45,,Pháp luật,"Từng giữ cương vị Phó vụ trưởng Vụ Tổ chức cán bộ - Ban Dân vận TƯ, ông
Trần Ngọc Hưng đã cùng vợ lừa đảo chiếm đoạt số tiền hơn 50 tỷ đồng.",NamSyntax/vietnamese-news-classification
namsyntax_743464,Giao nhà giao cả môi trường sống,,53,,Bất động sản,"Qua rồi thời kỳ sau nhận nhà tại dự án, khách hàng muốn mua đồ phải đi
năm, bảy km. Các chủ đầu tư dự án hiện nay khi bàn giao nhà là bàn giao
cả không gian, môi trường sống tiện ích cho cư dân.",NamSyntax/vietnamese-news-classification
namsyntax_1300014,Nữ doanh nhân Hà Nội lái ô tô địa hình ship hàng cứu trợ mùa dịch,,61,,Đời sống,"Mỗi ngày, hàng chục thành viên CLB xe Bán tải địa hình Việt Nam tham gia vào các hoạt động vận chuyển tình nguyện, hỗ trợ người dân Hà Nội và lực lượng chức năng làm nhiệm vụ trong thời điểm giãn cách xã hội.",NamSyntax/vietnamese-news-classification
namsyntax_1146738,Phá đường dây cá độ bóng đá 57 tỷ đồng ở Đồng Nai,,38,,Pháp luật,Công an Đồng Nai xác định đường dây đánh bạc do Lê Việt Khanh cầm đầu đã giao dịch số tiền khoảng 57 tỷ đồng.,NamSyntax/vietnamese-news-classification
namsyntax_1306730,"Sau ngày 15/6, 3 con giáp này vận may rơi vào đầu, sự nghiệp thăng tiến, tiền tài vào cửa",,41,,Đời sống,"Khoảng thời gian này tuổi Dần, Hợi, Sửu phúc khí nhiều, tiền bạc kéo tới không ngừng, sự nghiệp thăng tiến.",NamSyntax/vietnamese-news-classification
namsyntax_172350,Làm rõ giám sát và phản biện của MTTQ,,40,,Thời sự,"Hầu hết các thành viên UBTVQH còn băn khoăn về các quy định luật hóa hoạt động giám sát,
phản biện trong dự thảo luật Mặt trận Tổ quốc sửa đổi.",NamSyntax/vietnamese-news-classification
namsyntax_187765,Trung Quốc và 'giới hạn đạo đức tối thiểu',,43,,Thời sự,"Khi bị
dân làng tố cáo tham nhũng, một bí thư chi bộ làng ở tỉnh Thiểm Tây không
ngần ngại bật lại: Làm công chức làm quái gì nếu không nhận hối lộ?",NamSyntax/vietnamese-news-classification
namsyntax_138896,Hoài Linh được chuyển đổi 500m2 đất xây nhà thờ tổ,,43,,Thời sự,"Sau khi làm thủ tục chuyển đổi đất nông nghiệp sang đất ở theo quy định, Hoài Linh đã được cơ quan chức năng quận 9 cấp phép hơn 500m2 đất ở.",NamSyntax/vietnamese-news-classification
namsyntax_1148449,"Khởi tố 12 đối tượng, triệt phá đường dây ma túy liên tỉnh",,36,,Pháp luật,"Cơ quan điều tra Công an tỉnh Phú Thọ vừa khởi tố 12 đối tượng ở nhiều tỉnh, thành phố trong cả nước.",NamSyntax/vietnamese-news-classification
namsyntax_1140240,"Triệt phá 2 nhóm cho vay lãi đến 400%, thu tiền ‘con nợ’ bằng chất bẩn",,53,,Pháp luật,"Hai nhóm cho vay với lãi suất từ 280 đến 400%/năm, những trường hợp chậm trả tiền sẽ bị gọi điện hăm dọa, tạt sơn, ném chất bẩn, bơm keo 502 vào ổ khóa để uy hiếp.",NamSyntax/vietnamese-news-classification
namsyntax_426013,"Lãi suất giảm, chờ vốn giá rẻ đổ dồn cuối năm",,52,,Kinh doanh,"Lãi suất huy động và cho vay đồng loạt giảm tại nhiều ngân hàng, đó là tin vui với những DN đang cần vay vốn. Tuy nhiên, việc vay nguồn vốn với chi phí rẻ có thể sẽ chặt chẽ hơn.",NamSyntax/vietnamese-news-classification
namsyntax_1294355,"'Đừng chờ hết 'năm Covid-19', hãy sống như cha mẹ chúng ta đã từng!'",,56,,Đời sống,"Hãy nghĩ là chúng ta vẫn đang thời chiến với Covid-19 và cuộc chiến này có thể sẽ còn kéo dài rất lâu. Chúng ta nhất định phải sống cho ra sống, chứ đừng đợi ""chờ hết năm Covid-19"" mới sống tiếp.",NamSyntax/vietnamese-news-classification
namsyntax_1182360,Đối tượng chích điện hành hạ dã man bé trai Campuchia bị xét xử thế nào?,,46,,Pháp luật,Nguyễn Thành Dũng - kẻ hành hạ dã man cháu bé người Campuchia - sẽ bị xử lý thế nào?. Đây là một câu hỏi lớn đối với dư luận.,NamSyntax/vietnamese-news-classification
namsyntax_189801,Sắp xét xử vụ 'xe khách bị lũ cuốn',,57,,Thời sự,"Viện trưởng VKSND huyện Nghi Xuân (Hà Tĩnh) cho biết đã tiếp nhận hồ sơ vụ án xe khách bị lũ cuốn từ cơ quan điều tra để tiếp tục hoàn tất các điều quy trình tố tụng, chuyển sang tòa án, đưa vụ án ra xét xử.",NamSyntax/vietnamese-news-classification
namsyntax_743102,"Vân Đồn - hạ tầng bứt tốc, BĐS đón làn sóng đầu tư lớn",,63,,Bất động sản,"Khánh thành 3 dự án giao thông trọng điểm, khởi công tuyến cao tốc Vân Đồn- Móng Cái, mở lệnh giao dịch BĐS Vân Đồn, phê duyệt điều chỉnh Quy hoạch chung xây dựng Khu Kinh tế Vân Đồn… là những “bệ phóng” khiến Vân Đồn hút đầu tư.",NamSyntax/vietnamese-news-classification
namsyntax_1094140,Xúc động vì những giai điệu Tổ quốc,,36,,Giải trí,"Những giai điệu về Tổ quốc, về mẹ được ngân vang trong khán phòng Nhà hát lớn dịp năm mới khiến nhiều khán giả không khỏi nức nở.",NamSyntax/vietnamese-news-classification
namsyntax_1107101,Ơn giời cậu đây rồi tập 4: Kim Tuyến bối rối khi bị Trường Giang liên tục 'sàm sỡ',,61,,Giải trí,"Lấy cảm hứng từ chủ đề hậu cung, Trường Giang hóa thân thành người có quyền lực tối cao thời cổ đại, Hoàng thượng đương triều. Trong khi đó, khách mời xinh đẹp Kim Tuyến lại vào vai Hoàng hậu nương nương.",NamSyntax/vietnamese-news-classification
namsyntax_101118,Bàn giao thi thể ông Lê Đình Kình cho người thân,,30,,Thời sự,UBND xã Đồng Tâm vừa bàn giao thi thể ông Lê Đình Kình cho người nhà để mai táng.,NamSyntax/vietnamese-news-classification
namsyntax_1102716,Bán nhà để mở bảo tàng toàn hàng 'khủng',,48,,Giải trí,"Là người mê sưu tầm vũ khí, trang phục quân đội của các quốc gia trên thế giới, ông Robert Taylor đã bán toàn bộ nhà cửa, tài sản ở Anh để tới TP Vũng Tàu lập bảo tàng.",NamSyntax/vietnamese-news-classification
namsyntax_911254,Thanh Hóa đấu HAGL: 'Làm nóng' Cúp Quốc gia,,39,,Thể thao,Trận Thanh Hóa vs HAGL diễn ra vào lúc 18h ngày 13/9 là một trong những cặp đấu rất được chờ đợi tại vòng sơ loại Cúp Quốc gia 2025/26.,NamSyntax/vietnamese-news-classification
namsyntax_1272290,Cô vợ bị nhầm là con gái của chồng,,34,,Đời sống,"Anh - Hannah Van Noort, 28 tuổi, và người chồng Shaun Murray 61 tuổi vừa có một đám cưới ""đẹp như mơ"" vào tháng 6.",NamSyntax/vietnamese-news-classification
namsyntax_743282,Apec Mandala Phú Yên hấp dẫn nhà đầu tư nhờ lợi thế BĐS ‘chia sẻ’,,66,,Bất động sản,"Là tổ hợp căn hộ khách sạn 5 sao tiên phong ở Phú Yên, dự án Apec Mandala Phú Yên gây ấn tượng không chỉ ở mức giá hấp dẫn mà còn ở khả năng mang lại lợi nhuận “kép” từ chính sách chia sẻ lợi nhuận của chủ đầu tư.",NamSyntax/vietnamese-news-classification
namsyntax_1206640,Đại học Ivy League bị đóng băng hơn 1 tỷ USD tài trợ,,45,,Giáo dục,"Đại học Cornell bị chính quyền Tổng thống Trump đóng băng hơn 1 tỷ USD tài trợ nghiên cứu, trong bối cảnh các cuộc điều tra về tư tưởng bài Do Thái.",NamSyntax/vietnamese-news-classification
namsyntax_789323,Ngồi yên xe nóng lâu có ảnh hưởng đến sinh lý nam?,,47,,Sức khỏe,"Tôi làm xe ôm công nghệ, chạy ngoài trời nắng nhiều nên yên xe rất nóng, xin hỏi ngồi lâu có ảnh hưởng đến chất lượng tinh trùng không? (Đình Tú, 29 tuổi, TP HCM)",NamSyntax/vietnamese-news-classification
namsyntax_1140244,Vụ Hà Văn Thắm giai đoạn 2: Đường đưa tiền tỷ vào phòng sếp,,47,,Pháp luật,"VKSND Tối cao vừa hoàn tất cáo trạng vụ án lạm dụng chức vụ, quyền hạn chiếm đoạt tài sản xảy ra tại Tổng Công ty Thăm dò Khai thác dầu khí (PVEP).",NamSyntax/vietnamese-news-classification
namsyntax_1173206,'Bà già gangster' chỉ đạo gia đình buôn một tấn ma túy trong 7 tháng,,50,,Pháp luật,"Anh - Deborah Mason, 65 tuổi, cùng chị ruột và 4 con gái, điều hành đường dây ma túy hơn một tấn trị giá hơn 80 triệu bảng (2.800 tỷ đồng) chỉ trong 7 tháng.",NamSyntax/vietnamese-news-classification
namsyntax_967189,"Bùi Tiến Dũng mơ ngủ, Thanh Hóa",,45,,Thể thao,"Hai tình huống mắc sai lầm nghiêm trọng của thủ môn Bùi Tiến Dũng khiến FLC Thanh Hoá nhận thất bại 1-3 trước B.Bình Dương, trong trận chung kết cúp quốc gia - cúp Sư tử trắng 2018.",NamSyntax/vietnamese-news-classification
namsyntax_922394,Việt Nam vô địch billiard carom 3 băng đồng đội thế giới,,51,,Thể thao,"Trần Quyết Chiến và Bao Phương Vinh làm nên lịch sử cho billiards Việt Nam khi đánh bại Tây Ban Nha ở trận chung kết carom 3 băng đồng đội thế giới 2024, lần đầu lên ngôi vô địch.",NamSyntax/vietnamese-news-classification
namsyntax_799530,Khi nào người bệnh viêm phế quản nên dùng kháng sinh?,,41,,Sức khỏe,"Người bị viêm phế quản cấp tính thường tự khỏi bệnh sau vài tuần, chỉ nên sử dụng kháng sinh do bác sĩ kê khi nguyên nhân là vi khuẩn.",NamSyntax/vietnamese-news-classification
namsyntax_665460,Anh dạy lập trình cho học sinh tiểu học,,28,,Khoa học,"Từ tháng 9/2014, trẻ em Anh từ 5 đến 16 tuổi bắt buộc phải học kỹ năng lập trình.",NamSyntax/vietnamese-news-classification
namsyntax_786367,Bác sĩ Chợ Rẫy pha chế thành công thuốc phóng xạ,,55,,Sức khỏe,"TP HCM - Các bác sĩ khoa Y học hạt nhân, Bệnh viện Chợ Rẫy lần đầu pha chế thành công 2 loại thuốc phóng xạ mới để chụp PET/CT cho bệnh nhân ung thư tuyến tiền liệt và u thần kinh nội tiết.",NamSyntax/vietnamese-news-classification
namsyntax_691917,Việt Nam sắp có thêm “Paypal” mới,,41,,Khoa học,"– Người dùng Internet Việt Nam sắp có thêm một lựa chọn thanh toán trực tuyến mới là Bảo Kim bên cạnh các công cụ hiện có như Ngân Lượng, OnePay, Mobivi hay Paynet.",NamSyntax/vietnamese-news-classification
namsyntax_892212,Asics ra giày chạy siêu nhẹ cho Thế vận hội Olympics,,43,,Thể thao,Nhật Bản - Asics ra bộ đôi Metaspeed Sky Paris và Metaspeed Edge Paris với trọng lượng 183 và 185 gram - siêu nhẹ trong phân khúc giày chạy đua cao cấp.,NamSyntax/vietnamese-news-classification
namsyntax_1246125,Cách người Nhật dạy trẻ con qua một bài thi nhảy cao,,32,,Giáo dục,Điều đặc biệt là cách hành xử của trẻ con Nhật Bản sau khi nhìn thấy bạn mình thất bại.,NamSyntax/vietnamese-news-classification
namsyntax_1209906,Những người thầy dưới chân núi Mẫu Sơn,,47,,Giáo dục,"Chạy xe ôm gần 20 năm, đã đi mòn con đường này, thỉnh thoảng lại gật đầu chào vài người quen trên đường, nhưng ông thú thực: “Từ bản Gianh vào trong trường đấy, tôi chưa đi bao giờ”.",NamSyntax/vietnamese-news-classification
namsyntax_1260119,Bi hài chuyện,,29,,Giáo dục,"Từ một quan niệm văn hóa, “trai làng giữ gái làng” ngày nay đã có nhiều biến tướng, cần phải được nhìn nhận, đánh giá lại.",NamSyntax/vietnamese-news-classification
namsyntax_733587,Top 10 ngôi nhà hot nhất năm 2017 cực kỳ ấn tượng,,40,,Bất động sản,"Từ ngôi nhà ở bình thường, đến ký túc xá của trường đại học, tất cả đều có thiết kế ấn tượng và mang tính ứng dụng cao.",NamSyntax/vietnamese-news-classification
namsyntax_1185568,Bắt 24 nghìn viên ma túy tổng hợp tại Lóng Sập,,83,,Pháp luật,"24.000 viên ma túy tổng hợp là tang vật mà lực lượng phòng chống tội phạm ma túy Bộ đội Biên phòng tỉnh Sơn La, Đội Biên phòng 14 - Bộ tư lệnh Bộ đội Biên phòng, Công an huyện Mộc Châu và Chi cục Hải quan cửa khẩu Lóng Sập phối hợp bắt giữ của 2 đối tượng đang vận chuyển trên đường đi tiêu thụ vào lúc 12h30 ngày 5/6.",NamSyntax/vietnamese-news-classification
namsyntax_1255176,Phụ huynh tố trường thu 20 khoản vô lý,,50,,Giáo dục,"Với hơn 20 khoản thu vô lí, phụ huynh có con đang học lớp mẫu giáo lớn ở Trường MN Cát Bi (Hải Phòng)  đã thắc mắc nhưng không được giải thích thỏa đáng. Nhiều người tính chuyển trường cho con....",NamSyntax/vietnamese-news-classification
namsyntax_1253147,Để học sinh không bị bỏ rơi trong giờ học,,55,,Giáo dục,"Nếu dự giờ là lúc giáo viên cố gắng tạo ra một tiết học tròn trĩnh để tránh bị bắt
lỗi thì việc sinh hoạt chuyên môn theo cách nghiên cứu bài học lại là cơ hội để đồng
nghiệp được học hỏi lẫn nhau.",NamSyntax/vietnamese-news-classification
namsyntax_440540,"Bán tháo thu tiền, chứng khoán đỏ sàn, mất điểm kỷ lục",,49,,Kinh doanh,"Chỉ trong vòng vài chục phút đầu ngay sau khi mở cửa, hầu hết các cổ phiếu trụ cột đồng loạt tụt giảm khiến VN-Index rớt 50 điểm, là phiên giảm mạnh thứ 3 trong lịch sử.",NamSyntax/vietnamese-news-classification
namsyntax_1151592,Truy nã nghi phạm dùng dao chém người trọng thương,,41,,Pháp luật,"Nguyễn Văn Tư cùng một số đối tượng khác đã có hành vi gây rối, đuổi đánh và dùng dao chém anh L. gây thương tích rồi sau đó bỏ trốn.",NamSyntax/vietnamese-news-classification
namsyntax_1148993,"Hai nhóm thanh niên hỗn chiến náo loạn ở Đà Nẵng, 3 người đi cấp cứu",,45,,Pháp luật,"Mâu thuẫn trên mạng xã hội, hai nhóm gồm 17 thanh thiếu niên ở Đà Nẵng chuẩn bị hung khí, hỗn chiến khiến 3 người nhập viện cấp cứu.",NamSyntax/vietnamese-news-classification
namsyntax_722007,CapitaLand trao quà và học bổng cho hơn 1.400 học sinh,,53,,Bất động sản,"Ngày 1/10/2020, thông qua Quỹ thiện nguyện CapitaLand Hope Foundation (CHF), CapitaLand cùng nhánh kinh doanh lưu trú The Ascott Limited (Ascott) đã trao quà và học bổng cho hơn 1.400 học sinh tại 4 trường CapitaLand Hope nhân dịp Trung thu.",NamSyntax/vietnamese-news-classification
namsyntax_1333624,Tất tật sai lầm trong,,24,,Đời sống,"Sẽ thật tai hại nếu bạn cứ áp đặt những suy nghĩ sai lầm trong ""chuyện ấy"" dưới đây.",NamSyntax/vietnamese-news-classification
namsyntax_967719,Vòng 8 giải nữ VĐQG – Cúp Thái Sơn Bắc 2018: Kịch tính,,55,,Thể thao,"Giành 3 điểm đáng giá trước TNG Thái Nguyên, Than khoáng sản Việt Nam đua quyết liệt Hà Nội khi có cùng 17 điểm, sau vòng 8 lượt về giải bóng đá nữ Vô địch quốc gia – Cúp Thái Sơn  2018.",NamSyntax/vietnamese-news-classification
namsyntax_1151943,'Ngáo đá' đánh mẹ gãy xương 2 tay và lòng bao dung của đấng sinh thành,,56,,Pháp luật,"Bị con trai đánh, người mẹ khốn khổ giơ tay nên đỡ và bị Tùng vụt trúng tay, gãy xương 2 tay. Bà H. kêu lên: “Tha cho mẹ, con đừng đánh mẹ, ôi giời ơi gãy tay mẹ rồi.”",NamSyntax/vietnamese-news-classification
namsyntax_1316208,Nỗi ám ảnh khi con gái 5 tuổi kể mẹ đưa nhân tình về nhà sống,,52,,Đời sống,Điều khiến tôi ám ảnh nhất là con gái kể gần đây mẹ thường đưa người tình về chung sống như vợ chồng. Anh ta còn có những hành động không trong sáng với con bé.,NamSyntax/vietnamese-news-classification
namsyntax_533063,Gosu tri ân game thủ nhân dịp ra mắt Cửu Dương Truyền Kỳ 2,,44,,Khoa học,"TP HCM - Chuỗi sự kiện “Big offline Cửu Dương Tương Phùng” mang đến nhiều hoạt động giao lưu và quà tặng giá trị cho các game thủ, ngày 3/6.",NamSyntax/vietnamese-news-classification
namsyntax_804960,Mẹ bầu ăn hải sản thế nào tốt cho thai nhi?,,42,,Sức khỏe,"Tôi mang thai hai tháng, thích ăn hải sản nhưng lo ảnh hưởng đến thai nhi. Nên ăn như thế nào để có lợi cho thai? (Phạm Hương Lan, Bắc Ninh)",NamSyntax/vietnamese-news-classification
namsyntax_1004687,Angelina Jolie đeo khẩu trang đi mua sắm,,29,,Giải trí,Mỹ - Angelina Jolie cùng các con đeo khẩu trang ra ngoài mua sắm sau nhiều tháng ở nhà tránh dịch.,NamSyntax/vietnamese-news-classification
namsyntax_143656,"Biệt phủ, nhà nghỉ cuối tuần trong nông trường, dân bức xúc",,46,,Thời sự,"ĐB Trương Thị Huệ (Thái Nguyên) miêu tả việc quản
lý buông lỏng đất nông lâm trường để “bên trong xây biệt thự, biệt phủ, nhà nghỉ
cuối tuần”, khiến người dân bức xúc.",NamSyntax/vietnamese-news-classification
namsyntax_282094,Chó nghiệp vụ thời 4.0 phát  hiện thiết bị công nghệ cao như thế nào?,,48,,Thế giới,"Sở cảnh sát bang Connecticut, Mỹ  đã huấn luyện thành công những chú chó nghiệp vụ có thể tìm kiếm bất kỳ thiết bị công nghệ cao nào có sử dụng chip nhớ.",NamSyntax/vietnamese-news-classification
namsyntax_749196,Những phương pháp điều trị ung thư mới nhất trên thế giới,,46,,Sức khỏe,"Phẫu thuật, hóa, xạ trị, điều trị đích, sử dụng thuốc miễn dịch, ghép tế bào gốc… là một số phương pháp mới được áp dụng để điều trị các loại bệnh ung thư.",NamSyntax/vietnamese-news-classification
namsyntax_1261116,Điều con chưa nói với mẹ,,29,,Đời sống,"Cảm ơn mẹ vì mỗi bước chân cuộc đời con luôn có mẹ kề bên cùng sẻ chia những niềm vui, nỗi buồn.",NamSyntax/vietnamese-news-classification
namsyntax_1078675,Tự hào 90 năm Đảng Cộng sản Việt Nam - một chặng đường vẻ vang,,52,,Giải trí,"Triển lãm ""Tự hào 90 năm Đảng Cộng sản Việt Nam - một chặng đường vẻ vang"" trưng bày hơn 200 ảnh, tài liệu và hiện vật, trong đó có nhiều hiện vật độc bản, quý hiếm.",NamSyntax/vietnamese-news-classification
namsyntax_210506,Triều Tiên yêu cầu Mỹ 'ngừng chia sẻ hạt nhân',,38,,Thế giới,"Bình Nhưỡng kêu gọi Washington ngừng chia sẻ hạt nhân cho các đồng minh, đồng thời tuyên bố Triều Tiên là ""quốc gia hạt nhân có trách nhiệm"".",NamSyntax/vietnamese-news-classification
namsyntax_649481,Cách chống quấy rối cực 'hiểm' dành cho nữ game thủ,,54,,Khoa học,"Tình trạng game thủ nữ bị kì thị vẫn đang rất phổ biến, đặc biệt ở các nước phương Tây nhưng bạn có thể chủ động thoát khỏi tình trạng này bằng một cách vô cùng dễ dàng nhưng cũng khá hiệu quả.",NamSyntax/vietnamese-news-classification
namsyntax_735712,Biệt thự ở Hưng Yên nổi bật trên báo Tây,,33,,Bất động sản,Biệt thự ở Hưng Yên nổi bật trên tạp chí kiến trúc Homedsgn với thiết kế độc đáo và sân vườn rộng rãi.,NamSyntax/vietnamese-news-classification
namsyntax_1310696,"Chồng kiếm ra tiền, vợ vẫn hẹn hò với sếp trong nhà nghỉ",,43,,Đời sống,"Tôi lao vào kiếm tiền cho vợ có cuộc sống sung sướng. Vậy mà cô ấy vẫn nhẫn tâm ngoại tình, nhiều lần hẹn hò với sếp trong nhà nghỉ.",NamSyntax/vietnamese-news-classification
namsyntax_395747,Xuất khẩu gạo 'thừa thế xông lên' nhưng không để 100 triệu dân thiếu gạo,,56,,Kinh doanh,"Bộ trưởng Nguyễn Hồng Diên cho rằng, phải tranh thủ sản xuất, xuất khẩu gạo để đạt được giá trị cao nhất, mở rộng thị trường, đảm bảo an ninh lương thực quốc gia và giữ được thương hiệu gạo Việt.",NamSyntax/vietnamese-news-classification
namsyntax_875115,Allegri: 'Juventus ngây thơ với quả phạt đền',,32,,Thể thao,Italy - HLV Max Allegri thừa nhận Juventus xứng đáng bị loại sau trận thua Villarreal 0-3 ở lượt về vòng 1/8 Champions League.,NamSyntax/vietnamese-news-classification
namsyntax_279199,Căn cứ không quân lớn nhất của Mỹ tại Afghanistan bị tấn công,,53,,Thế giới,"Ngày 11/4, người phát ngôn của lực lượng Taliban Zabihollah Mujahid thông báo nhóm Hồi giáo cực đoan này đã phóng một quả tên lửa vào căn cứ không quân Bagram - căn cứ lớn nhất của Mỹ tại Afghanistan.",NamSyntax/vietnamese-news-classification
namsyntax_1059526,'Thông gia ngõ hẹp' tập 5: Gia đình Linh đùng đùng dọn đồ đi khỏi nhà Phan giữa đêm,,41,,Giải trí,"Mâu thuẫn hai gia đình lên đến đỉnh điểm, ông Khôi kéo vợ con rời khỏi homestay nhà Phan lúc nửa đêm.",NamSyntax/vietnamese-news-classification
namsyntax_722508,Xem xét huỷ quyết định gia hạn dự án Khu du lịch Bến Thành – Hồ Tràm,,58,,Bất động sản,Được cho thuê đất gần 20 năm trước nhưng đến nay chủ đầu tư Khu du lịch Bến Thành – Hồ Tràm vẫn chưa hoàn thiện dự án. UBND tỉnh đang xem xét thu hồi quyết định gia hạn dự án.,NamSyntax/vietnamese-news-classification
namsyntax_1174554,Kẻ cướp đồng hồ Rolex bị cựu võ sĩ hạ gục,,39,,Pháp luật,Mỹ - Một võ sĩ đã giải nghệ ngăn chặn vụ cướp có vũ trang trên đường phố Hollywood bằng cách sử dụng kỹ năng để khống chế.,NamSyntax/vietnamese-news-classification
namsyntax_657407,4 cách vệ sinh điện thoại cực dễ bằng vật liệu thông thường,,45,,Khoa học,"– Bạn có thể vệ sinh điện thoại bằng một số vật liệu sẵn có trong gia đình như vải sợi microfiber, tăm bông hoặc dung dịch nước cất và dấm trắng.",NamSyntax/vietnamese-news-classification
namsyntax_1214353,Học sinh trường chuyên Gia Lai trở thành Quán quân Trường Teen 2025,,60,,Giáo dục,Trận chung kết Trường Teen 2025 - cuộc thi tranh biện dành cho học sinh THPT trên sóng VTV7 vừa khép lại với chiến thắng của học sinh Trường THPT chuyên Lê Quý Đôn (Gia Lai) sau một giờ tranh biện đầy cảm xúc và trí tuệ.,NamSyntax/vietnamese-news-classification
namsyntax_1292392,Bài cúng Rằm tháng 7 theo Văn khấn cổ truyền Việt Nam,,43,,Đời sống,"Rằm tháng 7 là một trong những ngày lễ quan trọng của người Việt. Vào ngày này, nhiều gia đình làm mâm cơm cúng thần linh, gia tiên và chúng sinh.",NamSyntax/vietnamese-news-classification
namsyntax_729222,"Nhà ống hoàn hảo đến từng góc chết, dùng màu đen và trắng tinh tế",,41,,Bất động sản,"Công trình nhà ống 3 tầng có diện tích đất 70m2 (5x14), tổng diện tích xây dựng 210m2 có thiết kế nhẹ nhàng nhưng ấm cúng.",NamSyntax/vietnamese-news-classification
namsyntax_1325409,Vợ tuyên bố: Chồng ngoại tình sẽ thưởng cô bồ 500 triệu,,61,,Đời sống,"Lấy được chồng chăm chỉ làm ăn, gia đình chồng hiền lành nhưng chị dâu em luôn tỏ ra khinh thường gia đình chồng. Chị tuyên bố sẵn sàng để anh trai em đi cặp bồ và nếu chồng có bồ sẽ thưởng cô nhân tình kia 500 triệu.",NamSyntax/vietnamese-news-classification
namsyntax_1288694,Những điều cần biết khi hẹn hò với một người cô độc,,55,,Đời sống,"Hẹn hò với người cô độc không phải là một điều dễ dàng. Dù cho bạn có một tình yêu mãnh liệt thì đôi lúc bạn cảm thấy khó khăn vì nửa kia có một cuộc sống trầm lặng, thích ở một mình.",NamSyntax/vietnamese-news-classification
namsyntax_382116,Cổ đông thuộc hệ sinh thái Nguyễn Kim giảm tỷ lệ sở hữu tại Saigonbank,,56,,Kinh doanh,"Tỷ lệ sở hữu của cổ đông Công ty cổ phần Tiger Capital tại Saigonbank đã giảm xuống còn 4,672%, tương đương 15,8 triệu cổ phiếu SGB, trong khi 9 cổ đông còn lại vẫn giữ nguyên tỷ lệ sở hữu.",NamSyntax/vietnamese-news-classification
namsyntax_1241815,Đáp án,,17,,Giáo dục,"Đáp án chi tiết trắc nghiệm ""Tiến sĩ đầu tiên người miền Nam là ai""",NamSyntax/vietnamese-news-classification
namsyntax_734299,Hà Nội điều chỉnh quy hoạch phân khu đô thị tại Mễ Trì,,57,,Bất động sản,"UBND TP. Hà Nội vừa phê duyệt điều chỉnh cục bộ quy hoạch phân khu đô thị H2-2 tỷ lệ 1/2000, tại ô đất cây xanh ký hiệu CX2, thuộc ô quy hoạch K3-1 tại phường Mễ Trì, quận Nam Từ Liêm, Hà Nội.",NamSyntax/vietnamese-news-classification
namsyntax_1117804,Oscar đang đợi tài tử vắn số Paul Walker,,40,,Giải trí,"Bộ phim mới nhất của Paul Walker, ""Hours"", chuẩn bị ra mắt ngày 14/12, cho
thấy anh có thể đảm nhận những vai tâm lý nặng đô một cách xuất sắc.",NamSyntax/vietnamese-news-classification
namsyntax_747209,Licogi 20 đứng đầu 148 ‘chúa chổm’ nợ thuế,,46,,Bất động sản,Cục Thuế TP. Hà Nội tiếp tục công khai đợt 3 năm 2016 danh sách 148 đơn vị nợ thuế trên địa bàn với tổng số tiền lên tới hơn 333 tỷ đồng tính đến ngày 31/01/2016.,NamSyntax/vietnamese-news-classification
namsyntax_98971,Mỹ hỗ trợ Việt Nam gần 3 triệu USD chống dịch,,43,,Thời sự,"Mỹ cung cấp khoảng 18,3 triệu USD hỗ trợ y tế và nhân đạo khẩn cấp cho các quốc gia thành viên ASEAN, trong đó có gần 3 triệu USD Việt Nam.",NamSyntax/vietnamese-news-classification
namsyntax_397398,Thị trường dầu thô: Khi rủi ro suy thoái lấn át lo ngại nguồn cung,,53,,Kinh doanh,"Giá dầu thô đã xoá bỏ hoàn toàn mức tăng đột biến hồi đầu tháng 4, thời điểm Tổ chức Các nước Xuất khẩu Dầu mỏ và đồng minh (OPEC+) bất ngờ tuyên bố cắt giảm sản lượng.",NamSyntax/vietnamese-news-classification
namsyntax_830850,Ca mắc Covid-19 nặng nhất Việt Nam khỏi bệnh sau 9 lần xét nghiệm âm tính,,40,,Sức khỏe,Bệnh nhân Covid-19 nặng hơn phi công Anh được xuất viện sau 9 lần liên tiếp xét nghiệm SARS-CoV-2 cho kết quả âm tính.,NamSyntax/vietnamese-news-classification
namsyntax_1230666,Thủ khoa lớp 10 Hà Nội chia sẻ cách ôn tập trong tuần nước rút,,69,,Giáo dục,"Chỉ còn vài ngày nữa, các sĩ tử sẽ bước vào kỳ thi lớp 10 công lập tại Hà Nội. Trần Tùng Bách, thủ khoa lớp 10 năm 2021 cho rằng, thay vì “cày ngày cày đêm”, đây là lúc các thí sinh cần có chiến lược cụ thể để ôn tập hiệu quả.",NamSyntax/vietnamese-news-classification
namsyntax_985114,Nhiều tay golf sáng giá tranh cúp VinaPhone 088,,58,,Thể thao,"Giải Golf TP.HCM mở rộng lần 2- Tranh cúp VinaPhone 088 sẽ là cuộc tranh tài nảy lửa giữa 300 VĐV, trong đó có nhiều ‘anh hào’ làng golf Việt: Nguyễn Thái Dương, Trần Lê Duy Nhất, Trần Minh Tấn, Nguyễn Văn Thống, Andrew Hùng Phạm, Đặng Hồng Anh…",NamSyntax/vietnamese-news-classification
namsyntax_725340,"Sẽ dừng hoạt động công trình nếu lơ là biện pháp phòng, chống dịch Covid-19",,52,,Bất động sản,"Để phòng, chống dịch Covid-19, TP.HCM sẽ tạm dừng các hoạt động tập trung đông người ở các công viên, công trình xây dựng không đảm bảo các biện pháp phòng ngừa cũng bị dừng hoạt động.",NamSyntax/vietnamese-news-classification
namsyntax_1241522,Thuyết tiến hóa bị loại khỏi sách giáo khoa Thổ Nhĩ Kỳ,,52,,Giáo dục,Thổ Nhĩ Kỳ sẽ ngừng dạy thuyết tiến hóa trong các trường trung học vì cho rằng thuyết này vẫn còn gây tranh cãi và khó hiểu – một quan chức giáo dục cấp cao của nước này cho hay.,NamSyntax/vietnamese-news-classification
namsyntax_1037964,Ca sĩ Lâm Bảo Ngọc lãi to,,35,,Giải trí,"Sở hữu thế mạnh về giọng hát và nốt cao nhưng ca sĩ Lâm Bảo Ngọc chưa phải cái tên quá bùng nổ trong ""Em xinh say Hi"".",NamSyntax/vietnamese-news-classification
namsyntax_754308,Anh Mến 'mặt xệ' xúc động vì không ung thư hàm mặt,,43,,Sức khỏe,Anh Mến - người đàn ông mang khuôn mặt chảy xệ - hạnh phúc khi nhận kết quả xét nghiệm sinh thiết và biết mình không bị ung thư hàm mặt.,NamSyntax/vietnamese-news-classification
namsyntax_307601,Báo Hàn khen cách lãnh đạo của Kim Jong Un,,39,,Thế giới,"Khác với người cha, phong cách lãnh đạo đất nước của Kim Jong Un có phần cởi mở hơn, nhưng không vì thế mà cấp dưới không nể sợ.",NamSyntax/vietnamese-news-classification
namsyntax_552076,"Những loại văn bản nào sẽ được gửi, nhận điện tử không kèm văn bản giấy từ tháng 2/2020?",,71,,Khoa học,"ictnews Văn phòng Chính phủ đã dự thảo danh mục văn bản được gửi, nhận điện tử không kèm văn bản giấy từ ngày 1/2/2020 gồm 30 loại văn bản. Hiện cơ quan này đang lấy ý kiến các bộ, ngành, địa phương để thống nhất danh mục văn bản áp dụng.",NamSyntax/vietnamese-news-classification
namsyntax_1210579,Khuôn viên xanh mát bên trong 5 cơ sở Đại học FPT,,24,,Giáo dục,Khuôn viên xanh mát bên trong 5 cơ sở Đại học FPT,NamSyntax/vietnamese-news-classification
namsyntax_1231264,Hà Nội thưởng 20 triệu đồng cho 1 Huy chương Vàng Olympic quốc tế,,51,,Giáo dục,Chủ tịch UBND TP Hà Nội Chu Ngọc Anh đã ký quyết định khen thưởng thành tích đột xuất cho các học sinh thuộc Sở GD-ĐT đạt giải tại các cuộc thi Olympic quốc tế năm 2021.,NamSyntax/vietnamese-news-classification
namsyntax_222087,Quy trình đặc biệt giúp CEO Telegram có quốc tịch Pháp,,36,,Thế giới,"CEO Telegram Pavel Durov sinh tại Nga, nhưng được Pháp cấp quốc tịch năm 2021 theo quy trình ""người nước ngoài danh dự"" hiếm thấy.",NamSyntax/vietnamese-news-classification
namsyntax_1309330,Mẹo chọn thảm giúp căn phòng trông rộng hơn,,50,,Đời sống,"Ngay cả khi bạn không thể phóng to không gian về mặt vật lý, vẫn có những cách để đạt được cảm giác về một không gian lớn hơn thông qua việc sử dụng các yếu tố trang trí phù hợp.",NamSyntax/vietnamese-news-classification
namsyntax_893321,Klopp muốn Liverpool vùng lên sau trận thua Atalanta,,42,,Thể thao,"Anh - Sau trận thua Atalanta 0-3 ở tứ kết lượt đi Europa League, HLV Jurgen Klopp hứa Liverpool sẽ phản ứng mạnh mẽ ở vòng 33 Ngoại hạng Anh gặp Crystal Palace.",NamSyntax/vietnamese-news-classification
namsyntax_1307858,Những căn hộ cực ‘chill’ của gia chủ 9x,,56,,Đời sống,"Covid-19 đã thay đổi thói quen và sở thích của nhiều 9x. Thay vì la cà quán xá, họ có xu hướng đầu tư căn nhà của mình trở thành một nơi ấm áp, xinh đẹp, tiện nghi để tự “chill’ cùng gia đình và bạn bè.",NamSyntax/vietnamese-news-classification
namsyntax_1149913,Giám đốc giở trò 'phù thuỷ' làm giả tài liệu cơ quan nhà nước lừa khắp nơi,,49,,Pháp luật,Gã giám đốc có công ty ở Cần Thơ làm giả nhiều tài liệu của cơ quan Trung ương và UBND tỉnh Vĩnh Long để lừa đảo chiếm đoạt hàng tỷ đồng.,NamSyntax/vietnamese-news-classification
namsyntax_1110259,Thanh Bùi ra Hà Nội hát nhạc Trịnh,,41,,Giải trí,"Đêm nhạc Trịnh dành cho cộng đồng được tổ chức thường niên sẽ lần đầu tiên ra
mắt khán giả Hà Nội vào ngày 30/5/2015, tại Khu đô thị sinh thái Vinhomes
Riverside.",NamSyntax/vietnamese-news-classification
namsyntax_65845,"Thời tiết Hà Nội 23/5: Trời chuyển mát kèm mưa giông, có nắng gián đoạn",,43,,Thời sự,"Dự báo thời tiết Hà Nội ngày 23/5, có mưa giông và nhiệt độ hạ mạnh 5-7độ, trời chuyển mát, chấm dứt tình trạng nắng nóng kéo dài.",NamSyntax/vietnamese-news-classification
namsyntax_326510,Nở rộ kinh doanh chuỗi trà chanh,,30,,Kinh doanh,"Khi kinh doanh trà sữa có dấu hiệu đi xuống, nhiều nhà đầu tư hướng đến mô hình tiệm trà chanh kiểu mới.",NamSyntax/vietnamese-news-classification
namsyntax_18597,"Công nhân nói khó đủ tiền mua nhà xã hội 1-1,6 tỷ đồng",,45,,Thời sự,"Một số công nhân nói thu nhập trung bình 7-8 triệu đồng mỗi tháng, phải trang trải nhiều thứ nên việc tích lũy mua nhà ở TP HCM là điều không thể.",NamSyntax/vietnamese-news-classification
namsyntax_208408,New Zealand nghi nhà tập thể 92 phòng bị phóng hỏa,,39,,Thế giới,Cảnh sát New Zealand nghi ngờ có kẻ phóng hỏa nhà tập thể 92 phòng khiến ít nhất 6 người thiệt mạng và đã mở cuộc điều tra.,NamSyntax/vietnamese-news-classification
namsyntax_968495,Cầu thủ Thái Sơn Nam vỡ òa cảm xúc với chiến tích lịch sử,,47,,Thể thao,"CLB Thái Sơn Nam có màn ngược dòng kỳ diệu, đánh bại đối thủ Bank of Beirut 6-5 để lần đầu tiên vào đá chung kết giải vô địch các CLB châu Á.",NamSyntax/vietnamese-news-classification
namsyntax_449682,Dân cá cược kẻ khóc người cười vì Donald Trump,,45,,Kinh doanh,"Ngành công nghiệp cá cược của nước Anh ước tính phải chi hàng chục
triệu USD cho những người đặt cửa cho chiến thắng của Donald Trump trong
cuộc bầu cử tổng thống Mỹ 2016.",NamSyntax/vietnamese-news-classification
namsyntax_1009784,Uyên Linh: 'Tôi hạnh phúc khi độc thân tuổi 33',,36,,Giải trí,"Ca sĩ Uyên Linh thường lên đường khám phá những vùng đất mới, tận hưởng cuộc sống khi chưa vướng bận chồng con ở tuổi 33.",NamSyntax/vietnamese-news-classification
namsyntax_518946,LG lập công ty sản xuất linh kiện ôtô điện,,43,,Khoa học,"LG Magna e-Powertrain sẽ tập trung sản xuất xe điện, thiết bị biến tần, sạc điện gắn trên xe và cung cấp các hệ thống liên quan cho một số hãng sản xuất.",NamSyntax/vietnamese-news-classification
namsyntax_992692,Bức màn bí mật sau cái chết Gary Speed,,35,,Thể thao,"Người đại diện Gary Speed cho biết, trước khi chết, thân chủ của ông không có dấu hiệu bị trầm cảm hay cãi nhau với vợ.",NamSyntax/vietnamese-news-classification
namsyntax_784821,Trời mưa có cần thoa kem chống nắng?,,33,,Sức khỏe,"Trời mưa, ít nắng, các tia cực tím vẫn tồn tại nên thoa kem chống nắng vẫn là việc cần thiết để bảo vệ da.",NamSyntax/vietnamese-news-classification
namsyntax_50416,Cách theo dõi trừ điểm giấy phép lái xe trên ứng dụng VNeID,,35,,Thời sự,"Để theo dõi, xem mức điểm bị trừ của giấy phép lái xe, người dân có thể sử dụng ứng dụng VNeID.",NamSyntax/vietnamese-news-classification
namsyntax_1231574,Học sinh Bình Phước đi học lại ngày 17/2,,37,,Giáo dục,Tới thời điểm này đây là địa phương thứ 4 trên cả nước có quyết định cho học sinh đi học lại sau thời gian nghỉ dịch covid-19.,NamSyntax/vietnamese-news-classification
namsyntax_142533,"Biệt phủ đại gia vàng, sao không cấm lúc xây?",,32,,Thời sự,"Tại sao khi bắt đầu xây dựng biệt phủ, các cơ quan chức
năng không quyết liệt can thiệp, cấm xây dựng?",NamSyntax/vietnamese-news-classification
namsyntax_879624,Dybala làm trái lời Mourinho,,38,,Thể thao,"Italy - Khen Mourinho hay nhất thế giới, nhưng tiền đạo Paulo Dybala tự nhận làm trái ý HLV ở vài khoảnh khắc khi tỏa sáng giúp Roma hạ Empoli 2-1 ngày 12/9.",NamSyntax/vietnamese-news-classification
namsyntax_70677,"Trẻ đầu tiên được cấp giấy khai sinh, thẻ BHYT qua Dịch vụ công liên thông",,51,,Thời sự,"Bé gái ở Hà Nam vừa trở thành công dân đầu tiên trên cả nước được cấp giấy khai sinh, thẻ BHYT, đồng thời với đăng ký thường trú qua dịch vụ công liên thông.",NamSyntax/vietnamese-news-classification
namsyntax_76479,Ô tô khách chở 30 người lao xuống vực ở Tam Đảo,,35,,Thời sự,Chiếc xe khách chở 30 người tông vào taluy đường rồi lật ngửa dưới vực ở Tam Đảo khiến 2 người bị thương.,NamSyntax/vietnamese-news-classification
namsyntax_1241026,"Cấp học bổng hơn 7 tỷ đồng cho học sinh, sinh viên giỏi toán",,49,,Giáo dục,"Đó là tổng số tiền học bổng mà Chương trình trọng điểm quốc gia phát triển Toán học giai đoạn 2010 đến 2020 cấp cho các học sinh, sinh viên ngành Toán năm học 2016-2017.",NamSyntax/vietnamese-news-classification
namsyntax_876297,Liverpool - Villarreal: Giải mã hiện tượng,,37,,Thể thao,"Anh - Villarreal bay cao ở Champions League mùa này, nhưng họ khó gây sốc khi làm khách của Liverpool ở bán kết lượt đi Champions League hôm nay 27/4.",NamSyntax/vietnamese-news-classification
namsyntax_238751,"Cho phép ngập có kiểm soát, thành phố châu Âu biến thành 'bọt biển' khổng lồ",,56,,Thế giới,"Năm 2011, Copenhagen, Thụy Điển chìm trong biển nước, xác chuột nổi lềnh bềnh, hệ thống cống vỡ trận, và người dân hoảng loạn. Giờ đây, thành phố này vẫn ngập nước, nhưng là ngập một cách có kiểm soát.",NamSyntax/vietnamese-news-classification
namsyntax_1184474,Thông tin hải sản chết ở Cồn Vành: Khởi tố vụ án hình sự,,52,,Pháp luật,"Liên quan thông tin hải sản chết ở Cồn Vành, Công an tỉnh Thái Bình khởi tố vụ án hình sự: “Tội đưa hoặc sử dụng trái phép thông tin mạng máy tính, mạng viễn thông, mạng Internet”",NamSyntax/vietnamese-news-classification
namsyntax_673503,Sony mang loạt điện thoại “bom tấn” đến Hà Nội,,49,,Khoa học,"– Tại Mobile Vietnam 2012 khai mạc sáng nay, 18/10 tại Hà Nội, Sony Electronics Việt Nam đồng loạt ra mắt chính thức 5 dòng điện thoại thông minh hoàn toàn mới Xperia TX, Xperia V, Xperia J, X",NamSyntax/vietnamese-news-classification
namsyntax_1223628,Hình ảnh học sinh Trung Quốc sau chính sách 'giảm tải',,56,,Giáo dục,"Trung Quốc vừa đưa ra một số cải cách liên quan đến lĩnh vực giáo dục. Những nỗ lực này nhằm hướng đến mục tiêu giảm tải áp lực học, tạo điều kiện cho trẻ tham gia vào các hoạt động nghệ thuật, thể thao.",NamSyntax/vietnamese-news-classification
namsyntax_743006,Thận trọng với “dự án ma” thời sốt đất,,38,,Bất động sản,"Lợi dụng cơn sốt đất đang lan rộng, nhiều công ty bất động sản thiếu uy tín đang vẽ ra những “dự án ma” để bán cho khách hàng.",NamSyntax/vietnamese-news-classification
namsyntax_982121,Giải bóng đá Cư dân Green Stars 2016: Nơi gắn kết cộng đồng,,37,,Thể thao,"Sau 2 tuần tranh tài, giải bóng đá Cư dân Green Stars lần thứ nhất năm 2016 đã kết thúc thành công tốt đẹp.",NamSyntax/vietnamese-news-classification
namsyntax_729788,Đại gia Dương Bạch Diệp và chuyện kiếm 1.500 lượng vàng hơn 10 năm trước,,52,,Bất động sản,"- Trong phiên toà cuối năm 2007, bà Dương Thị Bạch Diệp cho biết căn nhà 113 Lý Chính Thắng bà mua 480 lượng vàng, chỉ 4 tháng sau bán 2.100 lượng lời hơn 1.500 lượng vàng.",NamSyntax/vietnamese-news-classification
namsyntax_1320397,Giảm 50 kg bằng cách uống... nước tiểu của mình suốt 6 năm,,49,,Đời sống,"Mới đây, một người đàn ông ở Anh cho biết, ông đã giảm được 50 kg bằng cách uống nước tiểu của chính mình trong suốt 6 năm trời. Một cách giảm cân thật kỳ dị.",NamSyntax/vietnamese-news-classification
namsyntax_765474,Vì sao người lớn nên tiêm phòng cúm hằng năm?,,32,,Sức khỏe,"Tiêm vaccine kích thích cơ thể sinh ra miễn dịch chủ động để phòng chống bệnh cúm cho người lớn, trẻ em.",NamSyntax/vietnamese-news-classification
namsyntax_947426,Công Phượng có hành vi phản cảm: Chỉ cần nghiêm khắc... nhắc nhở!,,49,,Thể thao,"BTC LS V-League 2021 khẳng định trong công văn gửi HAGL rằng cú ""lẳng"" chai nước về phía trọng tài Nguyễn Viết Duẩn là ""hình ảnh phản cảm"" nhưng chỉ khuyến cáo nghiêm khắc nhắc nhở.",NamSyntax/vietnamese-news-classification
namsyntax_1244784,Môn Văn có phổ điểm,,23,,Giáo dục,"48,5% thí sinh dự thi môn Ngữ văn kỳ thi THPT quốc gia 2016 có điểm từ 5-7",NamSyntax/vietnamese-news-classification
namsyntax_1264141,Đặt món tự động ở AEON Tân Phú,,35,,Đời sống,"TP HCM - Máy chọn món tự động tại AEON Tân Phú đáp ứng nhu cầu thao tác nhanh, không cần chờ xếp hàng của thực khách.",NamSyntax/vietnamese-news-classification
namsyntax_498324,WearOS tăng trải nghiệm cho người dùng smartwatch như thế nào?,,42,,Khoa học,"Nhờ trang bị hệ điều hành cho thiết bị đeo từ Google, Oppo Watch nổi bật với giao diện tối giản, kho ứng dụng phong phú và hiệu năng mượt mà.",NamSyntax/vietnamese-news-classification
namsyntax_179869,"Dự trữ quốc gia sao không có khoáng sản, năng lượng?",,41,,Thời sự,"Cho ý kiến về dự thảo luật dự trữ quốc gia chiều nay (11/6), nhiều ĐB
thấy dự luật này chưa thể hiện được tầm nhìn chiến lược cần thiết.",NamSyntax/vietnamese-news-classification
namsyntax_25967,Rã tàu cá bán phế liệu,,41,,Thời sự,"Các đội thợ mộc ở xã Phước Tỉnh, huyện Long Điền, được thuê rã xác những con tàu giã cào từng có giá tiền tỷ để bán phế liệu vì chủ làm ăn thua lỗ.",NamSyntax/vietnamese-news-classification
namsyntax_366228,Stavian Industrial Metal tài trợ Hội nghị Thép Đông Nam Á,,42,,Kinh doanh,"Đà Nẵng - Stavian Industrial Metal là nhà tài trợ kim cương của Hội nghị và Triển lãm thép Đông Nam Á 2024, diễn ra ngày 13-16/5, tại khách sạn Ariyana.",NamSyntax/vietnamese-news-classification
namsyntax_266913,Mỹ sẽ tài trợ 4 tỷ USD cho chương trình vắc-xin COVAX,,42,,Thế giới,"Mỹ sẽ tài trợ 4 tỷ USD cho chương trình vắc-xin COVAX, với hy vọng khuyến khích chính phủ nhiều nước khác bỏ ra các khoản quyên góp lớn hơn.",NamSyntax/vietnamese-news-classification
namsyntax_1262138,Kinh nghiệm chọn máy lọc nước,,39,,Đời sống,"Máy lọc nước có thể loại bỏ vi khuẩn, virus, kim loại nặng; đạt chứng nhận của tổ chức giám định uy tín... góp phần mang lại nguồn nước sạch cho cả nhà.",NamSyntax/vietnamese-news-classification
namsyntax_1326477,"Phát hiện con dâu có hình xăm, mẹ chồng đuổi ngay trong đêm tân hôn",,40,,Đời sống,"Cô bị mẹ chồng ném quần áo đuổi đi
ngay trong đêm tân hôn, chỉ vì bà nhìn thấy hình xăm sau lưng của cô.",NamSyntax/vietnamese-news-classification
namsyntax_754684,Bác sĩ cắt sắt cứu thanh niên bị cọc rào đâm thấu bụng,,45,,Sức khỏe,"TP HCM - Nam thanh niên, 25 tuổi, ở Gò Vấp ngã từ lầu hai xuống hàng rào sắt đâm thủng bụng. Bác sĩ Bệnh viện 175 cắt sắt cứu bệnh nhân.",NamSyntax/vietnamese-news-classification
namsyntax_414795,"'Bỏng tay' với bó hoa dâu tây siêu lạ, ngắm đẹp, ăn ngon dịp 8/3",,56,,Kinh doanh,Những bó hoa được làm từ dâu tây vừa đẹp mắt vừa có thể ăn đang là mặt hàng gây sốt trong dịp 8/3 năm nay. Giá cho mỗi bó hoa dâu tây hiện dao động từ 400.000 - 3.000.000 đồng.,NamSyntax/vietnamese-news-classification
namsyntax_815806,"Người đàn ông ăn cà chua hằng ngày, nhận kết quả bất ngờ sau 1 năm",,58,,Sức khỏe,"TRUNG QUỐC - Từ một người thường xuyên mỏi mệt, anh Sun cảm thấy khỏe khoắn hơn sau khi ăn 2 quả cà chua mỗi ngày. Khi anh đi khám tại bệnh viện, các chỉ số cơ thể đều được cải thiện.",NamSyntax/vietnamese-news-classification
namsyntax_1298005,"Vì sao đa số lính cứu hỏa ở Pháp, Mỹ là tình nguyện viên, đóng góp vô giá?",,47,,Đời sống,"Theo số liệu từ Hiệp hội Chống hoả hoạn quốc gia, 54% lính cứu hoả ở Mỹ là tình nguyện viên. Con số này ở Pháp lên tới 80%.",NamSyntax/vietnamese-news-classification
namsyntax_1030319,Bom tấn 'Kraven the Hunter' thất bại,,28,,Giải trí,"""Kraven the Hunter"" không đáp ứng kỳ vọng của khán giả, chỉ đạt 4,7 triệu USD trong ngày đầu công chiếu.",NamSyntax/vietnamese-news-classification
namsyntax_365916,Đề nghị Bộ Tài chính hỗ trợ thông quan nhập khẩu vàng,,37,,Kinh doanh,"Để phục vụ đấu thầu vàng miếng, Ngân hàng Nhà nước đề nghị Bộ Tài chính hỗ trợ thủ tục thông quan vàng nhập khẩu.",NamSyntax/vietnamese-news-classification
namsyntax_1334193,2 giờ dạy con hiệu quả mỗi ngày của nữ MC nổi tiếng,,52,,Đời sống,"Mỗi ngày chỉ có 2-3 tiếng buổi tối ở bên con nhưng các bậc cha mẹ bận
rộn hoàn toàn có thể biến khoảng thời gian ngắn ngủi đó thành giờ dạy
con ý nghĩa mà không nhàm chán.",NamSyntax/vietnamese-news-classification
namsyntax_781819,Làm gì khi phát hiện mắc bệnh tiểu đường?,,38,,Sức khỏe,"Người được chẩn đoán mắc bệnh tiểu đường nên học cách theo dõi lượng đường trong máu, tìm hiểu cách dùng thuốc, lên kế hoạch điều chỉnh ăn uống.",NamSyntax/vietnamese-news-classification
namsyntax_697874,"Bộ nhớ Kingston HyperX 8GB cho Intel Core i5, i7",,44,,Khoa học,Kingston vừa ra mắt bộ nhớ kênh đôi HyperX 8GB dành cho hệ thống máy tính được xây dựng trên nền tảng chip xử lý Intel Core i5 và Core i7 tại Việt Nam.,NamSyntax/vietnamese-news-classification
namsyntax_647548,Samsung Galaxy Note Edge sẽ được bán tại Việt Nam,,50,,Khoa học,"– Thông tin từ anh Mai Triều Nguyên, Giám đốc hệ thống cửa hàng bán lẻ điện thoại di động Mai Nguyên cho biết, Galaxy Note Edge chính hãng sẽ được bán tại Việt Nam vào khoảng 2 tuần tới.",NamSyntax/vietnamese-news-classification
namsyntax_938565,Lịch thi đấu và trực tiếp Pháp mở rộng 2022 hôm nay 27/5,,45,,Thể thao,"Cung cấp lịch thi đấu và kênh phát sóng trực tiếp giải quần vợt Pháp mở rộng - Roland Garros 2022 hôm nay (27/5), với vòng 3 đơn nam và đơn nữ.",NamSyntax/vietnamese-news-classification
namsyntax_745764,Những món đồ nội thất phòng ngủ một thời gây bão dần bị ‘thất sủng’,,61,,Bất động sản,"Có những món đồ nội thất trong phòng ngủ từng được ưa chuộng nhờ sự tiện lợi hoặc vẻ ngoài thời thượng. Tuy nhiên, theo thời gian, nhiều thiết kế trở nên lỗi thời, ảnh hưởng đến thẩm mỹ và công năng của không gian sống.",NamSyntax/vietnamese-news-classification
namsyntax_1138410,Bắt quả tang nghi phạm xưng là phóng viên cưỡng đoạt tài sản ở Ninh Bình,,54,,Pháp luật,Công an TP Ninh Bình phối hợp với Công an tỉnh Ninh Bình bắt hai nghi phạm xưng là phóng viên báo Pháp luật Việt Nam cưỡng đoạt tài sản tại một quán cà phê trên địa bàn.,NamSyntax/vietnamese-news-classification
namsyntax_737022,Đồng Nai dự kiến bán đấu giá 36 khu đất trong năm 2023,,35,,Bất động sản,"Trong năm 2023, tỉnh Đồng Nai dự kiến đưa ra bán đấu giá 36 khu đất với tổng diện tích hơn 77ha.",NamSyntax/vietnamese-news-classification
namsyntax_1322446,Sửng sốt trước vũ điệu cực 'chất' của học sinh vùng cao,,43,,Đời sống,"Mới đây, clip hơn 4 phút ghi lại cảnh các em học sinh vùng cao, mặc trang phục thổ cẩm hồn nhiên nhảy cực ""sung"" khiến cộng đồng mạng thích thú.",NamSyntax/vietnamese-news-classification
namsyntax_602892,Drancia - Trải nghiệm với gMO giúp bạn hóa thân vào anh hùng diệt quái,,63,,Khoa học,Drancia được chia làm từng màn chơi với sự xuất hiện dồn dập của quái vật từ các phía. Nhiệm vụ chính của bạn là tiêu diệt một số lượng quái nhất định để triệu hồi tên boss trong màn chơi mà vẫn bảo toàn được tính mạng.,NamSyntax/vietnamese-news-classification
namsyntax_615866,Những tựa game kinh điển nhất trong lịch sử ngành game Nhật Bản,,31,,Khoa học,Khó mà hình dung được ngành công nghiệp game hiện đại nếu thiếu đi những sản phẩm này.,NamSyntax/vietnamese-news-classification
namsyntax_872580,Man Utd bất ngờ khi Solskjaer cho nghỉ một tuần,,45,,Thể thao,"Anh - Theo báo Anh Daily Mail, các nhân viên và cầu thủ Man Utd sốc khi được HLV Ole Gunnar Solskjaer cho nghỉ một tuần sau trận thua Man City 0-2 cuối tuần qua.",NamSyntax/vietnamese-news-classification
namsyntax_277200,Hé lộ lý do cựu sếp nhà máy đóng tàu sân bay TQ bị tù,,53,,Thế giới,"Hôm 4/7, tòa án Thượng Hải đã tuyên phạt Tôn Ba, nguyên Tổng giám đốc Tập đoàn Công nghiệp nặng tàu thuyền Trung Quốc, 12 năm tù vì phạm tội nhận hối lộ và lạm dụng quyền lực.",NamSyntax/vietnamese-news-classification
namsyntax_1152583,Tìm thấy bé trai 'mất tích cùng bảo mẫu',,46,,Pháp luật,"TP HCM - Sau 3 tháng bất ngờ đưa Nguyễn Phúc Quí, 6 tuổi, rời khu trọ đến nơi khác sinh sống, vợ chồng bảo mẫu Nguyễn Thị Mỹ dẫn cậu bé đến công an trình diện.",NamSyntax/vietnamese-news-classification
namsyntax_873447,HLV Polking tránh nhắc đến vị thế của Thái Lan,,46,,Thể thao,"Singapore - Alexandre Polking từ chối khẳng định Thái Lan đã trở lại vị thế số một Đông Nam Á, dù phế truất Việt Nam và đứng trước cơ hội lớn vô địch AFF Cup 2020.",NamSyntax/vietnamese-news-classification
namsyntax_719045,"Quy hoạch sân golf, nhà ở trên đất cảng Hoàng Diệu",,45,,Bất động sản,"Hải Phòng - Gần 140.000 m2 đất hiện thuộc cảng Hoàng Diệu được đưa vào kế hoạch đấu giá làm sân ân golf, nhà ở thương mại và công trình thương mại dịch vụ.",NamSyntax/vietnamese-news-classification
namsyntax_1304289,Mẹ chồng mắng con dâu sa sả vì 'đu trend' BlackPink theo nhóm bạn thân,,35,,Đời sống,"Mẹ chồng tôi đứng giữa nhà, mắng tôi thậm tệ trước mặt bạn bè khiến tôi không kịp phản ứng.",NamSyntax/vietnamese-news-classification
namsyntax_745834,Thuỷ Nguyên tạo dấu ấn với những khu đô thị đẳng cấp,,49,,Bất động sản,"Thành phố Thủy Nguyên nằm bên bờ Bắc sông Cấm đang từng bước khoác lên mình diện mạo hiện đại, năng động nhờ sự phát triển mạnh mẽ của các dự án khu đô thị đẳng cấp.",NamSyntax/vietnamese-news-classification
namsyntax_781925,Nên làm gì khi trẻ uống vaccine rotavirus bị tiêu chảy?,,54,,Sức khỏe,"Con tôi nhỏ vaccine Rotavirus và tiêm 6 trong 1 trong cùng một buổi, đến chiều thì đi ngoài nhiều, phân lỏng nhầy, có phải do vaccine gây tác dụng phụ hay không? Tôi nên làm gì? (Hà Thu, 34 tuổi, Hà Nội)",NamSyntax/vietnamese-news-classification
namsyntax_1170196,Ảnh selfie vạch tội kẻ sát hại nữ sinh chạy bộ,,47,,Pháp luật,"Mỹ - Chưa đầy bốn tiếng sau khi thoải mái chụp những bức ảnh tự sướng dưới nắng sớm ngày 22/2, Jose Ibarra tấn công sinh viên điều dưỡng Laken Riley đang chạy bộ gần trường.",NamSyntax/vietnamese-news-classification
namsyntax_203,Những nhà đầu tư nước ngoài dự thầu cao tốc Bắc Nam,,40,,Thời sự,"7 dự án cao tốc thu hút 36 hồ sơ của doanh nghiệp, liên danh nước ngoài tham gia, phần lớn đến từ Hàn Quốc và Trung Quốc.",NamSyntax/vietnamese-news-classification
namsyntax_931306,"Kết quả bóng đá hôm nay 2/3: MU tiếp tục bay cao, Arsenal thắng to",,46,,Thể thao,"Cập nhật nhanh kết quả bóng đá hôm nay 2/3/2023, kết quả VCK U20 châu Á 2023 và các giải bóng đá hàng đầu châu Âu đêm nay, rạng sáng mai.",NamSyntax/vietnamese-news-classification
namsyntax_1213706,Đằng sau câu chuyện cụ bà 92 tuổi lấy bằng tốt nghiệp cấp 3,,52,,Giáo dục,"MỸ- Sau bảy thập kỷ 'tạm nghỉ', Sarah Wells, 92 tuổi, học viên trường Madison College, đã hân hoan nhận bằng tốt nghiệp vào tháng 5 vừa qua sau một hành trình đầy thử thách và thất bại.",NamSyntax/vietnamese-news-classification
namsyntax_1073045,"Hà Lan Phương: Sốc nặng vì cha mất, nợ nần, nhớ nghề giằng xé nội tâm",,43,,Giải trí,"Xuất hiện với vẻ ngoài gai góc, mạnh mẽ nhưng giọng hát nội lực của Hà Lan Phương lại chứa đựng nhiều tâm sự và giằng xé.",NamSyntax/vietnamese-news-classification
namsyntax_46977,"Cận cảnh hàng trăm tấn xi măng được tỉnh cấp, xã 'phơi' ngoài trời",,67,,Thời sự,"Được tỉnh Hà Tĩnh cấp xi măng làm đường nông thôn, xã Lộc Yên (huyện Hương Khê) tập kết tại sân vận động thay vì bảo quản trong kho, dẫn đến hàng chục tấn xi măng hư hỏng. Huyện đã tạm đình chỉ công tác chủ tịch xã để làm rõ vụ việc.",NamSyntax/vietnamese-news-classification
namsyntax_818727,Ba mẹ con đi cấp cứu sau bữa trưa có món nấm xào tự hái trong vườn,,50,,Sức khỏe,"Sau 4 giờ ăn món nấm xào được hái trong vườn, ba mẹ con chị N. vào viện cấp cứu vì cùng xuất hiện triệu chứng nôn nhiều, đau bụng, đi ngoài, sốt.",NamSyntax/vietnamese-news-classification
namsyntax_924130,Arsenal bất ngờ gục ngã trước West Ham,,37,,Thể thao,"Những sai lầm sơ đẳng dưới hàng thủ khiến Arsenal phơi áo 0-2 ngay trên sân nhà trước West Ham, qua đó lỡ cơ hội đòi lại ngôi đầu.",NamSyntax/vietnamese-news-classification
namsyntax_965943,Giải mã Malaysia: Tuyển Việt Nam phải cẩn trọng,,37,,Thể thao,"Malaysia thay đổi rất nhiều qua từng trận đấu, với 3 điểm nhấn chính mà tuyển Việt Nam cần thận trọng ở lượt đi AFF Cup 2018 (11/12).",NamSyntax/vietnamese-news-classification
namsyntax_1061118,Hình ảnh hiếm không có trên sóng của gia đình MC Lại Văn Sâm,,36,,Giải trí,Gia đình MC Lại Văn Sâm đã có chuyến đi biển cùng nhau và ghi lại những bức hình rất 'nhí nhố'.,NamSyntax/vietnamese-news-classification
namsyntax_837599,Đột phá Công nghệ Hướng đích trong điều trị bệnh dạ dày,,51,,Sức khỏe,"Theo các nhà Khoa học của Phòng Thí nghiệm trọng điểm Quốc Gia Công nghệ Enzym và Protein (Klept), Curcumin hướng đích tập trung tấn công tế bào viêm mạnh gấp 70 lần so với Nano Curcumin thông thường.",NamSyntax/vietnamese-news-classification
namsyntax_769759,Khiêu vũ giúp giảm nguy cơ ngã cho người lớn tuổi,,36,,Sức khỏe,Khiêu vũ được xem là một phương pháp chăm sóc sức khỏe cho người lớn tuổi nhờ giúp rèn luyện khả năng giữ thăng bằng.,NamSyntax/vietnamese-news-classification
namsyntax_972400,Truyền thông quốc tế:,,34,,Thể thao,"U23 Việt Nam không thể viết thêm trang sử mới, nhưng cách mà các chàng trai áo đỏ chiến đấu nhận được sự ngưỡng mộ của truyền thông quốc tế.",NamSyntax/vietnamese-news-classification
namsyntax_834728,Bác sĩ Anh khóc vì đồng nghiệp chiếm một nửa số ca trong khu cấp cứu,,50,,Sức khỏe,"Bác sĩ Alan Courtney cho rằng nhân viên y tế Anh đang bị đặt vào tình trạng nguy hiểm do thiếu những trang thiết bị bảo hộ cơ bản như khẩu trang, găng tay...",NamSyntax/vietnamese-news-classification
namsyntax_663921,Pha nhảy ngược xuống bể bơi điên rồ,,20,,Khoa học,Một trong những tình huống nhảy ngược khiến người xem thót tim.,NamSyntax/vietnamese-news-classification
namsyntax_1207415,"Lọt top xét tuyển tài năng Bách khoa với SAT tuyệt đối, IELTS 8.0",,51,,Giáo dục,"Dù giành cú đúp giải nhì quốc gia tiếng Anh, Tiến Khánh chuyển hướng sang ngành AI, đạt 1600 điểm SAT, thuộc nhóm dẫn đầu ĐH Bách khoa Hà Nội ở phương thức xét tuyển tài năng.",NamSyntax/vietnamese-news-classification
namsyntax_44687,Khởi tố tài xế vụ lật xe khách khiến 10 người tử vong ở Hà Tĩnh,,57,,Thời sự,"Viện Kiểm sát nhân dân tỉnh Hà Tĩnh vừa phê chuẩn quyết định khởi tố bị can và lệnh tạm giam đối với Lê Ngọc Thành, tài xế điều khiển xe khách bị lật khiến 10 tử vong rạng sáng 25/7.",NamSyntax/vietnamese-news-classification
namsyntax_293186,Putin sẽ đáp trả mạnh tay vụ đại sứ Nga bị ám sát,,45,,Thế giới,"Tổng
thống Nga Vladimir Putin cho rằng, vụ ám
sát Đại sứ Nga tại Thổ Nhĩ Kỳ ngày 19/12 là hành động gây hấn nhằm làm hỏng
quan hệ Nga – Thổ.",NamSyntax/vietnamese-news-classification
namsyntax_1114981,Hào quang tàn lụi bên kia con dốc của nghệ sĩ Việt nơi xứ người,,45,,Giải trí,Thông tin về nghệ sĩ Minh Cảnh lâm trọng bệnh trong tình trạng sống cô độc nơi xứ người đã làm không ít khán giả ngưỡng mộ ông xót xa.,NamSyntax/vietnamese-news-classification
namsyntax_172973,Sống trong vùng quy hoạch có được bồi thường?,,48,,Thời sự,"Giám đốc Sở Tài chính TP.HCM đề nghị làm rõ nhà
đất của các hộ dân sống trong vùng quy hoạch có thuộc trường hợp “bị
hạn chế khả năng sử dụng đất” và được bồi thường ra sao.",NamSyntax/vietnamese-news-classification
namsyntax_325144,Mỹ miễn thuế cho 400 sản phẩm Trung Quốc,,34,,Kinh doanh,Văn phòng đại diện thương mại Mỹ hôm nay vừa công bố việc gỡ 400 sản phẩm hàng Trung Quốc ra khỏi diện chịu thuế.,NamSyntax/vietnamese-news-classification
namsyntax_1039452,Diễn viên Vân Dung 'Mẹ vắng nhà': Nghỉ làm tiếp viên hàng không để kinh doanh,,47,,Giải trí,"Diễn viên Ngọc Thu - vợ NSND Bùi Bài Bình hạnh phúc được phong NSƯT nhờ vai diễn để đời trong ""Mẹ vắng nhà"" còn Vân Dung rời xa nghệ thuật.",NamSyntax/vietnamese-news-classification
namsyntax_777615,Nam bác sĩ mang ‘mùa Xuân’ đến những gia đình hiếm muộn,,44,,Sức khỏe,"""Bác sĩ ơi, em được làm mẹ rồi"", dòng tin nhắn gọn chỉ vài chữ vào ngày mùng 3 Tết khiến bác sĩ Lê Xuân Nguyên chững lại vài giây, xúc động.",NamSyntax/vietnamese-news-classification
namsyntax_118976,Phong lá đỏ Hà Nội trổ lộc ngày cận Tết Nguyên đán,,41,,Thời sự,"Hàng phong lá đỏ trồng trên các tuyến phố Hà Nội đã bắt đầu ra lộc, trổ lá ngày cận Tết Nguyên đán sau một tháng trồng thử nghiệm.",NamSyntax/vietnamese-news-classification
namsyntax_214207,Ukraine tẩy chay hội nghị của Tổ chức An ninh và Hợp tác châu Âu,,44,,Thế giới,Ukraine tuyên bố tẩy chay hội nghị các ngoại trưởng của Tổ chức An ninh và Hợp tác châu Âu dự kiến tổ chức ở Bắc Macedonia tuần này.,NamSyntax/vietnamese-news-classification
namsyntax_803232,Làm thế nào phát hiện u não?,,40,,Sức khỏe,"Gần đây tôi có dấu hiệu đau đầu dai dẳng, nhìn kém, lo lắng u não. Tôi cần làm những xét nghiệm gì để bác sĩ chẩn đoán? (Hoàng, 28 tuổi, Hà Nam)",NamSyntax/vietnamese-news-classification
namsyntax_1117569,"Những anh chàng nổi tiếng vừa lùn, vừa xấu",,30,,Giải trí,"Trời không ban cho họ ngoại hình nhưng không ai có thể phủ nhận tài năng
và thành công của họ.",NamSyntax/vietnamese-news-classification
namsyntax_167294,Thời sự tuần qua: Tan hoang vì lũ lịch sử,,57,,Thời sự,"Sắp có hai Phó Thủ tướng mới; Lũ miền Trung: 18 người chết và mất tích; Dương Chí Dũng bỏ 1,6 triệu đô mua căn hộ cho 'bồ nhí'; Phương Mỹ Chi trở thành 'gà' của Quang Lê;...là những thông tin thời sự nổi bật tuần qua.",NamSyntax/vietnamese-news-classification
namsyntax_1127173,"Mỹ Tâm nồng nàn, ngẫu hứng và phiêu",,32,,Giải trí,"Hòa trộn giữa phiêu diêu R&B, ngẫu hứng jazz... chương trình còn là cuộc đối thoại cởi mở giữa Mỹ Tâm và khán giả.",NamSyntax/vietnamese-news-classification
namsyntax_1054394,Nhan sắc thăng hạng của Top 5 Miss Grand Vietnam 2022,,58,,Giải trí,"Hoa hậu Đoàn Thiên Ân cùng các Á hậu Chế Nguyễn Quỳnh Châu, Trần Tuyết Như, Trần Nguyên Minh Thư và Ngô Thị Quỳnh Mai hội ngộ, khoe sắc trong bộ ảnh khởi động cuộc thi Miss Grand Vietnam - Hoa hậu Hòa bình Việt Nam 2023.",NamSyntax/vietnamese-news-classification
namsyntax_1060696,Hậu trường cảnh Quỳnh Nga hôn bạn diễn hotboy kém 5 tuổi giữa đường,,43,,Giải trí,Quỳnh Nga và Minh Hoàng phải thực hiện tới đúp thứ 3 mới hoàn thành cảnh quay với sự trợ giúp của những chiếc hộp được ghép thành đệm.,NamSyntax/vietnamese-news-classification
namsyntax_1149960,Bắt đối tượng sát hại tài xế xe ôm công nghệ,,34,,Pháp luật,"Sau khi sát hại tài xế xe ôm, Lê Văn Công đã cướp xe máy, điện thoại và túi xách của nạn nhân.",NamSyntax/vietnamese-news-classification
namsyntax_344572,Shipper vẫn tự xét nghiệm ba ngày một lần,,46,,Kinh doanh,"TP HCM - Theo hướng dẫn mới, shipper tiếp tục tự xét nghiệm ba ngày một lần trong khi một số hãng đề xuất giãn tần suất này do nhiều tài xế đã tiêm đủ liều vaccine.",NamSyntax/vietnamese-news-classification
namsyntax_1212637,Lễ kỷ niệm Quốc khánh Cộng hòa Pháp: Ấn tượng bởi tiết mục biểu diễn võ thuật của học sinh,,70,,Giáo dục,"Tối 15/7, Đại sứ quán Pháp tại VN tổ chức Lễ kỷ niệm mừng Quốc khánh lần thứ 235 của Cộng hòa Pháp với nhiều hoạt động ý nghĩa. Trong đó, có các tiết mục biểu diễn võ thuật, lân sư rồng đặc sắc của học sinh trường THPT IVS.",NamSyntax/vietnamese-news-classification
namsyntax_846772,Cách ăn rau muống đúng cách để loại bỏ độc tố,,29,,Sức khỏe,Rau muống chứa nhiều vitamin và khoáng chất nhưng ăn sai cách có thể gây bệnh nghiêm trọng.,NamSyntax/vietnamese-news-classification
namsyntax_1131523,"Sổ tiết kiệm đứng tên mẹ, ai được quyền thừa kế?",,43,,Pháp luật,"Tôi là con cả, dưới có 2 em. Mẹ tôi mất đột ngột, số tiết kiệm đứng tên bà thì ai được quyền thừa kế khi không có di chúc? (Lê Nam)",NamSyntax/vietnamese-news-classification
namsyntax_817257,"Cải cúc dưỡng tim, bổ phổi nhưng không nên ăn nhiều",,35,,Sức khỏe,"Cải cúc giàu vitamin C, dưỡng tim, bổ phổi, tốt cho trí não. Tuy nhiên, có những người không nên ăn loại rau này.",NamSyntax/vietnamese-news-classification
namsyntax_884066,Quang Hải không ghi bàn 17 trận liên tiếp,,40,,Thể thao,"Pháp - Tiền vệ Nguyễn Quang Hải mờ nhạt ở trận thứ tư cho Pau B ở giải hạng Năm Pháp, nâng chuỗi không ghi bàn của anh lên 17 trận.",NamSyntax/vietnamese-news-classification
namsyntax_167239,Xe cứu thương chở gần 256kg tê tê,,46,,Thời sự,"Nguồn tin từ lực lượng CSGT Công an Phú Yên cho hay, khi đơn vị này ra hiệu
lệnh dừng xe, tài xế Trường đã không chấp hành mà tiếp tục chạy và bị bắt ngay
sau đó.",NamSyntax/vietnamese-news-classification
namsyntax_1164051,Ba công ty 'tín dụng đen' ở Sài Gòn do người nước ngoài điều hành,,51,,Pháp luật,"Cơ quan điều tra xác định ba công ty ""tín dụng đen"" tuy độc lập nhưng chịu sự quản lý chung của hai doanh nghiệp tại Singapore, có giám đốc điều hành là người Đông Âu.",NamSyntax/vietnamese-news-classification
namsyntax_374780,Nhiều nước cảnh báo việc Trung Quốc siết xuất khẩu đất hiếm,,42,,Kinh doanh,"Giới chức và lãnh đạo doanh nghiệp từ Mỹ, Ấn Độ, Nhật Bản đến châu Âu đều lo ngại thiếu đất hiếm đe dọa các ngành công nghiệp chủ chốt.",NamSyntax/vietnamese-news-classification
namsyntax_816688,Nước rau muống luộc sẫm màu là do tồn dư thuốc bảo vệ thực vật?,,45,,Sức khỏe,Màu sắc sẫm hơn của canh rau muống khiến nhiều bà nội trợ lo lắng liệu đây có phải biểu hiện của việc tồn dư thuốc bảo vệ thực vật.,NamSyntax/vietnamese-news-classification
namsyntax_195366,Nga nêu 4 trường hợp sử dụng vũ khí hạt nhân,,41,,Thế giới,"Ông Medvedev nêu 4 khả năng Nga sử dụng vũ khí hạt nhân, trong đó có kịch bản nước này không bị tấn công trước bằng vũ khí hạt nhân.",NamSyntax/vietnamese-news-classification
namsyntax_1258290,Gợi ý giải đề môn Văn khối C,,40,,Giáo dục,"Dưới đây là hướng dẫn giải đề thi
ĐH môn Ngữ Văn khối C do các thầy cô trung tâm hocmai.vn thực hiện. Đáp án này
chỉ có tính chất tham khảo.",NamSyntax/vietnamese-news-classification
namsyntax_195942,Bé ba tuổi bắc ghế giúp đỡ người cha sống thực vật,,45,,Thế giới,"Trung Quốc - Video Tutu, cậu bé ba tuổi đứng trên ghế đẩu giúp giữ thẳng đầu của người cha sống thực vật ở An Huy, đang gây sốt trên mạng xã hội.",NamSyntax/vietnamese-news-classification
namsyntax_1101870,Lời cầu xin của Brad Pitt sau khi Angelina Jolie đệ đơn ly hôn,,37,,Giải trí,"""Tôi tha thiết đề nghị báo chí hãy dành cho chúng tôi khoảng không gian riêng tư trong giai đoạn khó khăn này"".",NamSyntax/vietnamese-news-classification
namsyntax_31948,Công bố bảo vật Linga vàng,,41,,Thời sự,"Sau hơn 10 năm tìm thấy, lần đầu tiên bảo vật quốc gia Linga vàng được công bố với công chúng tại lễ hội Katê năm 2024 trên tháp Pô Sah Inư, TP Phan Thiết.",NamSyntax/vietnamese-news-classification
namsyntax_1112463,Phản cảm hình ảnh chân dài mặc bikini tắm cho người già,,27,,Giải trí,Hoạt động này đang nhận rất nhiều phản ứng gay gắt từ cộng đồng mạng.,NamSyntax/vietnamese-news-classification
namsyntax_734000,Soi phong thủy từ những ‘bạch dinh’ cực bề thế của sao Việt,,47,,Bất động sản,"Nhiều sao Việt đình đám như Lý Nhã Kỳ, Đàm Vĩnh Hưng, Quyền Linh đều chọn sơn phủ cho các biệt thự triệu đô tráng lệ của mình sắc trắng tinh khôi, sang trọng.",NamSyntax/vietnamese-news-classification
namsyntax_904550,Báo AS: 'Enrique biến PSG từ chú vịt xấu xí thành thế lực châu Âu',,56,,Thể thao,"Theo báo Tây Ban Nha AS, việc chủ tịch Nasser Al-Khelaifi đặt niềm tin vào HLV Luis Enrique đã đưa PSG lên đỉnh cao và trở thành thế lực của bóng đá thế giới, cả về chuyên môn lẫn tài chính.",NamSyntax/vietnamese-news-classification
namsyntax_730878,"28/7, cất nóc và mở bán căn hộ đáng sống bậc nhất Long Biên",,52,,Bất động sản,"Gây ấn tượng bởi vị trí, chất lượng và tiện ích, Khu căn hộ TSG Lotus Sài Đồng tiếp tục ghi điểm bởi tiến độ xây dựng nhanh chóng, cán mốc cất nóc vào cuối tháng 7/2019 này.",NamSyntax/vietnamese-news-classification
namsyntax_915773,"Tuyển futsal nữ Việt Nam gặp Iran, Philippines, mơ vé World Cup",,41,,Thể thao,"Kết quả bốc thăm đưa tuyển futsal nữ Việt Nam vào bảng B cùng với Iran, Hong Kong (Trung Quốc) và Philippines, tại VCK futsal nữ châu Á 2025.",NamSyntax/vietnamese-news-classification
namsyntax_1095867,Đầm suông dành cho quý cô tuổi trung niên,,40,,Giải trí,"Bài viết gợi ý cho bạn mẫu váy đầm suông dành cho các quý cô tuổi trung niên, để các cô luôn tỏa sáng với vẻ đẹp quý phái của mình.",NamSyntax/vietnamese-news-classification
namsyntax_1111612,Quang Lê phẫn nộ với thông tin lạm dụng Phương Mỹ Chi,,51,,Giải trí,"""Việc bảo tôi lạm dụng và bóc lột sức lao động của con gái nuôi là
không có. Phương Mỹ Chi không hề có nhiều sô, hai ba tháng mới có một
cái..."", ca sĩ Quang Lê chia sẻ.",NamSyntax/vietnamese-news-classification
namsyntax_470193,Phát hoảng với mỡ lợn đóng chai,,32,,Kinh doanh,"Cho đến thời điểm này,
phải đến tới 90%  gia đình thành thị và 70% gia đình nông thôn đã “nói
không” với mỡ lợn..",NamSyntax/vietnamese-news-classification
namsyntax_993657,ĐT Anh: Ứng vạn biến,,36,,Thể thao,"Phải thừa nhận ở một giai đoạn quan trọng như thế
này mà Fabio Capello vẫn dám mạo hiểm với phương án chiến thuật mới thì quả là
đáng khâm phục...",NamSyntax/vietnamese-news-classification
namsyntax_160978,24h Biển Đông: Không thể 'đem gươm đao' đến nhà người,,56,,Thời sự,"Thủ tướng kiểm tra dự án đóng mới tàu cho lực lượng kiểm ngư, Thứ trưởng Quốc phòng Nguyễn Chí Vịnh trả lời TTXVN, hàng chục tàu TQ uy hiếp tàu cá VN... Đây là những thông tin nổi bật về Biển Đông 24h qua.",NamSyntax/vietnamese-news-classification
namsyntax_346531,Shun Yi - làn gió mới của ẩm thực Quảng Đông tại Sài Gòn,,41,,Kinh doanh,"Các món ăn tại nhà hàng Shun Yi được đặt trong thố đá, giữ nguyên hương - vị - sắc của ẩm thực Quảng Đông truyền thống.",NamSyntax/vietnamese-news-classification
namsyntax_1050517,Góc nhìn mới về chiến tranh trong tiểu thuyết 'Suối cọp' của Trung tướng Hữu Ước,,30,,Giải trí,Trung tướng - nhà văn Hữu Ước vừa ra mắt tiểu thuyết 'Suối Cọp'.,NamSyntax/vietnamese-news-classification
namsyntax_1050093,"Nông Thúy Hằng có bố là đại tá quân đội, dù là hoa hậu nhưng tự nhận vẫn nghèo",,57,,Giải trí,"Hoa hậu các Dân tộc Việt Nam 2022, Á hậu 2 Hoa hậu Hữu nghị Quốc tế 2023 Nông Thúy Hằng nói vui nếu không thi sắc đẹp đã làm văn phòng lương tháng vài chục triệu đồng.",NamSyntax/vietnamese-news-classification
namsyntax_901150,Man Utd rơi điểm trước Arsenal,,35,,Thể thao,"Anh - Tiền vệ Bruno Fernandes ghi tuyệt phẩm mở tỷ số, nhưng Man Utd chỉ có thể hòa đội khách Arsenal 1-1 ở vòng 28 Ngoại hạng Anh.",NamSyntax/vietnamese-news-classification
namsyntax_99824,"Dừng thí điểm taxi công nghệ, hàng vạn lái xe bị ảnh hưởng thế nào?",,66,,Thời sự,"Từ ngày 1/4 tới đây, Bộ GTVT sẽ dừng thí điểm triển khai ứng dụng khoa học công nghệ hỗ trợ quản lý và kết nối hoạt động vận tải hành khách theo hợp đồng, việc dừng thí điểm này sẽ ảnh hưởng tới hàng vạn lái xe taxi công nghệ.",NamSyntax/vietnamese-news-classification
namsyntax_1068189,"Việt Hương, Đan Trường góp chục tấn gạo hỗ trợ người dân TP.HCM",,38,,Giải trí,"Nhằm chia sẻ, hỗ trợ những người dân TP.HCM đang gặp khó khăn vì Covid-19, đông đảo nghệ sĩ Việt đã chung tay đóng góp.",NamSyntax/vietnamese-news-classification
namsyntax_1305730,"Người yêu cũ phá đám cưới, chú rể bị bắt ngay lúc đi rước dâu",,43,,Đời sống,"ẤN ĐỘ - Vì lừa dối người yêu cũ, gã trai bị cảnh sát bắt khi đang trên đường đi rước người phụ nữ khác về làm vợ.",NamSyntax/vietnamese-news-classification
namsyntax_67372,"Xe tải tông nhau trên cao tốc TP.HCM-Long Thành, tài xế kẹt cứng trong cabin",,44,,Thời sự,Cú tông mạnh vào đuôi ô tô chạy cùng chiều trên cao tốc  TP.HCM – Long Thành – Dầu Giây khiến tài xế kẹt cứng trong cabin biến dạng.,NamSyntax/vietnamese-news-classification
namsyntax_1215883,Chỉ số đổi mới sáng tạo của Việt Nam liên tục tăng trong những năm qua,,57,,Giáo dục,"- Chỉ số đổi mới sáng tại của Việt Nam liên tục tăng trong những năm vừa qua, trong đó năm 2018 tăng 3 bậc lên vị trí 42, đứng đầu trong các quốc gia có thu nhập trung bình thấp.",NamSyntax/vietnamese-news-classification
namsyntax_726081,Thiết kế nội thất biệt thự đẹp lung linh,,32,,Bất động sản,"Những chia sẻ sau đây về thiết kế nội thất biệt thự đẹp, hi vọng đem lại thông tin bổ ích cho bạn.",NamSyntax/vietnamese-news-classification
namsyntax_1190553,Hơn 1 triệu trẻ em Hà Nội uống sữa học đường,,39,,Giáo dục,"1.059.854 trẻ mẫu giáo và học sinh tiểu học của 4.000 trường trên địa bàn Hà Nội tham gia chương trình “Sữa học đường”, đạt tỷ lệ 91,6%.",NamSyntax/vietnamese-news-classification
namsyntax_407499,Hé lộ 6 công việc lương cao nhất Việt Nam,,41,,Kinh doanh,"Lương cao là một trong những yếu tố bất kỳ người lao động nào cũng mong muốn. Tuy nhiên, bạn có biết đâu là công việc lương cao nhất Việt Nam?",NamSyntax/vietnamese-news-classification
namsyntax_1066435,Hôn nhân 21 năm viên mãn dù không con cái của ca sĩ Minh Tuyết,,35,,Giải trí,"Minh Tuyết hiện đang có cuộc sống hạnh phúc, xa hoa bên ông xã doanh nhân dù chưa có con.",NamSyntax/vietnamese-news-classification
namsyntax_37744,Cầu nối cao tốc Bến Lức với cảng Cái Mép sau 2 năm thi công,,54,,Thời sự,"Sau hai năm thi công, cầu Phước An dài hơn 4 km, tổng vốn gần 4.900 tỷ đồng, nối cao tốc Bến Lức - Long Thành và cảng Cái Mép dần thành hình, bắt đầu lắp cáp dây văng.",NamSyntax/vietnamese-news-classification
namsyntax_1287642,'Thế hệ chuột túi' ăn bám cha mẹ vì sợ kết hôn,,39,,Đời sống,"Nhiều người Hàn Quốc 30 tuổi vẫn phụ thuộc vào cha mẹ về mặt tài chính lẫn tình cảm vì thất nghiệp, không hẹn hò, kết hôn.",NamSyntax/vietnamese-news-classification
namsyntax_1348359,Lãng du ở thị trấn ngủ quên,,32,,Đời sống,"Phó Bảng – thị trấn
sầm uất vùng biên viễn của Đồng Văn (Hà Giang) hình như bị ngủ quên
chừng vài chục năm nay.",NamSyntax/vietnamese-news-classification
namsyntax_1135276,Cựu thiếu tướng vụ bảo kê 'trùm' buôn lậu xăng kháng cáo,,42,,Pháp luật,Tòa án quân sự Quân khu 7 đã nhận được đơn kháng cáo của 8 bị cáo trong vụ cựu sỹ quan quân đội bảo kê “trùm” buôn lậu xăng.,NamSyntax/vietnamese-news-classification
namsyntax_1207440,"Đề, đáp án khảo sát lớp 6 trường THCS-THPT Trần Đại Nghĩa",,46,,Giáo dục,Sở Giáo dục và Đào tạo TP HCM tối 19/7 công bố đề và đáp án các môn thi đánh giá năng lực chọn học sinh vào lớp 6 trường THCS-THPT Trần Đại Nghĩa.,NamSyntax/vietnamese-news-classification
namsyntax_385080,Việt Nam tăng tốc tiến vào kỷ nguyên xanh với những ‘đầu tàu’ như Vingroup,,55,,Kinh doanh,"Hơn 50.000 người tham gia Ngày hội Xanh 2025, hàng loạt hoạt động ý nghĩa tiếp tục lan tỏa trong hệ sinh thái đa ngành nghề, lĩnh vực và truyền cảm hứng cho hàng triệu khách hàng trên toàn quốc.",NamSyntax/vietnamese-news-classification
namsyntax_1213892,Đáp án môn Tiếng Anh thi lớp 10 ở Hà Nội năm 2019,,38,,Giáo dục,- Sở GD-ĐT Hà Nội vừa công bố đáp án chính thức môn Tiếng Anh kỳ thi tuyển sinh vào lớp 10 năm học 2019-2020.,NamSyntax/vietnamese-news-classification
namsyntax_585361,Vì sao Google chọn xây trung tâm dữ liệu tại Singapore và Đài Loan?,,45,,Khoa học,"Hiện tại, Google chỉ có 2 trung tâm dữ liệu tại châu Á, nằm ở Singapore và Đài Loan. Vì sao gã khổng lồ tìm kiếm Internet lại chọn nước này?",NamSyntax/vietnamese-news-classification
namsyntax_898503,Amorim: 'Man Utd không thể chơi giống Sporting',,42,,Thể thao,"Bồ Đào Nha - Theo HLV Ruben Amorim, Man Utd đang ở trình độ thấp và sẽ mất nhiều thời gian để cầu thủ làm quen lối chơi ông đã xây dựng ở Sporting.",NamSyntax/vietnamese-news-classification
namsyntax_1113535,Beckham khen Hồ Ngọc Hà xinh đẹp,,32,,Giải trí,"Cựu danh thủ Anh chủ động tiến lại vị trí của Hồ Ngọc Hà, nở nụ cười tươi và khen ca sĩ này ""xinh đẹp"".",NamSyntax/vietnamese-news-classification
namsyntax_247333,Nga dự báo có nhiều tin đồn khi Ngoại trưởng Triều Tiên sang thăm,,49,,Thế giới,"Người phát ngôn Bộ Ngoại giao Nga Maria Zakharova cho biết, Moscow cho rằng sẽ có đủ loại suy đoán xung quanh chuyến thăm của Ngoại trưởng Triều Tiên Choe Son Hui tới nước này.",NamSyntax/vietnamese-news-classification
namsyntax_153971,TP HCM lại kiểm tra đột xuất taxi Uber,,57,,Thời sự,"Thanh tra Sở GTVT TP HCM vừa ra quân kiểm tra, lập biên bản vi phạm hàng loạt taxi Uber hoạt động trái luật trên địa bàn quận 4 và quận 7. Hầu hết các xe bị xử phạt đều không có hợp đồng vận chuyển hành khách.",NamSyntax/vietnamese-news-classification
namsyntax_421870,Tiêu chí phân loại công chức thay đổi như thế nào từ ngày 1/7?,,46,,Kinh doanh,"Từ 1/7/2020, khi Luật sửa đổi, bổ sung số 52/2019/QH14 chính thức có hiệu lực thì công chức sẽ có tổng cộng là 6 ngạch so với 5 ngạch như hiện nay.",NamSyntax/vietnamese-news-classification
namsyntax_1142979,Phạm nhân trốn trại ở Lâm Đồng bị bắt trong rẫy cà phê,,43,,Pháp luật,Phạm nhân trốn khỏi Trại giam Đại Bình ở Lâm Đồng đã bị bắt giữ khi đang lẩn trốn tại một căn chòi trong rẫy cà phê của người dân.,NamSyntax/vietnamese-news-classification
namsyntax_1122282,Nhạc sĩ Hồng Thuận ngẫu hứng với giá xăng,,31,,Giải trí,"Cộng đồng mạng đang xôn xao clip chế của nhạc sĩ Nguyễn Hồng Thuận về
sự tăng liên tục của giá xăng.",NamSyntax/vietnamese-news-classification
namsyntax_1344571,"Phải “hạ thổ” thì anh xã mới xung phong, cắm cờ…",,59,,Đời sống,"Anh xã em chỉ về đích
được khi vợ chồng gần gũi dưới sàn nhà trong khi em lại rất sợ vì sàn nhà vừa
cứng, vừa lạnh. Rất nhiều lần, chúng em bắt đầu trên giường nhưng kết thúc dưới
đất và em thấy không thỏa mãn.",NamSyntax/vietnamese-news-classification
namsyntax_1172401,"Cảnh sát truy tìm kẻ giả gái, chích điện 2 người ở Phú Quốc",,46,,Pháp luật,"Hòa, 40 tuổi, đội tóc giả, dùng chích điện tự chế truy đuổi, tấn công người phụ nữ và một người khác tại sân bóng thuộc phường Dương Đông, TP Phú Quốc.",NamSyntax/vietnamese-news-classification
namsyntax_717196,"Bắc Giang cho chuyển nhượng hơn 1.200 khu đất phân lô, bán nền",,41,,Bất động sản,"Bắc Giang vừa cho phép hơn 1.200 khu đất phân lô, bán nền tại 4 dự án được phép chuyển nhượng để người dân tự xây nhà ở.",NamSyntax/vietnamese-news-classification
namsyntax_263799,"Nhật áp hạn chế Covid-19 với hơn 70% dân số, biến thể mới nguy hiểm hơn Delta",,56,,Thế giới,"Nhật quyết định mở rộng các biện pháp hạn chế nhằm ngăn ngừa Covid-19 với hơn 70% dân số, trong bối cảnh các ca nhiễm mới tăng vọt, có thể làm các bệnh viện trên toàn quốc quá tải.",NamSyntax/vietnamese-news-classification
namsyntax_751886,217 người tiếp xúc 5 bệnh nhân Hà Nội xét nghiệm âm tính,,39,,Sức khỏe,"Sở Y tế Hà Nội sáng 13/3 cho biết trong 230 người tiếp xúc gần 5 bệnh nhân dương tính, có 217 trường hợp âm tính.",NamSyntax/vietnamese-news-classification
namsyntax_1147090,Bắt giam cựu hiệu trưởng Đinh Bằng My dâm ô 7 nam sinh ở Phú Thọ,,48,,Pháp luật,"Cơ quan chức năng vừa khởi tố bổ sung, bắt giam bị can Đinh Bằng My để điều tra hành vi xâm hại tình dục hàng loạt nam sinh trường nội trú.",NamSyntax/vietnamese-news-classification
namsyntax_569447,VinaPhone sẽ tặng thêm 1 tỷ đồng cho tuyển Việt Nam khi ghi bàn vào lưới Malaysia ngày 15/12,,61,,Khoa học,ictnews VinaPhone vừa tuyên bố sẽ tặng thêm 1 tỷ đồng cho đội tuyển Việt Nam khi ghi bàn vào lưới đội tuyển Malaysia tại trận Chung kết lượt về AFF Cup 2018 trên sân nhà Mỹ Đình tối ngày 15/12 tới.,NamSyntax/vietnamese-news-classification
namsyntax_315648,Cựu thái tử Nepal bị bắt vì ma túy tại Thái Lan,,49,,Thế giới,"Cựu thái tử Nepal Paras Shah đã được cấp bảo lãnh tại ngoại sau khi bị bắt
với cáo buộc sở hữu cần sa trên đảo nghĩ dưỡng Phuket, cảnh sát hôm thứ Sáu
(30/11) cho biết.",NamSyntax/vietnamese-news-classification
namsyntax_98920,Chủ tịch tỉnh Quảng Nam gửi thư kêu gọi đồng hương 'đừng về quê',,45,,Thời sự,"Chủ tịch tỉnh Quảng Nam viết thư kêu gọi bà con đồng hương đang ở Hà Nội,TP.HCM tạm dừng về quê cho tới 15/4 để tỉnh tập trung chống dịch Covid-19.",NamSyntax/vietnamese-news-classification
namsyntax_444542,Kinh ngạc tìm thấy kho báu của một bà lão ăn mày,,55,,Kinh doanh,"Trong ngôi nhà của một người hành khất đã qua đời ở thành phố Najaf miền nam Iraq, cách thủ đô Baghdad 160 km về phía nam người ta đã phát hiện một kho báu thực sự với hàng triệu dinar tiền Iraq.",NamSyntax/vietnamese-news-classification
namsyntax_306391,"Trung Quốc, Nga, Triều Tiên lập khu du lịch quốc tế",,36,,Thế giới,"Trung Quốc dự định thành lập một khu du lịch quốc tế ở khu vực biên giới phía
đông bắc với Nga và Triều Tiên.",NamSyntax/vietnamese-news-classification
namsyntax_998958,Miley Cyrus có tình mới,,28,,Giải trí,"Miley Cyrus hẹn hò nam ca sĩ người Australia Cody Simpson, 22 tuổi, hai tuần từ khi chia tay bạn gái Kaitlynn Carter.",NamSyntax/vietnamese-news-classification
namsyntax_418203,"Lên mạng đầu tư làm giàu, coi chừng tán gia bại sản",,56,,Kinh doanh,"Không ít người được mời chào đổ tiền đầu tư hoặc ủy thác đầu tư ngoại hối thông qua sàn forex (sàn giao dịch vàng, bạc, ngoại hối) đã trắng tay vì thiếu hiểu biết hoặc rơi vào bẫy của các nhóm môi giới.",NamSyntax/vietnamese-news-classification
namsyntax_266504,Covid-19: TQ phát hành,,50,,Thế giới,"Trung Quốc khởi động chương trình cấp giấy chứng nhận sức  khỏe phục vụ nhu cầu du lịch nội địa, trở thành quốc gia đi  đầu trong việc cấp ""hộ chiếu vắc-xin Covid-19"". Cùng lúc đó, WHO đưa ra khuyến cáo về loại hộ chiếu này.",NamSyntax/vietnamese-news-classification
namsyntax_715093,Loạt đường sẽ mở mới quanh Aeon Mall Hà Đông,,37,,Bất động sản,"Hà Nội - Nhiều đường được mở ở phường Đại Mỗ (quận Nam Từ Liêm), trong đó quan trọng nhất là tuyến Lê Quang Đạo kéo dài.",NamSyntax/vietnamese-news-classification
namsyntax_740941,"6 ngôi nhà đẹp, hiện đại nhờ sử dụng đá hoa cương",,41,,Bất động sản,"Đá hoa cương hay còn gọi là đá granite, là loại đá tự nhiên, cứng,
được sử dụng phổ biến trong các công trình xây dựng, nội ngoại thất.",NamSyntax/vietnamese-news-classification
namsyntax_118020,Dân tố lò giết mổ biến lợn lành thành què,,41,,Thời sự,"Nhiều hộ dân ở Hương Khê (Hà Tĩnh) phản ứng lò giết mổ gia súc tập trung vì cho rằng lò mổ gây ô nhiễm, biến lợn lành thành lợn què.",NamSyntax/vietnamese-news-classification
namsyntax_1034658,Nhiều sách dịch kém chất lượng,,35,,Giải trí,"Dịch sai, chưa đúng tinh thần của tác giả, câu văn không thuần Việt là những lỗi chuyển ngữ phổ biến của nhiều đầu sách trong nước hiện nay.",NamSyntax/vietnamese-news-classification
namsyntax_1328466,Mẹo tiêu Tết của bà mẹ 'lương tháng nào hết tháng ấy',,45,,Đời sống,"10 năm làm vợ, làm mẹ, tôi có kha khá kinh nghiệm chi tiêu ngày
Tết, câu danh ngôn tự chế mà tôi thuộc lòng là ""quyết không để cháy túi vì Tết""",NamSyntax/vietnamese-news-classification
namsyntax_818874,Quy trình khám chữa bệnh ở phòng khám đa khoa SaiGon Healthcare,,47,,Sức khỏe,Phòng khám đa khoa SaiGon Healthcare đã và đang mang đến những trải nghiệm chăm sóc sức khỏe toàn diện cho nhiều khách hàng nhờ quy trình khám chữa bệnh đơn giản và thuận tiện.,NamSyntax/vietnamese-news-classification
namsyntax_369504,Đăk Nông thu ngân sách nhà nước gần 2.200 tỷ đồng,,30,,Kinh doanh,"Trong 9 tháng, tỉnh thu ngân sách nhà nước 2.199 tỷ đồng, đạt gần 75% dự toán được giao.",NamSyntax/vietnamese-news-classification
namsyntax_1153475,Bà Diệp Bạch Dương được di lý vào Sài Gòn,,49,,Pháp luật,"Đại gia Dương Thị Bạch Diệp (Diệp Bạch Dương), 72 tuổi, được di lý từ Hà Nội vào TP HCM để đưa ra xét xử cùng cựu phó chủ tịch Nguyễn Thành Tài trong sai phạm hoán đổi nhà.",NamSyntax/vietnamese-news-classification
namsyntax_1174147,Đường dây buôn lậu hàng nội thất Trung Quốc về TP HCM bị triệt phá,,45,,Pháp luật,"Lo Kok, 53 tuổi, bị cáo buộc nhập lậu nhiều container hàng nội thất từ Trung Quốc về, trị giá nhiều tỷ đồng nhưng khai báo số lượng ít đi.",NamSyntax/vietnamese-news-classification
namsyntax_1285024,Sang Lê khoe vóc dáng gợi cảm sau sinh,,31,,Đời sống,"Sau hơn 4 tháng sinh con, Hoa hậu Sang Lê khiến nhiều người bất ngờ với vóc dáng thon gọn, gợi cảm.",NamSyntax/vietnamese-news-classification
namsyntax_631594,Offline trải nghiệm “nghe nhạc di động” tại Hà Nội,,51,,Khoa học,Buổi offline trải nghiệm với chủ đề “nghe nhạc di động” vừa được tổ chức tại Hà Nội giúp người dùng cập nhật những xu hướng mới trong lựa chọn tai nghe và nghe nhạc chất lượng cao trên di động.,NamSyntax/vietnamese-news-classification
namsyntax_1339833,Thế giới ẩm thực Philippines qua lời kể của cô dâu Việt,,41,,Đời sống,"""Câu nói 'chán cơm thèm phở' không thể dịch ra bằng tiếng người bản địa
vì họ không có khái niệm chán cơm"", bạn đọc Thúy Nguyễn chia sẻ.",NamSyntax/vietnamese-news-classification
namsyntax_643386,Cặp đôi siêu xe biển số độc nhất Hà Nội,,35,,Khoa học,Siêu xe Bentley Continental Flying Spur cùng chiếc Rolls-Royce Wraith đăng ký sau tại Hà Nội đó đều có 5 số cuối mang số 567.89.,NamSyntax/vietnamese-news-classification
namsyntax_725541,Biệt thự Indochine đẹp như viên ngọc quý giữa lòng phố biển,,35,,Bất động sản,Căn biệt thự ở Vân Đồn (Quảng Ninh) nổi bật với ngoại thất sơn trắng giống viên ngọc quý giữa lòng phố biển.,NamSyntax/vietnamese-news-classification
namsyntax_345341,VietinBank khuyến khích người dùng mở tài khoản online,,37,,Kinh doanh,Nhiều chương trình khuyến mãi được VietinBank tích cực triển khai qua VietinBank iPay Mobile nhằm khuyến khích người dùng mở tài khoản và giao dịch trực tuyến.,NamSyntax/vietnamese-news-classification
namsyntax_461647,"Việt Nam, nơi nghỉ hưu tốt hàng đầu thế giới",,42,,Kinh doanh,Trang web của tạp chí International Living (IL) có trụ sở tại Mỹ đã đưa Việt Nam vào danh sách các địa điểm nghỉ hưu tốt nhất thế giới trong năm 2015.,NamSyntax/vietnamese-news-classification
namsyntax_1133993,Công an truy tìm Ngân “gốm,,48,,Pháp luật,"Công an huyện Gia Lâm (Hà Nội) ngày 13/8 cho biết, đơn vị đã tiếp nhận một số đơn tố giác bà Đỗ Thị Kim Ngân về hành vi lừa đảo chiếm đoạt tài sản từ tháng 8 năm 2020 đến nay.",NamSyntax/vietnamese-news-classification
namsyntax_379687,Cổ phiếu 'họ Vin' kéo VN-Index trở lại mốc 1.700 điểm,,39,,Kinh doanh,"Các cổ phiếu ""họ Vin"" tăng mạnh cùng GEE tím trần đã giúp VN-Index trở lại mốc 1.700 điểm dù chứng khoán tiếp tục ""xanh vỏ, đỏ lòng"".",NamSyntax/vietnamese-news-classification
namsyntax_1132696,Cuộc sống tại nhà tù khét tiếng Alcatraz,,36,,Pháp luật,"Mỹ - Thời kỳ đầu, tù nhân tại Alcatraz phải giữ yên lặng gần như cả ngày, kể cả nói chuyện một mình trong phòng cũng bị cấm.",NamSyntax/vietnamese-news-classification
namsyntax_753696,Những nghiên cứu ít biết về ung thư,,34,,Sức khỏe,"Dấu tích bệnh ung thư được phát hiện trong hóa thạch khủng long; phẫu thuật ung thư được giới thiệu vào thế kỷ 18…, theo Roche.",NamSyntax/vietnamese-news-classification
namsyntax_1229444,Điều tra vụ giả mạo công văn Cần Thơ cho học sinh nghỉ hết tháng 3,,54,,Giáo dục,Trên mạng xã hội xuất hiện công văn giả mạo UBND TP Cần Thơ cho học sinh nghỉ hết tháng 3. Lãnh đạo TP đã yêu cầu Sở TT&TT và Công an vào cuộc xác minh làm rõ.,NamSyntax/vietnamese-news-classification
namsyntax_43608,"CSGT tước 318 giấy phép lái xe, tạm giữ 57 xe ô tô",,56,,Thời sự,"Ngày nghỉ thứ 3 kỳ nghỉ lễ Quốc khánh 2/9, lực lượng CSGT đã kiểm tra, phát hiện, xử lý 10.223 trường hợp vi phạm; phạt tiền 24 tỷ 649 triệu đồng; tước 318 GPLX các loại; tạm giữ 57 xe ô tô...",NamSyntax/vietnamese-news-classification
namsyntax_997786,Thú cưng của Joe Jonas và Sophie Turner bị ôtô tông chết,,34,,Giải trí,Chú chó Waldo Picasso bị ôtô cán khi đi dạo cùng nhân viên trông thú nuôi tại thành phố New York (Mỹ).,NamSyntax/vietnamese-news-classification
namsyntax_85418,Gần 300 bác sĩ quân y hừng hực khí thế quyết tâm vào Nam chống dịch,,50,,Thời sự,"Tiếng hô ""xin hứa"", ""quyết tâm"" đồng lòng của gần 300 y bác sĩ, học viên Học viện Quân y thể hiện tinh thần quyết chiến thắng dịch bệnh vì đồng bào miền Nam.",NamSyntax/vietnamese-news-classification
namsyntax_947189,"Jadon Sancho tự tin ký MU, Salah thay Mbappe ở PSG",,42,,Thể thao,"Jadon Sancho tự tin cập bến MU hè này, PSG chọn Salah thay Mbappe, Barca thanh lý hàng loạt ngôi sao là những tin bóng đá mới nhất hôm nay, 16/5.",NamSyntax/vietnamese-news-classification
namsyntax_189601,Taxi đua với... CSGT giữa phố,,41,,Thời sự,"Ngay khi bị CSGT yêu cầu xuống, chủ xe vẫn ngồi
lì trên xe, sau đó lùi xe chạy ngược chiều để bỏ trốn gây rối loạn giao thông
khu vực đường Đinh Tiên Hoàng.",NamSyntax/vietnamese-news-classification
namsyntax_820689,"Phát hiện ung thư giai đoạn cuối từ triệu chứng nuốt vướng, nghẹn",,47,,Sức khỏe,"Ông T. xuất hiện tình trạng nuốt vướng, nghẹn tăng dần, đến khi ông chỉ ăn được cháo mới đi khám, phát hiện ung thư thực quản giai đoạn cuối, di căn 5 hạch.",NamSyntax/vietnamese-news-classification
namsyntax_1111587,Toàn cảnh tiệc sinh nhật tràn ngập màu hồng của Hương Giang Idol,,51,,Giải trí,"Buổi sinh nhật của Hương Giang Idol được fan tổ chức rất ấm áp, gần gũi cùng người yêu Criss Lai. Không gian tiệc được trang trí với phông nền và nhiều ánh sáng hồng, tím lãng mạn.",NamSyntax/vietnamese-news-classification
namsyntax_609611,Đào tạo nhận thức phòng chống tấn công mạng cho đội ngũ làm tuyên truyền ở Lai Châu,,72,,Khoa học,"Một số vấn đề cụ thể được đặt ra trong lớp tập huấn dành cho đội ngũ làm công tác tuyên truyền, giảng dạy ở Lai Châu bao gồm: các mối đe doạ đối với một hệ thống, các mối đe doạ, các loại hình tấn công, các dạng phần mềm độc hại, virus...",NamSyntax/vietnamese-news-classification
namsyntax_1157209,6 lầm tưởng thường gặp về tiền thưởng Tết,,41,,Pháp luật,"Thưởng Tết là vấn đề quan trọng, ảnh hưởng trực tiếp đến quyền lợi của người lao động, bạn hãy ""đo"" độ hiểu biết của mình qua các câu trắc nghiệm sau.",NamSyntax/vietnamese-news-classification
namsyntax_971259,"Quang Hải vẽ tuyệt phẩm, Hà Nội đè bẹp HAGL trong thế hơn người",,45,,Thể thao,"Trong tình thế thi đấu hơn người từ cuối hiệp 1, Hà Nội FC có chiến thắng đậm đà 5-0 trước HAGL ở trận đấu bù vòng 3 Nuti Cafe V-League.",NamSyntax/vietnamese-news-classification
namsyntax_375699,10 người dùng Siêu lợi suất VIB trúng chuyến đến Las Vegas,,42,,Kinh doanh,"VIB công bố danh sách 10 chủ tài khoản Siêu lợi suất trúng chuyến du lịch đến Las Vegas 8 ngày 7 đêm, tham gia concert ""Anh trai say hi"".",NamSyntax/vietnamese-news-classification
namsyntax_1269362,Món lạ hải sản,,29,,Đời sống,"Những món hải sản dưới đây không những ngon mà còn cực kỳ bắt mắt, chắc chắn sẽ rất hấp dẫn đối với các bé.",NamSyntax/vietnamese-news-classification
namsyntax_266469,Trung Quốc tiến hành thêm một cuộc tập trận ở Biển Đông,,38,,Thế giới,"Cục Hải sự Hải Nam, Trung Quốc hôm nay (11/3) thông báo, nước này sẽ tiến hành một cuộc tập trận ở Biển Đông từ 12-14/3.",NamSyntax/vietnamese-news-classification
namsyntax_944247,Đã có thể xem trực tiếp giải võ thuật ‘nảy lửa’ Bellator MMA,,42,,Thể thao,Hàng trăm trận đấu hấp dẫn của Bellator MMA sẽ có mặt tại Việt Nam và được độc quyền phát sóng trên hệ thống FPT Play từ ngày 2/10/2021.,NamSyntax/vietnamese-news-classification
namsyntax_339970,Chủ tịch OCB: 'Cổ phiếu bị định giá thấp',,34,,Kinh doanh,"Ông Trịnh Văn Tuấn cho rằng cổ phiếu OCB bị định giá thấp hơn giá trị thực 25%, nếu hợp lý phải khoảng 30.000 đồng.",NamSyntax/vietnamese-news-classification
namsyntax_694479,Nokia sắp đổ bộ loạt điện thoại giá rẻ,,48,,Khoa học,"– C3, C6, E5 sẽ là những điện thoại mà Nokia ra mắt trong sự kiện Nokia sẽ ra mắt sản phẩm qua mạng vào 15 giờ chiều 13/04 (theo giờ Việt Nam), trên trang sự kiện của mình.",NamSyntax/vietnamese-news-classification
namsyntax_1222547,Hà Nội sẽ tiếp tục triển khai chương trình đào tạo song bằng ở các trường công,,58,,Giáo dục,Đó là khẳng định của Giám đốc Sở GD-ĐT Hà Nội tại hội nghị tổng kết Đề án thí điểm chương trình đào tạo tích hợp (song bằng) và công tác chuẩn bị triển khai Nghị định 202/2025/NĐ-CP của Chính phủ.,NamSyntax/vietnamese-news-classification
namsyntax_1284775,Đặc sản chỉ có ở Huế nhưng ít người biết,,49,,Đời sống,"Do phải đi một quãng đường khá xa, nhiều du khách bỏ qua cơ hội thưởng thức bánh khoái cá kình. Tuy nhiên, chỉ cần nếm thử một lần, bạn sẽ ước mình được ăn món đặc sản này.",NamSyntax/vietnamese-news-classification
namsyntax_1145654,Bắt 2 đối tượng lừa bán 4 người sang Campuchia,,39,,Pháp luật,Công an tỉnh Đắk Lắk vừa bắt giữ 2 đối tượng vẽ ra viễn cảnh “việc nhẹ lương cao” để dụ dỗ 4 nạn nhân sang Campuchia làm việc.,NamSyntax/vietnamese-news-classification
namsyntax_743919,"Bất động sản Hà Nội: Vẫn kẻ cười, người khóc!",,57,,Bất động sản,"Sự hồi phục của thị trường bất động sản giúp cho phân khúc đất nền,
biệt thự hút khách trở lại. Nhiều dự án bán hết sản phẩm chỉ trong thời
gian ngắn mở bán, thậm chí có dự án, khách hàng phải bốc thăm để mua.",NamSyntax/vietnamese-news-classification
namsyntax_1241659,Lời giải tham khảo môn tiếng Anh mã đề 413 THPT quốc gia năm 2017,,52,,Giáo dục,Lời giải tham khảo môn tiếng Anh tốt nghiệp THPT quốc gia 2017. Cập nhật lời giải tham khảo tốt nghiệp THPT quốc gia môn tiếng Anh của Bộ GD-ĐT năm 2017 nhanh nhất trên báo VietNamNet.,NamSyntax/vietnamese-news-classification
namsyntax_529158,Rủi ro mất an toàn thông tin khi dùng ChatGPT,,47,,Khoa học,"Các ứng dụng trí tuệ nhân tạo (AI) trong đó có ChatGPT có thể giúp hacker thực hiện các tấn công mạng hay thu thập dữ liệu người dùng vào mục đích xấu, theo đại diện VNISA.",NamSyntax/vietnamese-news-classification
namsyntax_495672,Aqua giới thiệu sản phẩm mới tại Tech Awards 2019,,37,,Khoa học,"Gian hàng Aqua trưng bày những sản phẩm mới của thương hiệu, gồm tủ lạnh Flex Cooling AQR-IGW525EM, máy giặt AQD-DD1050E và máy lạnh Inverter Smart Cool.",NamSyntax/vietnamese-news-classification
namsyntax_1014238,Phong cách tuổi 45 của Đan Trường,,34,,Giải trí,"Đan Trường giữ kiểu tóc ""bổ luống"" tạo dấu ấn của anh thập niên 1990, được khen trẻ trung nhờ gu mặc thời trang ở tuổi 45.",NamSyntax/vietnamese-news-classification
namsyntax_1197152,"Chọn ngành Khoa học dữ liệu, AI hay Kinh tế?",,32,,Giáo dục,"Chuẩn bị làm đơn xét nguyện vọng vào đại học nhưng em còn rất hoang mang, không biết nên chọn ngành nào.",NamSyntax/vietnamese-news-classification
namsyntax_1231015,Đề thi chuyên Toán vào lớp 10 tại Hà Nội năm 2025,,27,,Giáo dục,VietNamNet cập nhật đề thi chuyên Toán vào lớp 10 tại Hà Nội năm 2025.,NamSyntax/vietnamese-news-classification
namsyntax_1323392,"Hot boy bán trà, cô gái ăn xin đổi đời nhờ một bức ảnh",,40,,Đời sống,"Trước khi trở thành người mẫu nổi tiếng, Arshad Khan (Pakistan), Rita Gaviola (Philippines) hay Nicky Libert (Hà Lan) đều có xuất thân rất bình thường.",NamSyntax/vietnamese-news-classification
namsyntax_73502,"Nữ hoàng Anh, Tổng thống Mỹ và nhiều lãnh đạo chúc mừng Quốc khánh Việt Nam",,51,,Thời sự,"Nhân dịp kỷ niệm 77 năm Quốc khánh Việt Nam (2/9/1945 - 2/9/2022), lãnh đạo đảng, các nước và tổ chức quốc tế đã có điện và thư chúc mừng gửi lãnh đạo Việt Nam.",NamSyntax/vietnamese-news-classification
namsyntax_647856,Xem Facebook của bạn dưới góc nhìn người khác,,39,,Khoa học,Xem dòng thời gian Facebook dưới góc nhìn của người khác là cách nhanh nhất để bạn kiểm tra mức độ riêng tư đã được thiết lập chuẩn hay chưa…,NamSyntax/vietnamese-news-classification
namsyntax_1216565,Sẽ thành lập Trường Đại học Y Thanh Hóa,,58,,Giáo dục,"Hướng tới việc thành lập Trường ĐH Y Thanh Hóa (trực thuộc Trường ĐH Y Hà Nội), UBND tỉnh đã đề xuất những chính sách hỗ trợ hoạt động và thu hút đào tạo cán bộ, giảng viên cho Phân hiệu Trường ĐH Y Hà Nội tại Thanh Hóa.",NamSyntax/vietnamese-news-classification
namsyntax_91456,Điều tra kẻ làm giả văn bản UBND tỉnh cho học sinh nghỉ đến 21/3,,43,,Thời sự,"Công an tỉnh Quảng Nam đang điều tra, làm rõ người làm giả văn bản UBND tỉnh cho học sinh nghỉ học đến 21/3 để phòng chống Covid-19.",NamSyntax/vietnamese-news-classification
namsyntax_254715,"Tổng thống Serbia dự đoán cường độ chiến sự, Lithuania gửi pháo cho Ukraine",,37,,Thế giới,"Tổng thống Serbia Aleksandar Vucic cho biết, ông dự đoán cường độ chiến sự ở Ukraine sẽ gia tăng trong 6 tháng tới.",NamSyntax/vietnamese-news-classification
namsyntax_525861,Những điểm mới trên Android 13,,30,,Khoa học,"Tại sự kiện I/O 2022 ngày 11/5, Google công bố Android 13 với một số điều chỉnh so với hệ điều hành hiện tại.",NamSyntax/vietnamese-news-classification
namsyntax_634292,Rác thải điện tử cần được quản lý chặt chẽ,,55,,Khoa học,"Một cuộc điều tra kéo dài 2 năm về rác thải điện tử ở châu Âu đã phát hiện ra rằng, phần lớn rác thải bị đánh cắp, quản lý không hiệu quả, buôn bán bất hợp pháp hoặc vứt đi một cách phí phạm.",NamSyntax/vietnamese-news-classification
namsyntax_850075,'Lần đầu' sao lại đau nhỉ?,,40,,Sức khỏe,"Nhiều cô gái chưa quan hệ tình dục lần nào nhưng luôn có cảm giác lo
lắng, sợ đau cho “lần đầu tiên” ảnh hưởng không nhỏ đến hạnh phúc gia
đình sau này.",NamSyntax/vietnamese-news-classification
namsyntax_718984,'Chủ đầu tư văn phòng có thể phải giảm giá thuê để giữ chân khách',,48,,Bất động sản,"Nguồn cung lớn, nhu cầu khách thuê ngày càng khắt khe nên các chủ đầu tư cần có chính sách linh hoạt, cân nhắc giảm giá để tăng cạnh tranh, theo chuyên gia.",NamSyntax/vietnamese-news-classification
namsyntax_242857,Hình ảnh thành phố Rafah ở Gaza bị san phẳng hoàn toàn,,45,,Thế giới,"Sau nhiều tháng xung đột giữa Israel và nhóm vũ trang Hồi giáo Hamas, thành phố Rafah ở Dải Gaza đã bị san phẳng hoàn toàn và hiện là một vùng đất hoang.",NamSyntax/vietnamese-news-classification
namsyntax_1334463,Tiền bạc và chuyện ấy mắc mớ gì với nhau?,,34,,Đời sống,"Tiền bạc có liên quan và ảnh hưởng đến mọi mặt trong cuộc sống của chúng ta, kể cả trong chuyện riêng tư nhất.",NamSyntax/vietnamese-news-classification
namsyntax_868079,Cầu thủ đá Champions League của Malaysia bị ngờ vực,,45,,Thể thao,"Theo cựu HLV tuyển Malaysia Wan Jamak bin Wan Hassan, Dion Cools, hậu vệ từng chơi 13 trận ở Champions League, không dễ hòa nhập trong thời gian ngắn trước vòng loại World Cup 2022.",NamSyntax/vietnamese-news-classification
namsyntax_736909,Choáng ngợp trước vườn hoa đẹp như cổ tích của mẹ Việt ở Hà Lan,,50,,Bất động sản,"Dành tất cả thời gian rảnh rỗi cùng với sự tận tụy, tâm huyết của mình, chị Lips Phạm đã tạo nên một vườn trăm hoa khoe sắc đẹp rực rỡ như chuyện cổ tích.",NamSyntax/vietnamese-news-classification
namsyntax_1201876,"Thầy giáo hút thuốc, gây nổ bóng bay ngày khai giảng",,37,,Giáo dục,"Thanh Hóa - Do hút thuốc lá, thầy giáo trường Tiểu học Yên Phú gây ra vụ nổ bóng bay, khiến 10 học sinh nhập viện.",NamSyntax/vietnamese-news-classification
namsyntax_1247690,Đi từ 1 giờ sáng để rút hồ sơ,,48,,Giáo dục,"Chỉ còn 2 ngày nữa hết thời gian xét tuyển đợt 1, tại nhiều trường ĐH khu vực TP.HCM phụ huynh, thí sinh nộp trước đó tới tấp tới rút hồ sơ mong tìm cơ hội ở trường khác.",NamSyntax/vietnamese-news-classification
namsyntax_917738,"Bầu Hiển xuống sân động viên, thưởng nóng SHB Đà Nẵng sau trận thua CAHN",,58,,Thể thao,"Sau thất bại 0-3 trước Công An Hà Nội, bầu Hiển đã xuống sân động viên cầu thủ SHB Đà Nẵng. Ông dành nhiều lời khích lệ và quyết định thưởng nóng để giúp đội bóng vượt qua giai đoạn khó khăn này.",NamSyntax/vietnamese-news-classification
namsyntax_221399,Tính toán của bà Harris khi chọn ứng viên ít tên tuổi làm phó tướng,,48,,Thế giới,"Thay vì chọn Thống đốc Pennsylvania để hút cử tri ở bang chiến trường này, bà Harris đặt niềm tin vào Tim Walz, giải pháp an toàn hơn, cho vị trí phó tướng.",NamSyntax/vietnamese-news-classification
namsyntax_716873,Bộ trưởng Xây dựng: Luật sửa đổi siết chặt phân lô bán nền,,44,,Bất động sản,"Luật Kinh doanh bất động sản 2023 đã siết chặt việc phân lô bán nền tại 105 thành phố, thị xã, tăng 81 địa phương so với quy định hiện hành.",NamSyntax/vietnamese-news-classification
namsyntax_1274439,'Tiến bước sống đầy' trở lại với những câu chuyện truyền cảm hứng mới,,46,,Đời sống,"Dự án truyền cảm hứng ""Tiến bước sống đầy"" do Báo VnExpress và FWD Việt Nam phối hợp thực hiện trở lại vào ngày 10/5, sau mùa đầu tiên được đón nhận.",NamSyntax/vietnamese-news-classification
namsyntax_1176772,"Mâu thuẫn ở quán nhậu, 9X đâm bạn xuyên tim",,39,,Pháp luật,"Trong lúc ăn uống, một nhóm bạn xảy ra mâu thuẫn dẫn đến xô xát. Bảo đuổi theo đánh bạn thì bị đối phương dùng dao đâm tử vong.",NamSyntax/vietnamese-news-classification
namsyntax_341657,"Cổ phiếu Bluechip, Penny là gì?",,30,,Kinh doanh,Bluechip và Penny là hai thuật ngữ nhắc đến các loại chứng khoán đối lập nhau về mức độ rủi ro khi giao dịch.,NamSyntax/vietnamese-news-classification
namsyntax_69691,"Bắt giữ tài xế vi phạm nồng độ cồn ‘kịch khung’, tấn công Cảnh sát 141",,65,,Thời sự,"Ngày 31/12, Công an TP Hà Nội cho biết, Cơ quan Cảnh sát điều tra Công an quận Hà Đông đã tạm giữ hình sự anh Võ Thành Lợi (SN 1991, trú tại TP Thủ Đức, TP. HCM) để làm rõ hành vi “Chống người thi hành công vụ”.",NamSyntax/vietnamese-news-classification
namsyntax_1187485,Bé gái 3 tuổi nhớ 29 quốc kỳ,,28,,Giáo dục,"Meera Singhal (Mỹ) có thể ghi nhớ tên quốc gia, thủ đô các nước thông qua hình ảnh quốc kỳ.",NamSyntax/vietnamese-news-classification
namsyntax_1144408,"Sai phạm tại Sở Y tế, cựu Chủ tịch TP Cần Thơ bị triệu tập tới tòa",,69,,Pháp luật,"Nhờ cựu Giám đốc Sở Y tế Cần Thơ “tạo điều kiện” cho công ty của bà Hoàng Thị Thúy Nga trúng 4 gói thầu với tổng trị giá gần 90 tỷ đồng, gây thiệt hại cho Nhà nước 32,6 tỷ, cựu Chủ tịch Võ Thành Thống bị triệu tập tới tòa.",NamSyntax/vietnamese-news-classification
namsyntax_329400,Giá vàng quay đầu tăng,,28,,Kinh doanh,"Mỗi lượng vàng miếng SJC sáng nay tăng vài trăm nghìn đồng, lên 46,3 triệu khi chứng kiến giá thế giới đi lên.",NamSyntax/vietnamese-news-classification
namsyntax_756547,37 ngày không lây nhiễm nCoV cộng đồng,,28,,Sức khỏe,"Sáng 10/10, Bộ Y tế không ghi nhận thêm ca dương tính nCoV, 37 ngày không lây nhiễm cộng đồng.",NamSyntax/vietnamese-news-classification
namsyntax_867550,Bayern 6-0 Monchengladbach,,16,,Thể thao,Lewandowski lập hat-trick giúp Bayern thắng đậm sau khi vô địch Bundesliga 2020-2021.,NamSyntax/vietnamese-news-classification
namsyntax_720388,CapitaLand Development thắng giải Nhà phát triển bất động sản xuất sắc,,41,,Bất động sản,CapitaLand Development (CLD) Việt Nam cùng loạt dự án do thương hiệu phát triển được vinh danh 11 hạng mục giải thưởng tại PropertyGuru Vietnam Property Awards (VPA) 2025.,NamSyntax/vietnamese-news-classification
namsyntax_102280,"Phạt cho tồn tại như 8B Lê Trực, HH Linh Đàm dễ sinh ra tiêu cực",,49,,Thời sự,"ĐB Nguyễn Anh Trí cho rằng, công tác kiểm tra xây dựng phải thế nào để nếu sai thì biết liền và xử lý ngay, không để muộn mới ra lệnh cắt ngọn.",NamSyntax/vietnamese-news-classification
namsyntax_1278924,Thoát khỏi khủng hoảng trong công việc,,11,,Đời sống,Video truyền cảm hứng,NamSyntax/vietnamese-news-classification
namsyntax_926157,"Tuyển Việt Nam: Đội hình tối ưu chờ đấu Trung Quốc, Hàn Quốc",,46,,Thể thao,"Tuyển Việt Nam chạy đà cho vòng loại thứ 2 World Cup 2026 bằng loạt giao hữu chất lượng cao, tạo cơ hội cho HLV Troussier kiểm tra bộ khung tối ưu nhất.",NamSyntax/vietnamese-news-classification
namsyntax_1190607,Singapore xét nghiệm toàn bộ nhân viên mầm non,,34,,Giáo dục,Tất cả nhân viên mầm non tại Singapore phải xét nghiệm Covid-19 trước khi các trường công lập hoạt động trở lại từ ngày 2/6.,NamSyntax/vietnamese-news-classification
namsyntax_1154519,Đêm cuối của nữ công nhân gom rác bị sát hại,,50,,Pháp luật,"Hà Nội - Chị Vũ Thúy Hà, 44 tuổi, khom người đẩy xe chở rác phía trước tòa nhà Discovery Complex thì bất ngờ bị Lê Như Toàn áp sát, vơ viên gạch lát vỉa hè đập vào gáy.",NamSyntax/vietnamese-news-classification
namsyntax_1329196,Bí quyết phòng the của,,42,,Đời sống,"Sự đơn điệu, nhàm chán và non nớt kinh nghiệm trên giường của “gái ngoan” luôn khiến giới mày râu cảm thấy nhàm chán. Những ""gái hư"" lại có những bí quyết khiến chàng phải điêu đứng...",NamSyntax/vietnamese-news-classification
namsyntax_1186640,"Vụ xăm quái thú lên mặt thiếu nữ, khởi tố 2 người",,33,,Pháp luật,"Nguyễn Thị Anh và Nguyễn Thị Hương bị khởi tố và bắt tạm giam về hành vi
làm nhục người khác.",NamSyntax/vietnamese-news-classification
namsyntax_281808,Ngày này năm xưa: Mỹ-Nhật dội 'mưa bom bão đạn' vào nhau,,48,,Thế giới,"Trận chiến Guadalcanal là một trong những trận đánh ác liệt nhất thời Thế chiến 2, gồm nhiều cuộc không kích và đấu pháo giữa các chiến hạm của quân đội Nhật với quân Đồng minh.",NamSyntax/vietnamese-news-classification
namsyntax_399908,Giá vàng hôm nay 24/11: Vàng đồng loạt tăng mạnh,,50,,Kinh doanh,"Giá vàng hôm nay 24/11 trên thị trường thế giới bất ngờ đảo chiều tăng mạnh, bất chấp đồng USD vẫn treo ở mức cao. Giá vàng trong nước sau nhiều ngày tăng giảm thất thường cũng tăng 100.000 đồng/lượng.",NamSyntax/vietnamese-news-classification
namsyntax_777811,Khi nào cần dùng máy trợ thính?,,37,,Sức khỏe,Những người bị suy giảm thính lực ở mức độ từ nhẹ đến trung bình nặng (từ 20-70 dB) nên sử dụng máy trợ thính để cải thiện sức nghe.,NamSyntax/vietnamese-news-classification
namsyntax_904096,Tiền đạo La Liga hai lần thắng ung thư,,37,,Thể thao,"Tiền đạo Tây Ban Nha Kirian Rodriguez hai lần bị chẩn đoán ung thư hạch bạch huyết, nhưng đã khỏe mạnh và được phép trở lại thi đấu.",NamSyntax/vietnamese-news-classification
namsyntax_744266,Saigon Marina IFC rực rỡ trong đêm Countdown chào năm mới 2026,,52,,Bất động sản,"Toà tháp Saigon Marina International Financial Centre (Saigon Marina IFC) lần đầu trở thành tâm điểm của lễ hội Countdown chào năm mới 2026 tại TP.HCM, với đại tiệc công nghệ ánh sáng, âm nhạc và pháo hoa rực rỡ.",NamSyntax/vietnamese-news-classification
namsyntax_1193441,Hàng trăm học viên Học viện Múa kêu cứu,,43,,Giáo dục,"Hà Nội - Hơn 320 học viên Học viện Múa Việt Nam nộp đơn kêu cứu khắp nơi do không được cấp bằng tốt nghiệp THCS, THPT dù học đầy đủ, có bảng điểm.",NamSyntax/vietnamese-news-classification
namsyntax_256354,Nga tuyên bố phá âm mưu khủng bố của Ukraine,,43,,Thế giới,"Cơ quan An ninh Liên bang Nga (FSB) ngày 8/11 cho biết, 9 đối tượng phá hoại, nghi làm việc cho Cơ quan An ninh Ukraine (SBU) đã bị bắt ở vùng Kherson.",NamSyntax/vietnamese-news-classification
namsyntax_223074,Israel chặn âm mưu đánh bom trung tâm thương mại,,39,,Thế giới,"Cảnh sát Israel thông báo bắt 5 nghi phạm có liên hệ với IS, chặn đứng âm mưu đánh bom trung tâm thương mại ở thành phố Tel Aviv.",NamSyntax/vietnamese-news-classification
namsyntax_78128,Lũ trái mùa khiến nhiều nơi ở Thừa Thiên - Huế ngập sâu,,45,,Thời sự,"Mưa lớn liên tục nhiều ngày khiến mực nước trên các sông ở Thừa Thiên - Huế dâng cao, tràn bờ gây ngập, chia cắt giao thông ở những vùng thấp trũng.",NamSyntax/vietnamese-news-classification
namsyntax_1159470,Giám đốc Sở Y tế Đồng Nai và chủ tịch AIC bị khởi tố,,55,,Pháp luật,"Ông Phan Huy Anh Vũ, Giám đốc Sở Y tế Đồng Nai và bà Nguyễn Thị Thanh Nhàn, nguyên Chủ tịch AIC, bị C03 khởi tố, ra quyết định tạm giam trong vụ án tại Bệnh viện Đa khoa Đồng Nai.",NamSyntax/vietnamese-news-classification
namsyntax_1279626,Nhà thuốc An Khang chăm sóc sức khỏe 4.500 người dân trước Tết,,48,,Đời sống,"Triển khai chương trình ""Tết An Khang - gửi ngàn bình an"", Nhà thuốc An Khang tư vấn sức khỏe và tặng quà cho 4.500 người dân nghèo khu vực miền Nam, Nam Trung Bộ.",NamSyntax/vietnamese-news-classification
namsyntax_926631,Ronaldo bị gạch tên khỏi danh sách đề cử Quả bóng vàng 2023,,35,,Thể thao,"Lần đầu tiên sau 20 năm, Cristiano Ronaldo không có tên trong danh sách rút gọn đề cử Quả bóng vàng 2023.",NamSyntax/vietnamese-news-classification
namsyntax_970301,Ronaldo xuống tóc trong lễ ăn mừng hoành tráng của Real,,44,,Thể thao,Cristiano Ronaldo vừa trình làng kiểu tóc mới khi dàn sao Real tổ chức lễ diễu hành trên xe buýt ăn mừng khắp các tuyến phố ở thủ đô Madrid (Tây Ban Nha).,NamSyntax/vietnamese-news-classification
namsyntax_1208417,"5 đại học có nhiều Tổng thống, Thủ tướng tới du học nhất",,36,,Giáo dục,"15 Nhà vua, Tổng thống và Thủ tướng từng du học tại Harvard, nhiều nhất trong số các đại học trên thế giới.",NamSyntax/vietnamese-news-classification
namsyntax_890433,Hai sao tuổi teen nhận điểm cao nhất trận Everton - Man Utd,,35,,Thể thao,Anh - Alejandro Garnacho và Kobbie Mainoo đều nhận điểm cao nhất sau trận Man Utd thắng 3-0 trên sân của Everton.,NamSyntax/vietnamese-news-classification
namsyntax_1099921,Hé lộ những cảnh quay thân mật trong phim lên sóng VTV Đặc biệt,,44,,Giải trí,"Diễn viên Quang Sự và nữ diễn viên xinh đẹp Nhật Bản Miyagi Karin có
những cảnh quay vô cùng lãng mạn trong bộ phim 'Dưới bầu trời xa cách'.",NamSyntax/vietnamese-news-classification
namsyntax_1214855,Thủ khoa xinh đẹp với điểm 10 đồ án của Đại học Xây dựng,,60,,Giáo dục,"Nguyễn Thị Nhài (sinh năm 1998, cựu học sinh THPT Ân Thi, Hưng Yên) là nữ sinh duy nhất tốt nghiệp xuất sắc với số điểm tích lũy 3.6/4.0 chương trình đào tạo kỹ sư hệ 4,5 năm của Trường Đại học Xây dựng năm 2021.",NamSyntax/vietnamese-news-classification
namsyntax_1191289,"57,6 - điểm chuẩn lớp 6 trường chuyên Trần Đại Nghĩa",,46,,Giáo dục,"TP HCM - Điểm trúng tuyển lớp 6 trường THPT chuyên Trần Đại Nghĩa năm học 2020-2021 là từ 57,6 trở lên - tăng 9,6 điểm so với năm ngoái, theo thông báo sáng 29/7.",NamSyntax/vietnamese-news-classification
namsyntax_366691,Vincom tổ chức tuần lễ trải nghiệm sáng tạo mùa hè,,45,,Kinh doanh,"Hệ thống 84 trung tâm thương mại Vincom toàn quốc triển khai chương trình Vincom Sportia Summer với không gian sáng tạo, nhiều hoạt động vui chơi và rèn luyện thể chất cho trẻ.",NamSyntax/vietnamese-news-classification
namsyntax_829905,"TP.HCM phát hiện 10 ca dương tính nCoV, có 2 ca chưa rõ nguồn lây",,48,,Sức khỏe,TP.HCM ghi nhận có 8 trường hợp dương tính nCoV liên quan đến Hội thánh truyền giáo và 2 trường hợp khám sàng lọc tại Bệnh viện Hoàn Mỹ chưa rõ nguồn lây.,NamSyntax/vietnamese-news-classification
namsyntax_1035863,Tài tử Chris Evans tái xuất trong phim 'Avengers: Doomsday',,39,,Giải trí,"Chris Evans trở lại đóng vai Đội trưởng Mỹ trong bom tấn ""Avengers: Doomsday"" của Vũ trụ Điện ảnh Marvel, dù trước đó nói chia tay vai diễn này.",NamSyntax/vietnamese-news-classification
namsyntax_1017843,Hai Miss Earth đến Việt Nam,,36,,Giải trí,"Lindsey Coffey và Destiny Wagner - Miss Earth năm 2020, 2021 - đến TP HCM chấm thi chung kết Hoa hậu các Dân tộc Việt Nam 2022 vào tối 16/7.",NamSyntax/vietnamese-news-classification
namsyntax_1329489,11 vật dụng nên có trong chuyến phượt mùa đông,,31,,Đời sống,"Áo mưa, túi nilon, bật lửa... là những món nên có trong ba lô cho chuyến khám phá trong mùa đông.",NamSyntax/vietnamese-news-classification
namsyntax_384385,Nutifood bắt tay đối tác Úc ra mắt thương hiệu dinh dưỡng cao cấp mới,,35,,Kinh doanh,"Nutifood ký hợp tác chiến lược với ViPlus Dairy, ra mắt thương hiệu dinh dưỡng cao cấp GippsNature tại Australia.",NamSyntax/vietnamese-news-classification
namsyntax_722863,Căn hộ 20m2 vẫn sang chảnh như biệt thự đắt giá,,37,,Bất động sản,Sống trong một căn nhà nhỏ tức là bạn sẽ phải trải qua nhiều thách thức hơn cho việc thiết kế và trang trí ngôi nhà.,NamSyntax/vietnamese-news-classification
namsyntax_1203034,Nam thạc sĩ nhận hai giải thưởng nghệ thuật nhờ tác phẩm khắc gỗ,,50,,Giáo dục,"Đà Nẵng - ThS. Nguyễn Tiến Việt - giảng viên khoa Mỹ thuật ứng dụng Trường Đại học Duy Tân nhận hai giải thương tại cấp cơ sở và quốc gia nhờ tác phẩm ""Trở về"".",NamSyntax/vietnamese-news-classification
namsyntax_1190140,Cô giáo tiếng Anh thoát khỏi cửa tử Covid-19,,39,,Giáo dục,"Mỹ - Đang bình phục sau khi nhiễm nCoV, Maureen Boland, 52 tuổi, giáo viên tiếng Anh trường trung học Abington, không thể quên cơn ác mộng khi nằm viện.",NamSyntax/vietnamese-news-classification
namsyntax_1051432,"Chi hơn 200 tỷ đồng, tỷ phú muốn phá dỡ căn nhà của Marilyn Monroe",,43,,Giải trí,"Brinah Milsten đã trả 8,4 triệu USD để mua căn nhà cũ của Marilyn Monroe và có ý định phá dỡ nhưng dường như đã đổi ý định.",NamSyntax/vietnamese-news-classification
namsyntax_722635,Phúc An Garden ‘đón sóng’ di cư từ TP.HCM,,55,,Bất động sản,"Hội đủ “nhất cận thị, nhị cận giang, tam cận lộ”, Phúc An Garden được phân phối độc quyền bởi Địa Ốc Hoa Sen đón đầu làn sóng di cư từ TP.HCM, đồng thời hứa hẹn là địa điểm định cư lý tưởng ở Bình Dương.",NamSyntax/vietnamese-news-classification
namsyntax_732977,Thiếu nhà tái định cư đến Sở GTVT cũng “cuống,,51,,Bất động sản,"Quỹ
nhà tái định cư của thành phố thiếu thốn khiến việc giải phóng mặt bằng
tại một số công trình trọng điểm bị chậm tiến độ. Sốt ruột với vấn đề
này, Sở GTVT Hà Nội chính thức lên tiếng...",NamSyntax/vietnamese-news-classification
namsyntax_1250094,Săn học bổng ĐH IMI Thụy Sĩ trong hội thảo du học,,48,,Giáo dục,"Khám phá Thụy Sĩ và tìm hiểu về du học Thụy Sĩ tại hội thảo Study in Switzerland, Discover the + do Cầu Xanh tổ chức cùng trường Đại học IMI, Thụy Sĩ, có học bổng.",NamSyntax/vietnamese-news-classification
namsyntax_1112400,Sao Việt 'đổi đời' khi một nửa là đại gia nơi đất khách,,42,,Giải trí,"Đan Trường, Thu Minh, Vũ Hoàng Việt... là những cái tên quen thuộc
của làng giải trí nhưng hậu thuẫn đằng sau họ là những ""đại gia"" giàu
có.",NamSyntax/vietnamese-news-classification
namsyntax_995005,Lampard mượn thuyền Abramovich cầu hôn,,39,,Thể thao,"Tiền vệ Frank Lampard của Chelsea đang
lên kế hoạch cầu hôn cô bạn gái Christine Bleakley trên một trong những du
thuyền sang trọng nhất của ông chủ người Nga Roma Abramovich.",NamSyntax/vietnamese-news-classification
namsyntax_193880,Sứ quán Nhật trả lại quà Tết của Tổng thống Hàn,,42,,Thế giới,Đại sứ quán Nhật Bản tại Seoul không nhận quà Tết Nguyên đán của Tổng thống Hàn Quốc Moon Jae-in vì trên hộp có hình minh họa quần đảo tranh chấp.,NamSyntax/vietnamese-news-classification
namsyntax_810019,Vì sao không nên dùng lại đơn thuốc cúm?,,40,,Sức khỏe,"Dùng đơn thuốc của người khác, tự lấy lại đơn cũ để trị cúm dễ dẫn đến điều trị sai, che lấp triệu chứng, kháng thuốc... bệnh diễn tiến nặng hơn.",NamSyntax/vietnamese-news-classification
namsyntax_499260,5 smart TV giảm giá tiền triệu,,35,,Khoa học,"Một số TV Android 4K của TCL, Skyworth, Sony giảm từ 3 đến 6 triệu đồng so với giữa năm 2020, có model hạ nửa giá ban đầu.",NamSyntax/vietnamese-news-classification
namsyntax_740361,Những cây cảnh giúp lọc không khí tốt nhất nên trồng ngay trong nhà,,45,,Bất động sản,"Thay vì mua máy lọc không khí đắt tiền, tại sao bạn không đặt những loại cây được NASA công nhận là máy lọc tự nhiên tuyệt vời này trong nhà?",NamSyntax/vietnamese-news-classification
namsyntax_1147617,Đại gia khai thác trái phép đất hiếm xin lại con dấu để công ty hoạt động tiếp,,64,,Pháp luật,"Luật sư đề nghị HĐXX xem xét các thủ tục, tạo điều kiện cho bị cáo Đoàn Văn Huấn (Chủ tịch HĐQT kiêm TGĐ Công ty Thái Dương) xin lại con dấu, giấy tờ liên quan để Công ty Thái Dương tiếp tục được hoạt động.",NamSyntax/vietnamese-news-classification
namsyntax_1149147,Gã trai 17 tuổi 17 lần quan hệ với 'bạn gái nhí' ở Cần Thơ,,41,,Pháp luật,Gã trai hẹn bé gái ở Cần Thơ ra công viên rồi đưa đến chỗ vắng người thực hiện hành vi đồi bại với nạn nhân.,NamSyntax/vietnamese-news-classification
namsyntax_452149,Hàng loạt khách sạn 5 sao Việt Nam được mua đi bán lại,,54,,Kinh doanh,"Hai khách sạn lớn 5 sao Sofitel Plaza Hanoi, Duxton
Saigon đã được chuyển nhượng về tay chủ mới. Bên cạnh đó, thị trường xuất hiện
nhiều thương hiệu khách sạn mới đổ bộ vào hai thành phố trung tâm này.",NamSyntax/vietnamese-news-classification
namsyntax_168467,"Xe tải đấu đầu, phá ca bin cứu tài xế",,53,,Thời sự,"Chiều giao thông từ An Sương về An Lạc (P. Tân Tạo A Q. Bình Tân TP.HCM) trên
quốc lộ 1A bị nghẽn hoàn toàn trong nhiều giờ. Hai xe tải đấu đầu khiến hàng ngàn ống thép văng tung
tóe mặt đường…",NamSyntax/vietnamese-news-classification
namsyntax_585410,"Tim Cook: “Nhịn vài cốc cà phê đắt tiền mỗi tuần, bạn sẽ mua được iPhone X“",,55,,Khoa học,"Mới đây, Tổng Giám đốc điều hành Apple có nói rằng, nếu mỗi tuần bạn nhịn vài cốc cà phê ở những quán sang trọng và nổi tiếng thì bạn hoàn toàn có thể mua được iPhone X.",NamSyntax/vietnamese-news-classification
namsyntax_1075159,Hari Won môi sưng tím vì nụ hôn đầu đời dài 3 tiếng,,44,,Giải trí,"Bên cạnh Hari Won, Lan Ngọc và Hương Giang cũng khiến nhiều người kinh ngạc khi nhắc đến nụ hôn đầu đời của mình trong ''Quý ông đại chiến'' tập 10.",NamSyntax/vietnamese-news-classification
namsyntax_413557,"Liên tiếp phát hiện giày, dép giả nhãn hiệu nổi tiếng",,55,,Kinh doanh,"Lực lượng chức năng vừa thu giữ 950 đôi giày có dấu hiệu giả mạo nhãn hiệu Converse trị giá 190 triệu đồng. Trước đó, nhiều vụ buôn bán giày, dép giả mạo các thương hiệu nổi tiếng thế giới cũng bị phát hiện.",NamSyntax/vietnamese-news-classification
namsyntax_1191372,Thu hồi quyết định 'tuyển giáo viên không quá 30 tuổi',,39,,Giáo dục,Nghệ An - UBND thành phố Vinh hủy bỏ yêu cầu người được tuyển dụng viên chức ngành giáo dục năm 2020 có tuổi đời không quá 30.,NamSyntax/vietnamese-news-classification
namsyntax_452784,200 thương lái Trung Quốc vào Bắc Giang giám sát thu mua vải thiều,,54,,Kinh doanh,"Mùa vải năm nay, Trung Quốc vẫn là
thị trường tiêu thụ vải chính với khoảng 40% sản lượng. Tại Bắc Giang
vào vụ thu hoạch có trên 200 thương nhân là người Trung Quốc đến giám
sát thu mua.",NamSyntax/vietnamese-news-classification
namsyntax_1262111,10 lời quan trọng nhất cần dạy trẻ,,40,,Đời sống,"So với việc cho con thừa kế tài sản, những lời khuyên dưới đây mới là món quà vô giá cha mẹ để lại, vì đó chính là tương lai của trẻ:",NamSyntax/vietnamese-news-classification
namsyntax_737793,"Dự án 4 ngàn tỷ, vốn góp 100 tỷ",,46,,Bất động sản,Bộ GTVT tiến hành kiểm tra rà soát dự án đầu tư xây dựng mở rộng quốc lộ 51 theo hình thức hợp đồng BOT trên địa phận hai tỉnh Đồng Nai và Bà Rịa Vũng Tàu,NamSyntax/vietnamese-news-classification
namsyntax_313317,Tổng thống lâm thời Ai Cập và trọng trách nặng nề,,39,,Thế giới,"Theo báo Independent của Ai Cập, Adly Mansour vừa được chỉ định làm Tổng thống
lâm thời của Ai Cập sau khi quân đội lật đổ Mohammed Morsi.",NamSyntax/vietnamese-news-classification
namsyntax_822803,"Số trẻ tử vong liên quan siro ho lên 69 ca, Ấn Độ ngừng sản xuất thuốc",,54,,Sức khỏe,Số bệnh nhi tử vong liên quan tới siro ho ở Ấn Độ được điều chỉnh từ 66 lên 69 ca. Một nhà máy đã phải ngừng sản xuất dược phẩm này vì có nhiều vi phạm.,NamSyntax/vietnamese-news-classification
namsyntax_1047652,"'Đào, Phở và Piano' thu về bao nhiêu tiền bán vé ở rạp hot nhất Hà Nội?",,46,,Giải trí,"Trung tâm chiếu phim Quốc gia cho biết sau 15 ngày công chiếu, 'Đào, Phở và Piano' đã bán gần 40 nghìn vé, thu về hơn 2 tỷ đồng.",NamSyntax/vietnamese-news-classification
namsyntax_1299967,8 cách làm các món ăn từ thịt bò hấp dẫn,,53,,Đời sống,"Thịt bò là loại thực phẩm được nhiều gia đình Việt ưa chuộng, sử dụng để chế biến món ăn hàng ngày vì dễ nấu, lại bổ dưỡng. Dưới đây là 8 cách làm các món ăn từ thịt bò hấp dẫn.",NamSyntax/vietnamese-news-classification
namsyntax_739783,Căn hộ 55m² được cải tạo theo phong cách Scandinavia đẹp lung linh,,48,,Bất động sản,"Với diện tích chỉ vỏn vẹn 55m², căn hộ gây ấn tượng bởi sự kết hợp
hài hòa giữa nét hiện đại với một chút hoài cổ vốn có trước khi được cải
tạo lại.",NamSyntax/vietnamese-news-classification
namsyntax_829439,"Bộ Y tế phân bổ đợt 5 vắc xin Covid-19, TP.HCM nhiều nhất",,34,,Sức khỏe,"Bộ Y tế phân bổ đợt 5 vắc xin Covid-19 cho 38 địa phương, đơn vị, trong đó TP.HCM nhiều nhất.",NamSyntax/vietnamese-news-classification
namsyntax_1288502,Nữ điều dưỡng xinh đẹp giấu gia đình vào tâm dịch Đà Nẵng,,36,,Đời sống,"Giấu gia đình, nữ điều dưỡng trẻ chủ động liên lạc bệnh viện rồi xách balo lên đường vào tuyến đầu chống dịch.",NamSyntax/vietnamese-news-classification
namsyntax_1082574,Quách Tuấn Du tậu nhà 4 tỷ Sài Gòn và nhà rộng lớn dưới quê báo hiếu mẹ,,39,,Giải trí,"Có quá khứ cơ cực, khi thành danh, nam ca sĩ báo hiếu mẹ bằng những món quà có giá trị.",NamSyntax/vietnamese-news-classification
namsyntax_1128054,Sắc thuế đánh vào nước tiểu giúp La Mã cổ đại bổ sung ngân khố,,41,,Pháp luật,"Nhận ra nguồn thu khổng lồ do nước tiểu được dùng vào nhiều công việc, hoàng đế La Mã Vespasian áp thuế lên chất thải này.",NamSyntax/vietnamese-news-classification
namsyntax_734960,Tiện ích vượt trội của căn hộ xanh - sức khoẻ Essensia Sky,,48,,Bất động sản,"Căn hộ xanh - sức khoẻ Essensia Sky nổi bật ở vùng xanh sôi động Nam Sài Gòn với hệ giá trị vượt trội về thiết kế, hệ tiện ích đa tầng ngay ngưỡng cửa.",NamSyntax/vietnamese-news-classification
namsyntax_1210197,Cựu Bí thư Tỉnh ủy Quảng Ninh được tiếp nhận làm giảng viên đại học,,51,,Giáo dục,"Ông Nguyễn Xuân Ký, cựu Bí thư Tỉnh ủy, cựu Chủ tịch HĐND tỉnh Quảng Ninh vừa được Trường Quản trị và Kinh doanh HSB (Đại học Quốc gia Hà Nội) tiếp nhận làm giảng viên.",NamSyntax/vietnamese-news-classification
namsyntax_463529,Những điều thú vị về nước tăng lực thương hiệu Việt,,61,,Kinh doanh,"Ít ai biết rằng chai nước tăng lực bé nhỏ lại ẩn chứa một sức mạnh khổng lồ
khi ‘tăng lực’ cho cả ngành nước giải khát Việt Nam, mở ra một chương mới mà ở
đó doanh nghiệp Việt đủ sức đối đầu với các đại gia thế giới.",NamSyntax/vietnamese-news-classification
namsyntax_187644,Hà Nội: Lái xe Mercedes bị đâm chết giữa phố,,37,,Thời sự,"21h10 ngày 14/7, tại ngã tư Hàng Mành, quận
Hoàn Kiếm, Hà Nội xảy ra vụ giết người xuất phát từ mâu thuẫn hết sức giản đơn.",NamSyntax/vietnamese-news-classification
namsyntax_743895,Choáng ngợp trước nhà phố 320 cây vàng Thanh Thảo mua lúc 20 tuổi,,48,,Bất động sản,"Khi 20 tuổi, Thanh Thảo dồn toàn bộ số tiền đi hát được 200 cây vàng, vay thêm 120 cây mới đủ mua căn nhà đầu tiên ở mặt phố quận 3, TP HCM.",NamSyntax/vietnamese-news-classification
namsyntax_57067,"Dự kiến khắc phục xong sự cố hầm Bãi Gió, thông tàu Bắc - Nam vào ngày 22/4",,64,,Thời sự,"Sau khi lực lượng chức năng lắp hết các khung chống vào vị trí sạt lở hầm Bãi Gió, tiến hành phun vữa, làm bê tông vỏ hầm, dự kiến đến ngày 22/4 công việc khắc phục sẽ hoàn thành để thông tàu Bắc – Nam.",NamSyntax/vietnamese-news-classification
namsyntax_1345018,10 lý do để bạn chọn tháng 4 cho những chuyến du lịch,,38,,Đời sống,"Vào tháng 4, bạn có thể lựa chọn cho mình những địa điểm du lịch tuyệt vời ở bất kỳ nước nào trên thế giới",NamSyntax/vietnamese-news-classification
namsyntax_770394,Nguồn protein tốt cho tim mạch,,24,,Sức khỏe,"Chất đạm từ cá, các loại hạt, đậu, thịt gia cầm có lợi cho sức khỏe tim mạch.",NamSyntax/vietnamese-news-classification
namsyntax_925869,Nữ hoàng Muay Thanh Trúc bảo vệ ngôi vô địch MMA sau 2 phút 26 giây,,50,,Thể thao,"Nữ hoàng Muay Nguyễn Thị Thanh Trúc bảo vệ thành công đai vô địch hạng 52kg trước Hồ Thị Ngọc Bích bằng kỹ thuật bẻ chân, tại giải MMA chuyên nghiệp Việt Nam 2023.",NamSyntax/vietnamese-news-classification
namsyntax_953538,"V-League 2020 gay cấn, thầy Park mừng và lo",,40,,Thể thao,"V-League 2020 ngoại trừ vấn đề trọng tài thì đang thực sự hấp dẫn khiến HLV Park Hang Seo mừng hơn ai hết, nhưng nỗi lo cũng từ đây mà ra...",NamSyntax/vietnamese-news-classification
namsyntax_1272587,Sản phụ vượt cạn tại sảnh chung cư,,42,,Đời sống,"Hà Nội - Vừa xuống sảnh chung cư, chuẩn bị đến viện để kiểm tra, sản phụ Đoàn Trang đột nhiên thấy cơn đau ập đến nên bảo chồng để mình đẻ tại chỗ.",NamSyntax/vietnamese-news-classification
namsyntax_870799,Neymar: 'Tôi không biết làm gì để được tôn trọng',,42,,Thể thao,Cầu thủ đắt nhất thế giới Neymar phàn nàn về việc không nhận được sự tôn trọng từ dư luận ngay cả khi thi đấu tốt cho PSG hoặc đội tuyển Brazil.,NamSyntax/vietnamese-news-classification
namsyntax_31834,"Đổi mới nội dung bồi dưỡng kiến thức cho lãnh đạo, quản lý",,55,,Thời sự,"Hà Nội - Tổng Bí thư, Chủ tịch nước yêu cầu Học viện Chính trị quốc gia Hồ Chí Minh tiếp tục đổi mới chương trình, nội dung bồi dưỡng, cập nhật kiến thức cho các chức danh lãnh đạo, quản lý.",NamSyntax/vietnamese-news-classification
namsyntax_774555,"Đột quỵ - tai biến gây tàn phế, chết người",,48,,Sức khỏe,"Hơn một nửa số ca đột quỵ có liên quan đến tăng huyết áp, cứ 5 người bị tai biến thì một bệnh tiểu đường, các bác sĩ khuyến cáo nhóm mắc bệnh lý này cần phòng ngừa.",NamSyntax/vietnamese-news-classification
namsyntax_1133325,Luật sư Mỹ chuyên lừa tiền người trúng xổ số độc đắc,,40,,Pháp luật,"Jason Kurland, 46 tuổi, bị cáo buộc cấu kết với đồng phạm chiếm đoạt hơn 80 triệu USD của nhiều người từng trúng xổ số giải độc đắc.",NamSyntax/vietnamese-news-classification
namsyntax_1317518,Kiều Anh Hera livestream xin lỗi sau khi bị tố 'cắm sừng' bạn trai,,41,,Đời sống,"Sau lùm xùm tình ái, ""nữ thần streamer"" Kiều Anh Hera quay clip xin lỗi người hâm mộ, đồng thời tỏ ý trách móc bạn trai cũ.",NamSyntax/vietnamese-news-classification
namsyntax_84888,Lan tỏa thông điệp 'Bình tĩnh sống để chống dịch lâu dài',,50,,Thời sự,"Cuộc chiến chống dịch Covid-19 còn lâu dài, cần có giải pháp, tiêu chí, những ưu tiên mới để nhân dân cả nước có thể bình tĩnh sống và cùng chống dịch, không cầu toàn, không nóng vội.",NamSyntax/vietnamese-news-classification
namsyntax_227309,"Chìm tàu ngầm du lịch ở Ai Cập, ít nhất 6 người chết",,40,,Thế giới,Ít nhất 6 người thiệt mạng và 9 người bị thương sau khi tàu ngầm du lịch chìm ngoài khơi khu nghỉ dưỡng Hurghada của Ai Cập.,NamSyntax/vietnamese-news-classification
namsyntax_1082885,Trọng Tấn: Tôi xúc động chờ đợi được hát trong Điều Còn Mãi,,49,,Giải trí,Ca sĩ Trọng Tấn sau một năm vắng mặt vào ngày 2/9 tới sẽ trở lại diễn Điều Còn Mãi 2019 và tiết mục của anh hứa hẹn sẽ đem lại ấn tượng cho người xem.,NamSyntax/vietnamese-news-classification
namsyntax_457813,"Mulberry Lane: Dự án thành công, sẵn sàng để ở",,56,,Kinh doanh,"Dự án hoàn thiện, có thể vào ở ngay; mọi tiện ích đã đi vào hoạt
động; cư dân đông đúc, văn minh; thiết kế hợp lý theo tiêu chuẩn
Singapore… tất cả làm nên sức hấp dẫn cho khu căn hộ hạng sang Mulberry Lane.",NamSyntax/vietnamese-news-classification
namsyntax_777695,Viêm xoang khi nào cần phẫu thuật?,,43,,Sức khỏe,"Tôi bị viêm xoang 3 năm nay, thường nghẹt mũi và đau đầu nhiều, nhất là khi trời lạnh. Xin hỏi bác sĩ tôi có nên phẫu thuật xoang không? (Thanh Hiền, 40 tuổi, Đà Lạt).",NamSyntax/vietnamese-news-classification
namsyntax_628423,Cách đổi tiền thành ngày sử dụng với M2D của Mobifone,,69,,Khoa học,Đối với các khách hàng sử dụng sim MobiCard thường xuyên gặp tình trạng tài khoản còn rất nhiều tiền nhưng lại hết ngày sử dụng. Để khắc phục tình trạng này mọi người có thể đổi tiền thành ngày sử dụng với M2D của Mobifonehoặc có thể nạp thẻ cao để được cộng thêm ngày sử dụng.,NamSyntax/vietnamese-news-classification
namsyntax_1209731,"Đang chăn bò, nam sinh xúc động nhận giấy trúng tuyển đại học top đầu",,48,,Giáo dục,"TRUNG QUỐC - Đạt 692/750 điểm trong kỳ thi tuyển sinh đại học năm 2024, Lý Hồng Phi (SN 2006) vừa nhận được giấy trúng tuyển của Đại học Thanh Hoa (Trung Quốc).",NamSyntax/vietnamese-news-classification
namsyntax_615883,Giải pháp,,41,,Khoa học,"Máy làm sạch không khí Smog Free Tower của doanh nhân 36 tuổi người
Hà Lan, Daan Roosegaarde, được xem là giải pháp thông minh giúp mang lại
sức sống cho các thành phố ô nhiễm nhất thế giới.",NamSyntax/vietnamese-news-classification
namsyntax_606351,Cầu lửa bí ẩn chói loà trên bầu trời đêm ở Mỹ,,43,,Khoa học,"Quả cầu lửa khổng lồ được xác định xuất hiện trên bầu trời Florida,
Mỹ hôm 21/11 vừa qua với ánh sáng chói loà khiến nhiều người chứng kiến
kinh ngạc.",NamSyntax/vietnamese-news-classification
namsyntax_1120184,Giải Cống Hiến ''nóng'' trước ngày bầu chọn,,27,,Giải trí,"Những cây bút sắc sảo của mảng Văn hóa bày tỏ quan điểm về giải Cống Hiến
năm nay.",NamSyntax/vietnamese-news-classification
namsyntax_330917,Ủy ban Kinh tế: Bội chi năm 2020 có thể tới 5% GDP,,44,,Kinh doanh,"Bội chi năm nay có thể chiếm 5-5,1% GDP, cao hơn nhiều chỉ tiêu Quốc hội giao (3,44% GDP) do ngân sách hụt thu nhưng phải tăng chi vì dịch bệnh.",NamSyntax/vietnamese-news-classification
namsyntax_463249,Đại gia mới nổi khiến loạt tỷ phú Việt bật bãi,,61,,Kinh doanh,"Chỉ chưa tới 3 tháng sau khi lên sàn, đại gia mới nổi Nguyễn Đức Tài
đã lọt vào tốp 10 người giàu nhất trên thị trường chứng khoán, vượt lên
trên những tên tuổi lừng lẫy như Trương Gia Bình, Hồ Hùng Anh, Trần Kim
Thành, Đặng Thành Tâm...",NamSyntax/vietnamese-news-classification
namsyntax_5531,Doanh nghiệp 'từ bỏ việc xử lý làm sạch sông Tô Lịch',,48,,Thời sự,"Hà Nội - Thành phố yêu cầu công ty thí điểm công nghệ nano làm sạch đoạn sông Tô Lịch cung cấp văn bản pháp lý từ cuối năm 2019, nhưng không nhận được phản hồi.",NamSyntax/vietnamese-news-classification
namsyntax_281909,Lý do đảng của đương kim tổng thống Mỹ hay bại ở bầu cử giữa kỳ,,42,,Thế giới,Đảng của Tổng thống Mỹ đương nhiệm luôn để mất ghế Quốc hội vào tay đảng đối lập sau mỗi cuộc bầu cử giữa nhiệm kỳ.,NamSyntax/vietnamese-news-classification
namsyntax_315526,Bắt kẻ giấu 16 con chim trong quần,,42,,Thế giới,"Một người đàn ông ở Miami, Mỹ có thể phải đối mặt với 20 năm tù giam sau khi
bị bắt vì tội vận chuyển lậu chim quý từ Cuba vào Mỹ bằng quần.",NamSyntax/vietnamese-news-classification
namsyntax_741251,Lo ngại đất công thành dự án nhà ở không qua đấu giá,,45,,Bất động sản,"Đóng góp ý kiến dự thảo Luật Đất đai (sửa đổi), HoREA chỉ ra điểm có thể dẫn đến làm thất thu ngân sách Nhà nước, gây thất thoát tài sản công.",NamSyntax/vietnamese-news-classification
namsyntax_419071,Giá vàng hôm nay 7/9: Tăng chậm chờ thời cơ mới,,31,,Kinh doanh,"Giá vàng trong nước giao dịch quanh ngưỡng 57 triệu đồng/lượng, trong bối cảnh vàng thế giới ít biến động.",NamSyntax/vietnamese-news-classification
namsyntax_1170707,Quản lý ngân hàng trộm 20 kg vàng thỏi trong két của khách,,50,,Pháp luật,Nhật Bản - Nữ quản lý 46 tuổi của ngân hàng MUFG bị bắt ngày 14/1 vì cáo buộc trộm khoảng 20 kg vàng và nhiều tài sản trị giá hơn một tỷ yên của khách hàng.,NamSyntax/vietnamese-news-classification
namsyntax_1199283,Bốn câu đố thử thách tính nhanh,,28,,Giáo dục,"Trong 10 giây, hãy tìm ra đáp án chính xác cho phép toán thông qua dữ liệu hình ảnh cho trước.",NamSyntax/vietnamese-news-classification
namsyntax_1340299,Khoai tây chiên giòn thơm ngon khó cưỡng,,41,,Đời sống,"Từng viên khoai tây chiên giòn giòn bên ngoài và phần nhân hỗn hợp
dai dai mềm béo bên trong chắc chắn sẽ là món ăn vặt ngon mà bé yêu rất
thích!",NamSyntax/vietnamese-news-classification
namsyntax_1223488,"Ngày cuối đăng ký xét tuyển đại học 2025: Đừng giới hạn, chọn quá ít nguyện vọng",,62,,Giáo dục,"Hôm nay 28/7 là hạn cuối để thí sinh hoàn tất việc đăng ký, điều chỉnh nguyện vọng xét tuyển đại học năm 2025. Nếu muốn xét tuyển, việc đăng ký nguyện vọng trên Hệ thống tuyển sinh chung của Bộ GD-ĐT là bắt buộc.",NamSyntax/vietnamese-news-classification
namsyntax_1283539,"Uất ức vì chồng đòi của hồi môn có vàng, điều hòa, vợ nghèo làm điều dại dột",,55,,Đời sống,"ẤN ĐỘ - Một phụ nữ 22 tuổi, mới kết hôn được 3 ngày, đã tự tử do bị chồng và gia đình chồng gây áp lực đòi của hồi môn phải có vàng, máy điều hoà...",NamSyntax/vietnamese-news-classification
namsyntax_1205226,Đại học Quốc gia TP HCM bỏ hai cách xét tuyển từ năm 2025,,43,,Giáo dục,"Đại học Quốc gia TP HCM bỏ ưu tiên xét tuyển và các phương thức riêng của trường thành viên, thống nhất ba cách tuyển sinh từ năm 2025.",NamSyntax/vietnamese-news-classification
namsyntax_1341177,5 lỗi thời trang sân bay khiến bạn dễ bị chê trách,,52,,Đời sống,"Bạn không muốn vấp phải sự kiểm soát của hàng rào an ninh hay bắt gặp
ánh mắt khó chịu từ những hành khách xung quanh? Hãy tránh những thứ
sau đây để bạn có một phong cách hoàn hảo",NamSyntax/vietnamese-news-classification
namsyntax_367933,Mercedes-Benz An Du 3 năm là 'Nơi làm việc tốt nhất châu Á',,47,,Kinh doanh,"Mercedes-Benz An Du là một trong những công ty có môi trường làm việc tốt nhất châu Á năm thứ ba liên tiếp, do Tạp chí nhân sự HR Asia vinh danh ngày 8/8.",NamSyntax/vietnamese-news-classification
namsyntax_1161839,"Bị cáo đường dây buôn lậu 200 triệu lít xăng hối hận, xin giảm nhẹ",,48,,Pháp luật,"Đồng Nai - Bị cáo Lại Văn Quyết và các chủ cây xăng trong đại án buôn lậu xăng dầu đều thừa nhận hành vi sai phạm, xin HĐXX xem xét giảm nhẹ.",NamSyntax/vietnamese-news-classification
namsyntax_266429,Bắc Kinh ưu đãi nhập cảnh cho người tiêm vắc-xin Covid-19 Trung Quốc,,47,,Thế giới,"Trung Quốc hôm nay (13/3) cho biết, người nước ngoài từ Hong Kong vào đại lục sẽ được đơn giản hóa thủ tục nếu đã tiêm vắc-xin ngừa Covid-19 do nước này sản xuất.",NamSyntax/vietnamese-news-classification
namsyntax_979371,Video bàn thắng Hải Phòng 1-1 Hà Nội FC,,49,,Thể thao,"Dù dẫn trước ở đầu hiệp 2 nhưng chủ nhà Hải Phòng không giữ được lợi thế và để Văn Quyết gỡ hòa trên chấm 11m, kết thúc trận đấu với tỷ số hòa tối thiểu trên sân Lạch Tray.",NamSyntax/vietnamese-news-classification
namsyntax_721981,Nhịp sống ngày càng sôi động ở The Global City,,47,,Bất động sản,"Những dãy nhà phố thương mại hiện đại thành hình, quy tụ loạt sự kiện, lễ hội đình đám… The Global City từng bước chinh phục mục tiêu trở thành trung tâm mới sôi động ở TP.HCM.",NamSyntax/vietnamese-news-classification
namsyntax_451335,"Nguyên liệu 'siêu' rẻ, giá 1 ly trà sữa chưa tới 3.000 đồng",,39,,Kinh doanh,"Các chủ cửa hàng “bật mí”, với nguồn nguyên liệu “siêu” rẻ, chi phí vốn cho 1 ly trà sữa thực tế chưa tới 3.000 đồng.",NamSyntax/vietnamese-news-classification
namsyntax_236120,Tỷ lệ ủng hộ Tổng thống Trump ở mức thấp nhất trong nhiệm kỳ 2,,55,,Thế giới,Tỷ lệ ủng hộ Tổng thống Mỹ Donald Trump đã rơi xuống một trong những mức thấp nhất nhiệm kỳ 2 của ông khi chỉ 37% người Mỹ bày tỏ ủng hộ những gì nhà lãnh đạo này đã làm.,NamSyntax/vietnamese-news-classification
namsyntax_956974,"Thua bạc nhược, U23 Nhật Bản chính thức bị loại",,36,,Thể thao,"- Thua bẽ bàng 1-2 trước U23 Syria, U23 Nhật Bản chính thức bị loại khỏi U23 châu Á 2020, dù còn 1 trận chưa đấu.",NamSyntax/vietnamese-news-classification
namsyntax_1159630,Bi kịch của người phụ nữ bị cướp kéo ngã,,41,,Pháp luật,"TP HCM - Bị giật túi xách ngã đập đầu xuống đường, chị Huỳnh Tú Tám, 38 tuổi, phải qua 4 lần phẫu thuật sọ não mới giữ được mạng sống.",NamSyntax/vietnamese-news-classification
namsyntax_141500,Bộ Ngoại giao có Thứ trưởng mới,,37,,Thời sự,"Thủ tướng  vừa ký quyết định bổ nhiệm ông
Đặng Đình Quý, Giám đốc Học viện Ngoại giao, Viện trưởng Viện Biển Đông giữ chức Thứ trưởng Bộ Ngoại giao.",NamSyntax/vietnamese-news-classification
namsyntax_38132,Ông Nguyễn Đình Trung được chỉ định tiếp tục làm Bí thư Đăk Lăk,,39,,Thời sự,"Ông Nguyễn Đình Trung, 52 tuổi, được Bộ Chính trị chỉ định tiếp tục giữ chức Bí thư Tỉnh ủy Đăk Lăk, nhiệm kỳ 2025-2030.",NamSyntax/vietnamese-news-classification
namsyntax_1193372,Trung ương Đoàn sẽ hỗ trợ thanh thiếu niên học tiếng Anh,,42,,Giáo dục,"Đại diện Trung ương Đoàn cho biết sẽ tạo ra sân chơi, giải pháp công nghệ cho thanh thiếu niên rèn luyện tiếng Anh, tự tin hội nhập quốc tế.",NamSyntax/vietnamese-news-classification
namsyntax_1135735,Bắt Phó trưởng Công an huyện Mường Lát,,34,,Pháp luật,"Trung tá Hơ Văn Tho, Phó công an huyện Mường Lát (Thanh Hóa) bị bắt tạm giam để điều tra hành vi giả mạo hồ sơ.",NamSyntax/vietnamese-news-classification
namsyntax_1261816,Vì sao người Mỹ không tiết kiệm?,,27,,Đời sống,"Người nghèo Mỹ lái xe Ford hoặc Toyota đi lĩnh trợ cấp, điều này khiến người châu Á ngạc nhiên.",NamSyntax/vietnamese-news-classification
namsyntax_1184816,Đang ngồi nhậu bị côn đồ chém lìa cánh tay,,45,,Pháp luật,"Ngày 4/4, Công an Tp Quảng Ngãi đã khởi tố 4 đối tượng gồm Trương Nhất Kỳ, Phạm Kỳ Nam, Dương Ngọc Vương và Ngô Văn Hoàng về hành vi cố ý gây thương tích.",NamSyntax/vietnamese-news-classification
namsyntax_802752,Những bệnh lý gây rối loạn tiểu tiện,,35,,Sức khỏe,"Rối loạn tiểu tiện có thể xảy ra khi mắc các bệnh liên quan đến tuyến tiền liệt, bệnh thần kinh như Parkinson, Alzheimer hoặc đột quỵ.",NamSyntax/vietnamese-news-classification
namsyntax_1329783,"Lạnh 13 độ C, người đàn ông khỏa thân giữa đường gây sốc",,48,,Đời sống,"Hình ảnh một người đàn ông trần truồng nằm vạ giữa đường chặn đoàn xe đang lưu thông trên đường ở Thanh Sơn, Phú Thọ đã gây nên sự bức xúc của nhiều người dân.",NamSyntax/vietnamese-news-classification
namsyntax_59098,Điểm danh những thói quen giúp phòng ngừa cháy nhà trong đêm,,56,,Thời sự,"Thời gian qua, trên địa bàn TP Hà Nội liên tiếp xảy ra các vụ cháy nhà vào ban đêm gây thiệt hại về người và tài sản. Vì vậy người dân cần xây dựng một số thói quen để phòng ngừa cháy nổ.",NamSyntax/vietnamese-news-classification
namsyntax_1160476,Bộ Công an điều tra người tung tin đồn chủ tập đoàn lớn bị cấm xuất cảnh,,56,,Pháp luật,Hà Nội - Bộ Công an bác thông tin người đứng đầu một doanh nghiệp có sức ảnh hưởng đang bị áp dụng biện pháp ngăn chặn. Việc xác minh người tung tin thất thiệt đang được tiến hành.,NamSyntax/vietnamese-news-classification
namsyntax_973888,Mourinho,,35,,Thể thao,"Mourinho yêu cầu các sếp MU gia hạn hợp đồng với 4 cầu thủ Blind, Young, Herrera và Mata. HLV Conte muốn đưa tiền đạo ""hot"" nhất Serie A - Mauro Icardi về Chelsea...",NamSyntax/vietnamese-news-classification
namsyntax_767867,Việt Nam nhận thêm 4 triệu liều vaccine Pfizer từ Đức,,38,,Sức khỏe,"Chính phủ Đức hỗ trợ Việt Nam thêm 4.000.230 liều vaccine Pfizer thông qua cơ chế COVAX, nâng tổng số viện trợ lên trên 10 triệu liều.",NamSyntax/vietnamese-news-classification
namsyntax_1289954,'Hồ ma' rộng 3.000m2 bỗng nhiên bốc hơi biến mất chỉ sau một đêm,,32,,Đời sống,Hồ nước với diện tích rộng tới 3.000m2 nhưng chỉ sau một đêm đã bốc hơi biến mất.,NamSyntax/vietnamese-news-classification
namsyntax_600751,15 tính năng hay trên Android 7.0 Nougat bạn cần biết,,55,,Khoa học,"Các nhà sản xuất điện thoại Android đã bắt đầu cập nhật hệ điều hành Android 7.0 Nougat tới tay người dùng. Để tận dụng tính năng mới của bản update này, dưới đây là 15 tính năng trên Android 7.0 bạn cần biết.",NamSyntax/vietnamese-news-classification
namsyntax_156027,Cấp đổi GPLX qua mạng chỉ mất 2h đồng hồ,,47,,Thời sự,"Để thực hiện đăng ký đổi giấy phép lái xe (GPLX), người dân chỉ cần khai
báo thông tin trên mạng, đặt lịch đến hoàn thiện thủ tục và chờ 2h là có thể
nhận GPLX mới.",NamSyntax/vietnamese-news-classification
namsyntax_256885,Ba Lan đòi Đức bồi thường 1.200 tỷ USD,,52,,Thế giới,"Ngoại trưởng Ba Lan Zbigniew Rau đã gửi một công hàm ngoại giao tới Đức, yêu cầu Berlin bồi thường cho những thiệt hại mà Warsaw gánh chịu do cuộc xâm lược và chiếm đóng của Đức Quốc xã trong Thế chiến II.",NamSyntax/vietnamese-news-classification
namsyntax_348975,Doanh nghiệp bất động sản chiếm một nửa trái phiếu phát hành,,42,,Kinh doanh,"Các doanh nghiệp bất động sản năm 2021 phát hành gần 320.000 tỷ đồng trái phiếu và cũng là những đơn vị trả lãi suất cao nhất, bình quân 10,3-10,6%.",NamSyntax/vietnamese-news-classification
namsyntax_594246,Bàn giao nhiệm vụ Chủ tịch Hội đồng thành viên MobiFone,,49,,Khoa học,"Ngày 20/06/2017, ông Lê Nam Trà đã ký văn bản bàn giao các nhiệm vụ của Chủ tịch Hội đồng thành viên Tổng công ty MobiFone cho ông Cao Duy Hải, Tổng giám đốc Tổng công ty MobiFone.",NamSyntax/vietnamese-news-classification
namsyntax_874268,Xác định bốn cặp tứ kết đơn nam Australia Mở rộng,,39,,Thể thao,"Australia - Stefanos Tsitsipas giành vé cuối vào vòng đấu của tám tay vợt hay nhất, khi thắng ngược Taylor Fritz 4-6, 6-4, 4-6, 6-3, 6-4, chiều 24/1.",NamSyntax/vietnamese-news-classification
namsyntax_1151605,Lời khai 'vô tư' rút 50 tỷ đồng để tham ô tại Bộ Tư lệnh cảnh sát biển,,67,,Pháp luật,"Trong phiên tòa xét xử vụ tham ô tài sản xảy ra tại Bộ Tư lệnh Cảnh sát biển (Bộ Quốc phòng), bị cáo Hoàng Văn Đồng (cựu trung tướng, cựu Chính ủy) khai, việc cầm tiền vô cùng áy náy, nhưng lúc đó không thể đấu tranh nổi.",NamSyntax/vietnamese-news-classification
namsyntax_525244,"iPhone SE giá rẻ có ba tùy chọn màu sắc, bộ nhớ",,37,,Khoa học,"iPhone SE thế hệ thứ ba được cho là vẫn giữ kiểu dáng cũ, có ba màu để lựa chọn là đen, trắng và đỏ.",NamSyntax/vietnamese-news-classification
namsyntax_608304,Samsung mang Galaxy S7/S7 Edge hoành tráng đến Triển lãm ô tô quốc tế 2016,,46,,Khoa học,Galaxy S7/S7 Edge và hệ sinh thái Galaxy đã được Samsung mang đi trình diễn tại một gian hàng riêng khá hoành tráng ở Triển lãm Ô tô Quốc tế 2016.,NamSyntax/vietnamese-news-classification
namsyntax_941842,"Tuyển Việt Nam bay sang Australia, Công Phượng vui nhất",,36,,Thể thao,HLV Park Hang Seo và các thành viên tuyển Việt Nam tổ chức sinh nhật cho tiền đạo Công Phượng trước khi lên đường sang Australia.,NamSyntax/vietnamese-news-classification
namsyntax_1152432,"Sát hại mẹ, cướp tài sản",,33,,Pháp luật,"Nguyễn Lâm, 18 tuổi, rủ Đặng Phú Công chạy xe về nhà mẹ ruột ở thị xã Đông Hòa, sát hại bà để lấy tiền tiêu xài.",NamSyntax/vietnamese-news-classification
namsyntax_725259,'Đột nhập' biệt thự 7 tầng dát vàng siêu sang dưới lòng đất,,41,,Bất động sản,"Được thiết kế dành cho giới nhà giàu, biệt thự dưới lòng đất có nhiều chi tiết trang trí bằng vàng 24 karat, có khu trượt tuyết riêng...",NamSyntax/vietnamese-news-classification
namsyntax_632547,Contra Online - Tựa game bắn súng 3D sẽ ra mắt trong thời gian sắp tới,,41,,Khoa học,"Trong thời gian sắp tới, VNG sẽ chính thức ra mắt tựa game di động Dũng Giả Đại Mạo Hiểm với tên gọi Contra Online.",NamSyntax/vietnamese-news-classification
namsyntax_581153,Ứng dụng nhắn tin với,,40,,Khoa học,"Ứng dụng Die With Me chỉ dùng để nhắn tin cho người lạ, những người có smartphone kiệt pin dưới 5%. Khi hết pin, họ sẽ tự tìm đến nhau và tìm hiểu đối phương.",NamSyntax/vietnamese-news-classification
namsyntax_514779,Indonesia chính thức cấm bán hàng trên TikTok,,53,,Khoa học,"Ngày 27/9, Indonesia ra thông báo cấm giao dịch thương mại điện tử trên các nền tảng truyền thông xã hội, động thái giáng mạnh vào TikTok, ứng dụng video ngắn đang đầu tư mạnh mẽ vào nền kinh tế lớn nhất Đông Nam Á.",NamSyntax/vietnamese-news-classification
namsyntax_622368,Cảm động trước clip tưởng nhớ CEO quá cố Satoru Iwata,,28,,Khoa học,Những hình ảnh khiến các fan hâm mộ của hãng Nintendo không khỏi cảm thấy động lòng.,NamSyntax/vietnamese-news-classification
namsyntax_1104176,"Đây là số tiền Hari Won, Noo Phước Thịnh tiêu mỗi ngày",,39,,Giải trí,"Dù kiếm được rất nhiều tiền mỗi tháng, nhưng số tiền những sao Việt này dành để chi tiêu hàng ngày lại khá ít ỏi, tiết kiệm.",NamSyntax/vietnamese-news-classification
namsyntax_67696,4 nữ tiếp viên Vietnam Airlines và đường đi của hơn 11kg ma túy,,55,,Thời sự,"Nhóm nữ tiếp viên khai đã nhận chuyển hàng từ Pháp về Việt Nam để nhận tiền công hơn 10 triệu đồng và bật khóc khi biết đó là ma túy, được cất giấu tinh vi trong tuýp kem đánh răng.",NamSyntax/vietnamese-news-classification
namsyntax_1340676,Xúc động những hình ảnh trong lễ rửa chân cho mẹ ở Hàn Quốc,,43,,Đời sống,"Để cảm tạ công ơn sinh thành, dưỡng dục của mẹ, nhiều học sinh Hàn Quốc đã tham gia lễ rửa chân cho mẹ vào ngày hôm qua (8/5).",NamSyntax/vietnamese-news-classification
namsyntax_1272944,5 điều bạn có thể làm để thăng tiến sự nghiệp,,40,,Đời sống,"Sự thăng tiến trong sự nghiệp có nhiều hình thức, có thể là leo lên vị trí mới hoặc đảm nhận nhiều trách nhiệm hơn vai trò hiện tại.",NamSyntax/vietnamese-news-classification
namsyntax_378811,BVBank báo lãi hơn 430 tỷ đồng trong 9 tháng,,47,,Kinh doanh,"BVBank ghi nhận lợi nhuận trước thuế hơn 430 tỷ đồng sau ba quý kinh doanh, tăng 140% so với cùng kỳ, hoàn thành 79% kế hoạch năm nhờ chiến lược bán lẻ, quản trị hiệu quả.",NamSyntax/vietnamese-news-classification
namsyntax_33008,Bình Dương đẩy nhanh các dự án giao thông kết nối vùng,,44,,Thời sự,"Hàng loạt dự án kết nối vùng như mở rộng nâng cấp quốc lộ 13, Vành đai 3 TP HCM đang được đẩy mạnh thi công đảm bảo tiến độ cam kết.",NamSyntax/vietnamese-news-classification
namsyntax_555584,Microsoft chuẩn bị đưa trình duyệt Edge lên hệ điều hành Linux,,28,,Khoa học,ictnews Microsoft đang chuẩn bị đưa trình duyệt Edge của mình lên hệ điều hành Linux,NamSyntax/vietnamese-news-classification
namsyntax_452061,"Giá vàng hôm nay 11/7: Đảo chiều, giảm mạnh 500 ngàn",,60,,Kinh doanh,"Giá vàng hôm nay 11/7 vẫn tiếp tục xu hướng biến động khó lường. Đà tăng giá khó cưỡng trong tuần mới khi
giá vàng thế giới trên thị trường châu Á đang nhấp nhổm tăng trở lại cho
dù vừa xác lập đỉnh cao hơn 2 năm qua.",NamSyntax/vietnamese-news-classification
namsyntax_1290561,Ngày của Mẹ năm 2022 là ngày nào?,,34,,Đời sống,"Ngày của Mẹ hay còn gọi là Mother’s Day trong tiếng Anh là dịp để kỷ niệm, tôn vinh những người mẹ trên khắp thế gian.",NamSyntax/vietnamese-news-classification
namsyntax_1199929,Học Y có cần phải giỏi môn Sinh không?,,35,,Giáo dục,"Em băn khoăn khi bố mẹ muốn em theo ngành Y, trong khi em học khối A00 (Toán, Lý, Hóa) và không yêu thích môn Sinh.",NamSyntax/vietnamese-news-classification
namsyntax_164908,Côn đồ thôn phá án bằng cách dìm,,51,,Thời sự,"Quyết không để Vinh “ngoan cố” thêm, Quốc cùng đồng bọn tiếp tục chở nạn nhân đến cầu Ngầm Đôi (xã Hòa Phú, huyện Hòa Vang) dìm xuống suối mục đích để Vinh khai, nhưng nạn nhân vẫn kiên quyết không thừa nhận...",NamSyntax/vietnamese-news-classification
namsyntax_746292,"Giá leo thang, mua nhà Hà Nội cần có thu nhập mỗi tháng từ 45 triệu đồng?",,64,,Bất động sản,"Theo Hội Môi giới bất động sản Việt Nam, với mức giá trung bình từ 60-70 triệu đồng/m2, người mua cần có thu nhập mỗi tháng tối thiểu từ 45 triệu đến 210 triệu đồng, tùy khu vực, mới đủ điều kiện tài chính để mua nhà.",NamSyntax/vietnamese-news-classification
namsyntax_1200137,Bài toán tính diện tích tam giác trong hình vuông,,30,,Giáo dục,"Trong 6 phút, bạn có tìm được đáp số bài toán diện tích dành cho học sinh giỏi lớp 6?",NamSyntax/vietnamese-news-classification
namsyntax_93981,"Phân công, bổ nhiệm nhân sự chủ chốt TP Hà Nội và Hải Phòng",,46,,Thời sự,"Thành ủy Hà Nội, Hải Phòng vừa tổ chức các hội nghị công bố các quyết định phân công, bổ nhiệm nhân sự chủ chốt phụ trách các ban đảng, sở ngành.",NamSyntax/vietnamese-news-classification
namsyntax_1123609,Tuấn Hưng: Ăn chơi và thích lấy...,,50,,Giải trí,"""Tôi sẽ lấy một người vợ gốc Bắc. Đó là điều chắc chắn. Mặc dù tuổi tôi dở
dở ương ương, tính cách cũng ương ương dở dở, ăn chơi và lại thích lấy...""vợ
hoang"" - nam ca sĩ Tuấn Hưng trải lòng.",NamSyntax/vietnamese-news-classification
namsyntax_1159950,Du học sinh gặp họa khi sống chung nhà với 'yêu râu xanh',,38,,Pháp luật,"Australia - Michelle Leng, 25 tuổi, rời Trung Quốc đến Sydney du học, ở cùng người dì ruột có chồng chỉ hơn Michelle hai tuổi.",NamSyntax/vietnamese-news-classification
namsyntax_992212,Đội bóng của bầu Kiên: Quá tam ba bận,,55,,Thể thao,"Trận đấu được không ít người trông đợi, khi đội bóng của bầu Kiên
đang bết bát ở cuối BXH. Liệu họ có giành được kết quả khả quan khi đối
đầu với K.Khánh Hòa đang tràn đầy hưng phấn sau trận thắng Ninh Bình
4-0?",NamSyntax/vietnamese-news-classification
namsyntax_12201,'Người rừng' sống chung với ung thư,,40,,Thời sự,"Quảng Ngãi - Mắc bệnh ung thư gan, ""người rừng"" Hồ Văn Lang rời xa núi rừng, nụ cười khỏe khoắn khi về làng tám năm trước giờ gượng gạo giữa cơn đau.",NamSyntax/vietnamese-news-classification
namsyntax_694949,Nga xiết chặt đăng ký tên miền,,41,,Khoa học,"Trong nỗ lực nhằm chống nội dung xấu và gian lận trực tuyến, cơ quan quản lý tên miền của Nga bắt đầu xiết chặt quy định đăng ký tên miền quốc gia .ru.",NamSyntax/vietnamese-news-classification
namsyntax_576540,"Thời điểm nào nên chọn mua smartphone, tablet, laptop mới?",,55,,Khoa học,"Nhiều người có thói quen chờ mua mua sắm cuối năm mới thay đổi các sản phẩm mình hay sử dụng (ở đây mình đang nói về đồ công nghệ), vì khi đó, thị trường sẽ có nhiều ưu đãi khuyến mại hoặc giảm giá…",NamSyntax/vietnamese-news-classification
namsyntax_945106,"Man City đề nghị Ronaldo hợp đồng 2 năm, lương 230.000 bảng/tuần",,45,,Thể thao,"Đội bóng của Pep Guardiola đề nghị Ronaldo hợp đồng 2 năm, lương 230.000 bảng/tuần nhưng không muốn trả khoản phí như đòi hỏi của Juventus, sau khi hụt mục tiêu Harry Kane.",NamSyntax/vietnamese-news-classification
namsyntax_494881,Cá bơn bám theo cua hộp để rình mồi,,36,,Khoa học,Các nhà nghiên cứu phát hiện một số loài cá biển như cá bơn và cá razorfish lợi dụng cua hộp để kiếm bữa ăn dễ dàng.,NamSyntax/vietnamese-news-classification
namsyntax_660139,Ứng dụng Windows Phone hay ra mắt tháng 4/2014,,34,,Khoa học,"– Movie Moments, Project Tripod hay SplitPic là một số ứng dụng mới, miễn phí cho nền tảng Windows Phone vừa ra mắt tháng 4/2014.",NamSyntax/vietnamese-news-classification
namsyntax_1259454,Trường đào tạo chính khách Nhật Bản,,57,,Giáo dục,"Matsushita Konosuke – nhà kinh doanh
tài ba và nhà tư tưởng chiến lược xuất sắc của Nhật Bản đã tuyên bố: ""Nếu
chúng ta đặt quyết tâm vào tinh thần và sức lực các công dân Nhật Bản,
chúng ta phải đào tạo những người thầy cho việc đó”.",NamSyntax/vietnamese-news-classification
namsyntax_841789,Những thói quen xấu nào dễ gây táo bón ở trẻ em?,,44,,Sức khỏe,"Với hệ tiêu hóa chưa hoàn thiện, non nớt, trẻ rất dễ mắc phải bệnh táo bón. Vậy những thói quen nào là nguyên nhân dẫn đến bệnh táo bón ở trẻ?",NamSyntax/vietnamese-news-classification
namsyntax_129175,5 xế hộp đâm liên hoàn trên đường về Hà Nội,,37,,Thời sự,"Khoảng 21h30, trên cầu Thanh trì (Hà Nội) xảy ra 1 vụ tai nạn liên hoàn giữa 5 xe ô tô khiến 1 người bị thương.",NamSyntax/vietnamese-news-classification
namsyntax_729818,Ngắm ngôi nhà nhỏ xíu đẹp lung linh do cặp đôi tự tay thiết kế và xây dựng,,65,,Bất động sản,Cặp đôi tự thiết kế và xây dựng ngôi nhà di động nhỏ xíu đẹp lung linh thực sự là 1 thử thách. Họ đã thực sự rất hiểu nhau mới có thể tạo nên 1 không gian nhỏ nhưng đẹp lung linh như trong giấc mơ.,NamSyntax/vietnamese-news-classification
namsyntax_1302260,"Không chịu nổi chị dâu tương lai, em gái yêu cầu anh trai huỷ đám cưới",,35,,Đời sống,ANH - Những yêu cầu quá đáng của chị dâu tương lai khiến cô gái không thể chịu nổi.,NamSyntax/vietnamese-news-classification
namsyntax_845116,Dạ Hương khuyến cáo khách tránh mua hàng nhái,,59,,Sức khỏe,"Trước việc dung dịch vệ sinh phụ nữ Dạ lý Hương in nhãn mác gần giống với nhãn mác dung dịch vệ sinh phụ nữ Dạ Hương, Dược phẩm Hoa Linh cho biết công ty không sản xuất, Dạ Lý Hương, khuyến cáo khách hàng cẩn thận, tránh hàng nhái.",NamSyntax/vietnamese-news-classification
namsyntax_1151171,"Thi thể trong vali ở Khánh Hòa, bí ẩn về chiếc rèm màu xanh",,47,,Pháp luật,"Công an tỉnh Khánh Hòa phát thông báo truy tìm tung tích thi thể bị bỏ trong vali ở khu vực đèo đường Phạm Văn Đồng, thuộc phường Vĩnh Hòa, TP Nha Trang.",NamSyntax/vietnamese-news-classification
namsyntax_723253,"‘Hạ chuẩn’ căn hộ xuống 25m2, người nghèo chơi sang mỗi người một căn hộ",,64,,Bất động sản,"- Theo KTS Phạm Thanh Tùng, nhà cho người thu nhập thấp không có nghĩa là đưa họ vào ở những diện tích bé nhỏ nhất. Chính phủ đề ra mỗi người dân có 20m2 nhà ở thì căn hộ 25m2 dành cho ai? Mỗi người một căn hộ?",NamSyntax/vietnamese-news-classification
namsyntax_1253083,Hàng ngàn người bị... đổi họ vì cán bộ viết 'ngọng',,54,,Giáo dục,"Ở xã Phú Thịnh, huyện Tam Bình, tỉnh Vĩnh Long, có đến hàng ngàn
người mang họ Nguyễn. Trong khoảng 10 năm gần đây, rất nhiều người bị
mang họ “Nguyển” do cán bộ xã cấp giấy khai sinh… viết sai chính tả.",NamSyntax/vietnamese-news-classification
namsyntax_679687,Thêm trường hợp con tin được giải cứu nhờ Facebook,,43,,Khoa học,– Một phụ nữ ở Utah dùng Facebook để tìm sự giúp đỡ sau khi cô và đứa con trai mới 17 tháng tuổi bị bắt làm con tin trong gần 5 ngày.,NamSyntax/vietnamese-news-classification
namsyntax_888350,"Tiền vệ 146 triệu USD mắc lỗi, Chelsea lại thua ở Ngoại hạng Anh",,46,,Thể thao,"Anh - Tân binh đắt giá nhất lịch sử Ngoại hạng Anh Moises Caicedo mất bóng, khiến Chelsea thủng lưới trong trận thua Nottingham Forest 0-1 ở vòng 4 Ngoại hạng Anh.",NamSyntax/vietnamese-news-classification
namsyntax_933673,HLV Flick tuyên bố nóng sau khi Đức bị loại khỏi World Cup 2022,,50,,Thể thao,Đức bị loại cay đắng ngay từ vòng bảng World Cup 2022 dù thắng 4-2 Costa Rica. HLV trưởng Hansi Flick tuyên bố nóng giữa tranh cãi bàn thắng của Nhật Bản ‘loại’ Cỗ xe tăng.,NamSyntax/vietnamese-news-classification
namsyntax_1162374,Lấy tiền ngân sách đi buôn đất,,40,,Pháp luật,"Đồng Nai - Bùi Thị Ngọc Yến, 39 tuổi, kế toán trưởng Trung tâm phát triển qũy đất, lập khống 13 ủy nhiệm chi để chiếm đoạt 27 tỷ đồng đi mua đất",NamSyntax/vietnamese-news-classification
namsyntax_234410,Bà Melania đăng video trang trí Giáng sinh Nhà Trắng,,42,,Thế giới,"Đệ nhất phu nhân Melania chia sẻ video bài trí Giáng sinh bên trong Nhà Trắng theo ba màu chủ đạo là đỏ, trắng và xanh dương, theo màu quốc kỳ Mỹ.",NamSyntax/vietnamese-news-classification
namsyntax_516153,"TV360 đạt 10 triệu người dùng trong tháng, dẫn đầu các ứng dụng truyền hình trong nước",,53,,Khoa học,Ngày 12/12/2022 TV360 - ứng dụng do Viettel Telecom phát triển công bố chạm mốc 10 triệu người dùng trong tháng và bứt phá lên vị trí dẫn đầu các ứng dụng truyền hình trong nước.,NamSyntax/vietnamese-news-classification
namsyntax_723487,Những yếu tố tạo hấp lực cho Sun Grand City New An Thoi,,51,,Bất động sản,Thời gian gần đây Sun Grand City New An Thoi nổi lên là một trong những BĐS đẳng cấp sáng giá bậc nhất tại Phú Quốc. Lý do nào đã tạo nên sức hút cho dự án này?,NamSyntax/vietnamese-news-classification
namsyntax_1320974,Bé trai đi xem tai nạn giao thông rồi ngủ quên luôn tại vệ đường,,57,,Đời sống,Một bé trai sau khi xem vụ tai nạn giao thông tại Thanh Hóa đã hồn nhiên quay ra ngủ ngon lành ngay gần hiện trường. Hình ảnh vô cùng đáng yêu này đã được một chiến sĩ công an ghi lại.,NamSyntax/vietnamese-news-classification
namsyntax_829510,Hà Nội thêm 2 ca dương tính nCoV liên quan ổ dịch chợ Cửa hàng mới,,51,,Sức khỏe,"Sáng 14/6, Trung tâm Kiểm soát bệnh tật (CDC) Hà Nội thông tin ghi nhận thêm 2 trường hợp dương tính với SARS-CoV-2 trong chuỗi lây nhiễm chợ Cửa hàng mới, thị trấn Đông Anh.",NamSyntax/vietnamese-news-classification
namsyntax_937733,De Jong gật đầu với MU: Viên ngọc chờ Ten Hag đánh bóng,,43,,Thể thao,"De Jong mở cánh cửa gia nhập MU trong kỳ chuyển nhượng mùa hè năm nay, hy vọng HLV Ten Hag sẽ giúp anh tìm lại phong độ đỉnh cao.",NamSyntax/vietnamese-news-classification
namsyntax_910486,Nhận định Fulham vs Arsenal: Khó cản bước Pháo thủ,,35,,Thể thao,"Vượt Liverpool leo lên đầu bảng, Arsenal muốn duy trì phong độ và sự tập trung trong chuyến làm khách đến sân ""hàng xóm"" Fulham.",NamSyntax/vietnamese-news-classification
namsyntax_1327594,"Bữa ăn gây sửng sốt của NV Google, Apple, Facebook, Twitter",,38,,Đời sống,"Vì là các công ty lớn nhất thế giới nên chế độ ăn uống dành cho các nhân viên của Apple, Facebook, Google... đều rất hấp dẫn.",NamSyntax/vietnamese-news-classification
namsyntax_922778,Lịch thi đấu bóng đá Cúp C1 hôm nay 6/3,,37,,Thể thao,Lịch thi đấu bóng đá Cup C1 hôm nay 6/3: Cung cấp lịch thi đấu đá Cup C1 mùa giải 2023/2024 mới nhất hôm nay tại đây.,NamSyntax/vietnamese-news-classification
namsyntax_1216030,Hiệu trưởng bị giáng chức vì giáo viên vào nhà nghỉ với học sinh,,48,,Giáo dục,"Do có giáo viên vào nhà nghỉ với nữ sinh, Hiệu trưởng Trường THCS Vĩnh Phong 2 bị giáng chức và điều xuống làm Hiệu phó Trường Tiểu học và THCS Tân Thuận 1.",NamSyntax/vietnamese-news-classification
namsyntax_861009,Tác dụng của bài tập chạy bước lùi,,37,,Thể thao,"Chạy lùi là bài tập hữu ích giúp runner phục hồi sau chấn thương, giảm căng thẳng lên các nhóm cơ trước và giữ cân bằng khi tập luyện.",NamSyntax/vietnamese-news-classification
namsyntax_1200162,Học An toàn thông tin ra trường lương bao nhiêu?,,32,,Giáo dục,Em quan tâm ngành An toàn thông tin nhưng chưa biết ngành này cơ hội việc làm và mức lương ra sao.,NamSyntax/vietnamese-news-classification
namsyntax_260474,Thái Lan đổi tên thủ đô Bangkok thành Krung Thep Maha Nakhon,,39,,Thế giới,Văn phòng Hội Hoàng gia (ORST) Thái Lan hôm nay (16/2) thông báo đổi tên chính thức của thủ đô từ Bangkok thành Krung Thep Maha Nakhon.,NamSyntax/vietnamese-news-classification
namsyntax_148960,"Cáp quang AAG liên tục trục trặc, nhà mạng đầu tư tuyến cáp quang mới",,90,,Thời sự,"Liên quan đến sự cố đứt cáp quang AAG xảy ra liên tiếp từ đầu năm, đại diện Tập đoàn Bưu chính Viễn thông VNPT cho biết, đã có phương án đầu tư tuyến cáp quang biển mới APG (Asia Pacific Gateway) vào năm 2016 để giảm mức độ phụ thuộc vào AAG. Khi đưa vào khai thác, tuyến cáp này sẽ cung cấp dịch vụ băng thông rộng, đảm bảo an toàn hệ thống.",NamSyntax/vietnamese-news-classification
namsyntax_1249312,Việt Nam nghiên cứu thành công hệ gen ba cá thể trong gia đình,,36,,Giáo dục,Việt Nam nằm trong số 20 quốc gia trên thế giới đã phân tích thành công hệ gen của dân tộc mình.,NamSyntax/vietnamese-news-classification
namsyntax_1243012,"Đuổi việc 2 cô giáo mầm non dùng dép đánh vào đầu, kéo tai trẻ",,54,,Giáo dục,"Đại diện nhóm lớp mầm non Sen Vàng (phường Minh Khai, quận Hai Bà Trưng, TP Hà Nội) cho biết sẽ đình chỉ công tác 2 cô giáo dùng dép đánh vào đầu và kéo tai trẻ mầm non.",NamSyntax/vietnamese-news-classification
namsyntax_1022594,"Á hậu Hong Kong họp fan, chỉ ba người dự",,36,,Giải trí,Á hậu Hoàng Tâm Dĩnh tổ chức họp fan - chỉ ba người dự - khi cô tái xuất sau bê bối yêu người có vợ.,NamSyntax/vietnamese-news-classification
namsyntax_906342,Indonesia có thể phải đền gần 5 triệu USD cho Kluivert và cộng sự,,43,,Thể thao,"Indonesia - LĐBĐ Indonesia (PSSI) nhiều khả năng phải tốn bộn tiền đền bù, sau khi chấm dứt hợp đồng sớm với HLV Patrick Kluivert và các cộng sự.",NamSyntax/vietnamese-news-classification
namsyntax_291047,"Tắm biển, thiếu nữ bị cá mập tấn công",,31,,Thế giới,Một thiếu nữ tại Australia không may mắn đã qua đời khi cùng cha tắm biển và bị cá mập sát hại.,NamSyntax/vietnamese-news-classification
namsyntax_779044,Nắng nóng tăng nguy cơ ngộ độc thực phẩm,,41,,Sức khỏe,"Nhiệt độ tăng cao khiến cho các thực phẩm dễ bị ôi thiu nhanh hơn, nếu chế biến và bảo quản không đảm bảo an toàn, làm tăng nguy cơ ngộ độc.",NamSyntax/vietnamese-news-classification
namsyntax_369462,25 năm Bravo hỗ trợ doanh nghiệp tăng hiệu quả quản trị,,42,,Kinh doanh,"Bravo trải qua hành trình 25 năm phát triển các phần mềm quản trị, hỗ trợ hơn 4.500 doanh nghiệp tối ưu quản lý vận hành, hiệu quả kinh doanh.",NamSyntax/vietnamese-news-classification
namsyntax_1294840,Quà tặng trang sức gắn kết tình thân Ngày Gia đình Việt Nam,,71,,Đời sống,"Ngày Gia đình Việt Nam là dịp để chúng ta bày tỏ sự tri ân đến những người thân yêu. Với thiết kế tinh tế mang nhiều ý nghĩa, trang sức không chỉ là món quà giúp tôn vinh vẻ đẹp mà còn chứa đựng tâm ý của người tặng và mang giá trị tích lũy lâu dài.",NamSyntax/vietnamese-news-classification
namsyntax_759584,11 điều Hải Dương cần làm để chống dịch trong điều kiện bình thường mới,,50,,Sức khỏe,"Các chuyên gia đề xuất 11 giải pháp cho Hải Dương để thực hiện tốt mục tiêu kép ""phòng chống dịch bệnh, phát triển kinh tế xã hội"" khi kết thúc cách ly xã hội.",NamSyntax/vietnamese-news-classification
namsyntax_118171,Bé 8 tháng tuổi bò lổm ngổm trước dòng xe ô tô lao vun vút,,44,,Thời sự,"Một em bé khoảng 8 tháng tuổi đã tự bò ngang qua quốc lộ 18 (đoạn Mông Dương, TP Cẩm Phả, Quảng Ninh) khiến nhiều tài xế thót tim.",NamSyntax/vietnamese-news-classification
namsyntax_1271636,Công thức món mai cua nướng phô mai cực đơn giản,,39,,Đời sống,"Món mai cua nướng phô mai nhìn rất ""sang chảnh"", ngon miệng nhưng cách làm theo công thức của đầu bếp Nhật Hoshi Phan lại rất đơn giản.",NamSyntax/vietnamese-news-classification
namsyntax_139567,Những cái kết cay đắng khi trốn sang Trung Quốc làm giàu,,69,,Thời sự,"Bất chấp những thông tin đã được cảnh báo, một số người dân trên địa bàn tỉnh Vĩnh Phúc vẫn tin vào miệng lưỡi của các đối tượng cò mồi để xuất cảnh trái phép (XCTP) sang Trung Quốc tìm cơ hội đổi đời. Không ít trong số họ đã phải ân hận vì quyết định đó.",NamSyntax/vietnamese-news-classification
namsyntax_1146539,Băng nhóm chém chết trùm giang hồ Quân ‘xa lộ’ hầu tòa,,36,,Pháp luật,"Hùng hổ tới giải quyết mâu thuẫn dùm người khác, trùm giang hồ Quân “xa lộ” bị 20 đối tượng vây chém tới chết.",NamSyntax/vietnamese-news-classification
namsyntax_221531,15 năm trên đỉnh quyền lực của nữ Thủ tướng Bangladesh,,45,,Thế giới,"Bà Hasina nổi tiếng vì góp phần chấm dứt chế độ quân chủ và hồi sinh nền kinh tế Bangladesh, nắm quyền 15 năm liên tục trước khi phải từ chức vì biểu tình.",NamSyntax/vietnamese-news-classification
namsyntax_638878,Vietnam AutoExpo 2015 thiếu vắng nhiều hãng xe lớn,,64,,Khoa học,"Tại Hà Nội đang diễn ra Triển lãm Quốc tế lần thứ 12 về phương tiện Giao thông và công nghiệp phụ trợ (Vietnam AutoExpo 2015). Triển lãm lần này thiếu vắng nhiều thương hiệu ô tô, còn lại là những gian hàng về thiết bị xe hơi, giới thiệu xe đạp điện, phụ tùng.",NamSyntax/vietnamese-news-classification
namsyntax_494862,Hóa thạch tiết lộ loài chim lội nước mới,,36,,Khoa học,Các nhà sinh vật học phát hiện một loài chim đã tuyệt chủng cách đây nhiều thế kỷ thông qua mẫu vật hóa thạch trên đảo Henderson.,NamSyntax/vietnamese-news-classification
namsyntax_263820,Nhật nêu nguyên nhân tử vong của người Việt bị sát hại ở Osaka,,45,,Thế giới,Cảnh sát Nhật Bản hôm nay (4/8) đã cho biết kết quả khám nghiệm tử thi nam thanh niên người Việt bị hành hung rồi bị đẩy xuống sông ở Osaka.,NamSyntax/vietnamese-news-classification
namsyntax_958009,Chelsea thua cay đắng trước West Ham,,31,,Thể thao,"- Chelsea phải nhận thất bại 0-1 trước West Ham ngay trên sân nhà Stamford Brigde, ở vòng 14 Ngoại hạng Anh, tối 30/11.",NamSyntax/vietnamese-news-classification
namsyntax_1241698,Lời giải tham khảo môn Vật lý mã đề 223 THPT quốc gia 2017,,52,,Giáo dục,Lời giải tham khảo đề thi môn Vật lý mã đề 223 THPT quốc gia 2017. Cập nhật đáp án tốt nghiệp THPT quốc gia môn Vật lý của Bộ GD-ĐT năm 2017 nhanh nhất trên báo VietNamNet.,NamSyntax/vietnamese-news-classification
namsyntax_94524,Hành trình trồng loài cây,,42,,Thời sự,50 cây xích tùng giống đang được Ban quản lý di tích và rừng quốc gia Yên Tử trồng vì loài cây này không có khả năng mọc tự nhiên và những cây lớn đang mắc bệnh...,NamSyntax/vietnamese-news-classification
namsyntax_1297372,MB góp thêm 60 tỷ đồng chống dịch Covid-19,,54,,Đời sống,"Tiếp tục chung tay cùng cả nước vượt qua đại dịch Covid-19, ngân hàng TMCP Quân đội (MB) ủng hộ TP. Hà Nội 20 tỷ đồng và trao tặng Bộ Y tế 1 triệu chiếc khẩu trang y tế 3M trị giá 40 tỷ đồng.",NamSyntax/vietnamese-news-classification
namsyntax_1011485,Phim truyền hình Hàn Quốc tháng 7,,35,,Giải trí,"""Kingdom: Ashin of the North"" đánh dấu sự trở lại của Jeon Ji Hyun, phim siêu nhiên ""The Witch's Diner"" có sự tham gia của Song Ji Hyo.",NamSyntax/vietnamese-news-classification
namsyntax_895823,Thủ môn Thổ Nhĩ Kỳ 'cứu thua đẹp nhất Euro 2024',,37,,Thể thao,"Giới chuyên môn ca ngợi pha cứu thua của thủ môn Mert Gunok cuối trận Thổ Nhĩ Kỳ thắng Áo, hay nhất từ đầu Euro 2024.",NamSyntax/vietnamese-news-classification
namsyntax_1266884,"Ai nhanh tay, người ấy được phần thưởng",,28,,Đời sống,"Tôi thường cho hai cậu con trai phụ mẹ nấu ăn, cậu nào nhanh tay hơn thì sẽ được thưởng.",NamSyntax/vietnamese-news-classification
namsyntax_936928,"VĐV 5 tuổi hướng dẫn Trấn Thành, Hari Won chơi golf",,33,,Thể thao,"Lần đầu tiên tại Việt Nam, golf được sân khấu hóa với những thử thách vô cùng đáng yêu và thú vị.",NamSyntax/vietnamese-news-classification
namsyntax_446745,"Tỷ giá ngoại tệ ngày 13/4: NHNN ra tay, USD lặng sóng",,44,,Kinh doanh,Tỷ giá ngoại tệ ngày 13/4 diễn biến theo xu hướng đồng USD trên thị trường quốc tế giảm nhẹ trước các rủi ro đến từ căng thẳng địa chính trị Nga-Mỹ.,NamSyntax/vietnamese-news-classification
namsyntax_1086697,Chân dung,,18,,Giải trí,Fan nữ không khỏi ghen tỵ khi Thu Thủy sớm tìm được bờ vai vững chắc.,NamSyntax/vietnamese-news-classification
namsyntax_297923,Người phụ nữ ôm hôn nhiều nguyên thủ nhất thế giới,,45,,Thế giới,"Trong suốt 11 năm nắm quyền, Thủ tướng Đức Angela Merkel đã ôm hôn rất
nhiều chính trị gia hàng đầu thế giới và Tổng thống Obama là người mới
nhất trong số đó.",NamSyntax/vietnamese-news-classification
namsyntax_777877,Thiếu nữ mộng du,,41,,Sức khỏe,"Hà Nội - Thiếu nữ 15 tuổi, cứ sau nửa đêm thức dậy ra khỏi giường, đi lại quanh nhà, tự nói chuyện một mình hoặc quét nhà, lau bàn ghế, ai gọi cũng không đáp lại.",NamSyntax/vietnamese-news-classification
namsyntax_958300,Duy Mạnh nói gì với trọng tài sau 'bàn thắng hụt' của Tiến Dũng?,,44,,Thể thao,"Sau trận hòa 0 - 0 với Thái Lan, Duy Mạnh không giấu nổi sự tiếc nuối khi trọng tài không công nhận 2 bàn thắng của tuyển Việt Nam.",NamSyntax/vietnamese-news-classification
namsyntax_1342422,"Nữ Việt kiều kể chuyện 3 năm làm vợ, làm dâu Hà Nội",,62,,Đời sống,"Là người phụ nữ gốc Hà Nội nhưng Thúy Ngân đã nhập quốc tịch và sinh
sống tại Ba Lan từ năm 2 tuổi. Trở lại Việt Nam làm việc trong Đại sứ
quán, cô đã có cơ duyên gặp và kết hôn với một người đàn ông Việt...",NamSyntax/vietnamese-news-classification
namsyntax_937341,"MU khẳng định chắc nịch, De Jong muốn đến Old Trafford",,37,,Thể thao,"Trái với những thông tin từ báo chí Tây Ban Nha, phía MU tin tưởng Frenkie de Jong cam kết chuyển đến Old Trafford hè này.",NamSyntax/vietnamese-news-classification
namsyntax_1176863,Bóng hồng bí ẩn khiến 2 trùm ma túy khét tiếng sa lưới,,37,,Pháp luật,"Sống chui lủi trong rừng thiêng nước độc, thế nhưng 2 trùm ma túy khét tiếng ở Nghệ An không thể thiếu ""chân dài"".",NamSyntax/vietnamese-news-classification
namsyntax_1029208,Cuộc sống ở Hà Nội hơn 30 năm trước qua ảnh,,40,,Giải trí,"Cảnh Hà Nội ngập lụt năm 1998, người dân sửa xe đạp trên phố, em bé bán báo ở Tràng Tiền được nhiếp ảnh gia Andy Soloman ghi lại.",NamSyntax/vietnamese-news-classification
namsyntax_999511,Sao nhí đài TVB thành kiếm thủ,,31,,Giải trí,"Ngô Nặc Hoằng, từng đóng ""Cung tâm kế"", ""Thi Công kỳ án""... của TVB ngừng đóng phim, bỏ học để tập trung đấu kiếm.",NamSyntax/vietnamese-news-classification
namsyntax_89351,Chủ tịch nước: Lãnh đạo cấp cao phải càng nêu gương trước cử tri,,61,,Thời sự,"Tiếp xúc cử tri tại huyện Củ Chi, TP.HCM, Chủ tịch nước Nguyễn Xuân Phúc cho biết nếu là ĐBQH lại giữ cương vị lãnh đạo cấp cao thì phải nêu gương trước quần chúng, cử tri trong thực thi công vụ, nói đi đôi với làm.",NamSyntax/vietnamese-news-classification
namsyntax_2109,Xe bọc thép được điều động đến vùng tâm bão,,41,,Thời sự,Bộ tư lệnh Quân khu 5 đã bố trí 10 xe bọc thép BRMD - 2 ở các tỉnh từ Quảng Ngãi đến Khánh Hòa để giúp dân chống bão Nakri.,NamSyntax/vietnamese-news-classification
namsyntax_722450,Hiểm hoạ cháy nổ từ “chuồng cọp” chung cư,,50,,Bất động sản,"Nhìn lại vụ cháy quán karaoke khiến 13 người chết vừa qua, dư luận bỗng giật mình khi hàng loạt chung cư cũ, thậm chí cả những khu đô thị mới cũng đang “oằn mình” gánh những “chuồng cọp, lồng chim”.",NamSyntax/vietnamese-news-classification
namsyntax_704774,VTC Game khóa 41.000 tài khoản game,,42,,Khoa học,"Trong Tháng hành động vì môi trường game trong sạch (1/7-30/7/2008), có 41.000 tài khoản của cả 3 game do VTC Game phát hành đã bị khóa do vi phạm các quy định trong game.",NamSyntax/vietnamese-news-classification
namsyntax_779613,Dùng dòng điện làm lành vết thương nhanh gấp ba lần,,41,,Sức khỏe,"Đức - Một loại chip sinh học được thiết kế đặc biệt từ điện trường, sử dụng để chữa lành vết thương nhanh gấp ba lần so với bình thường.",NamSyntax/vietnamese-news-classification
namsyntax_1117442,Giám khảo Idol mừng vì vợt được thí sinh The Voice,,35,,Giải trí,"Nhạc sĩ Anh Quân nói những thí sinh nào bị loại ở các cuộc thi khác mà xuất sắc, anh cũng sẽ nhận hết.",NamSyntax/vietnamese-news-classification
namsyntax_1280807,Sự nguy hại của xu hướng 'ở nhà chồng nuôi',,47,,Đời sống,"Một xu hướng mới trên mạng xã hội trở thành chủ đề tranh cãi giữa các nhà nữ quyền và những người muốn ở nhà làm vợ, làm mẹ, phó thác trách nhiệm kinh tế cho chồng.",NamSyntax/vietnamese-news-classification
namsyntax_62291,"Nghi phạm bắt cóc bé 2 tuổi ở Hà Nội từng đi dạy học, nợ số tiền lớn",,51,,Thời sự,"Tốt nghiệp một trường sư phạm nhưng khi đi dạy lương thấp, Trang đã nghỉ việc. Thời gian làm công nhân, Trang bị cho là dính vào nợ nần với số tiền lớn.",NamSyntax/vietnamese-news-classification
namsyntax_529097,Kính viễn vọng góc quan sát như mắt tôm hùm,,39,,Khoa học,Cấu tạo mắt đặc biệt của tôm hùm giúp các nhà thiên văn học chế tạo kính viễn vọng tia X có trường quan sát rộng gấp 1.000 lần.,NamSyntax/vietnamese-news-classification
namsyntax_125339,Hai phụ nữ bị đánh nhập viện vì nghi đi bắt cóc trẻ con,,43,,Thời sự,"Nghi bắt cóc trẻ con, một số người dân chưa rõ đầu đuôi sự việc đã đuổi đánh 2 người phụ nữ bán tăm, khiến hai người bị thương.",NamSyntax/vietnamese-news-classification
namsyntax_796889,4 thói quen tốt ngừa suy thận,,35,,Sức khỏe,"Ăn uống lành mạnh, kiểm soát huyết áp, tập thể dục và chủ động khám định kỳ là cách để bảo vệ bản thân khỏi bệnh suy thận.",NamSyntax/vietnamese-news-classification
namsyntax_964967,Arsenal xuất sắc đánh gục Chelsea trận derby London,,41,,Thể thao,"Với hai bàn thắng của Lacazette và Koscielny trong hiệp một, Arsenal thắng thuyết phục Chelsea 2-0 để rút ngắn khoảng cách với chính đối thủ trong cuộc đua vào tốp 4.",NamSyntax/vietnamese-news-classification
namsyntax_719994,Alphanam đề xuất đầu tư 5 dự án hơn nghìn ha tại Cần Thơ,,49,,Bất động sản,"Năm dự án với quy mô hơn 1.000 ha gồm khu đô thị, nhà ở xã hội, khách sạn và chung cư vừa được Tập đoàn Alphanam đề xuất đầu tư tại TP Cần Thơ.",NamSyntax/vietnamese-news-classification
namsyntax_1252540,"Làm toán sai, học trò bị thầy đánh nhập viện",,54,,Giáo dục,"Không nói được kết quả bài toán trong giờ học tại lớp, em Quang Tuệ
Tâm (9 tuổi, lớp 4D Trường Tiểu học Yên Tĩnh 2, xã Yên Tĩnh, Tương
Dương, Nghệ An) bị thầy giáo tát vào mặt, dùng thước gõ vào đầu.",NamSyntax/vietnamese-news-classification
namsyntax_1340366,Cách kích thích 12 cung hoàng đạo trong cuộc ái ân,,40,,Đời sống,"Mỗi cung hoàng đạo đều có cách
""yêu"" khác nhau. Để ý tới những dấu hiệu sau sẽ giúp bạn có một đối tác
hoàn hảo trong ""chuyện ấy"".",NamSyntax/vietnamese-news-classification
namsyntax_724808,"Đấu giá nhà, đất Phan Văn Anh Vũ từng cho cựu Bí thư Đà Nẵng và thư ký sử dụng",,66,,Bất động sản,"Cục Thi hành hành án dân sự TP Đà Nẵng thông báo tổ chức đấu giá đối với 2 nhà, đất liên quan đến Phan Văn Anh Vũ từng cho ông Nguyễn Xuân Anh (cựu Bí thư Thành ủy Đà Nẵng) và thư ký sử dụng.",NamSyntax/vietnamese-news-classification
namsyntax_721792,Căn hộ nhỏ 57m² 2 phòng ngủ cực thoáng ở Hà Nội,,50,,Bất động sản,"Tuy là một căn hộ nhỏ với diện tích chỉ 57m² nhưng nhờ sự sắp đặt nội
thất một cách khéo léo, vợ chồng chị Lan đã tạo nên một không gian sống
thoải mái đến bất ngờ.",NamSyntax/vietnamese-news-classification
namsyntax_1180630,Chân tướng trùm Khánh 'trắng' một thời bá chủ giang hồ Hà thành,,37,,Pháp luật,"Theo đánh giá của nhiều tay anh chị đương thời, Khánh “trắng” cũng chỉ xưng hùng, xưng bá được ở khu vực nội thành.",NamSyntax/vietnamese-news-classification
namsyntax_1227589,"Công bố 'điểm sàn' nhóm ngành sư phạm, sức khỏe",,49,,Giáo dục,"Chiều 25/8, Hội đồng tư vấn xác định ngưỡng đảm bảo chất lượng đầu vào khối ngành sức khỏe và đào tạo giáo viên của Bộ GD-ĐT đã đề xuất ngưỡng đảm bảo chất lượng đầu vào năm 2021.",NamSyntax/vietnamese-news-classification
namsyntax_131745,Chân dung vua cha của “Công chúa châu Á” Lý Nhã Kỳ,,52,,Thời sự,"Tối qua (12/12), Lý Nhã Kỳ được Quốc vương cùng phái đoàn đích thân tới sân bay và chào đón nồng nhiệt, và chắc hẳn cũng thắc mắc rằng, vị Vua cha của “công chúa” Lý Nhã kỳ là ai.",NamSyntax/vietnamese-news-classification
namsyntax_311542,Học sinh chào cờ trước TV vì quá ô nhiễm,,43,,Thế giới,"Giữa lúc sương mù và khói bụi nghiêm trọng nhất chưa từng có, các trường
học tại miền Đông Trung Quốc đã chuyển nghi lễ chào cờ thường lệ vào
trong lớp học.",NamSyntax/vietnamese-news-classification
namsyntax_397144,Nghị quyết mới về phát triển du lịch: Chú trọng đón khách 'nhà giàu',,67,,Kinh doanh,"Tái cơ cấu lại thị trường, trong đó chú trọng thị trường có khả năng chi trả cao, là một trong những nội dung trọng tâm tại Nghị quyết 82, vừa được Chính phủ ký ban hành ngày 18/5, về các giải pháp đẩy nhanh phục hồi, tăng tốc phát triển du lịch.",NamSyntax/vietnamese-news-classification
namsyntax_522200,Cá heo chết hàng loạt trên bãi biển,,38,,Khoa học,"Mexico - Ít nhất 30 con cá heo mõm ngắn đã chết trên bờ biển Cortez ở bang Baja California Sur vào hôm 26/5, các nhà chức trách báo cáo.",NamSyntax/vietnamese-news-classification
namsyntax_1308785,"Bố tôi là người mực thước, hàng xóm chỉ thích cho ông mượn đồ",,55,,Đời sống,"Bố nói với chúng tôi: Người ta cho mình mượn là người ta làm ơn cho mình. Mình không biết trả ơn, dù là rất nhỏ, lại còn làm hư đồ của người ta thì chẳng ra con người con ạ.",NamSyntax/vietnamese-news-classification
namsyntax_797610,4 giai đoạn phát triển não của trẻ,,40,,Sức khỏe,"Não của trẻ hình thành nhận thức qua 4 giai đoạn, từ lúc sơ sinh, tuổi đi học, dậy thì đến thanh thiếu niên, tương ứng với các đặc điểm khác nhau.",NamSyntax/vietnamese-news-classification
namsyntax_1212400,"Xô xát giờ ra chơi, nam sinh lớp 7 bị bạn đánh trọng thương",,42,,Giáo dục,"Mâu thuẫn trong giờ ra chơi, một học sinh lớp 7 ở huyện Đô Lương (Nghệ An) bị bạn đánh trọng thương phải cấp cứu tại bệnh viện.",NamSyntax/vietnamese-news-classification
namsyntax_1148626,Thanh niên ở Đắk Lắk chuyên trộm nắp cống bán phế liệu để mua ma túy,,55,,Pháp luật,"Cơ quan điều tra đã phát hiện và tạm giữ Phạm Anh Tuấn chuyên lấy trộm các tấm lưới sắt nắp cống thoát nước rồi mang bán ở các điểm thu mua phế liệu, lấy tiền mua ma túy.",NamSyntax/vietnamese-news-classification
namsyntax_1210871,Giáo viên bị phạt nếu nhận quà giá trị từ phụ huynh,,52,,Giáo dục,"HÀN QUỐC- Truyền thống lâu đời tặng quà cho giáo viên vào Ngày Nhà giáo 15/5 hiện là vi phạm pháp luật ở Hàn Quốc nếu giá trị món quà 50.000 won (khoảng 1 triệu đồng), theo Korea JoongAng Daily.",NamSyntax/vietnamese-news-classification
namsyntax_612436,LMHT: Game thủ thuê nhờ cày thuê quỵt tiền bị phá tụt rank thê thảm kèm theo 5 trận AFK,,50,,Khoa học,"Đúng là không cái dại nào giống cái dại nào, đây là bài học thích đáng cho những thanh niên nào còn muốn ăn trên công sức của người khác.",NamSyntax/vietnamese-news-classification
namsyntax_747062,Hà Nội:Căn hộ tầm trung dẫn dắt thị trường cuối năm 2017,,55,,Bất động sản,"Thay vì tìm nhà đất hay các dự án chung cư giá rẻ, người mua nhà hiện nay chuộng căn hộ tầm trung có vị trí đẹp, thuận tiện kết nối với khu vực trung tâm và hệ thống tiện ích đa dạng.",NamSyntax/vietnamese-news-classification
namsyntax_364946,Nội thất cao cấp Suofeiya tham gia Triển lãm Vietbuild 2024,,42,,Kinh doanh,"Suofeiya, thương hiệu sản xuất và kinh doanh nội thất quốc tế đến từ Pháp, vừa có màn ""chào sân"" tại triển lãm quốc tế Vietbuild Hà Nội 2024 lần 1.",NamSyntax/vietnamese-news-classification
namsyntax_783588,"Uống nghệ, mật ong có chữa đau dạ dày?",,43,,Sức khỏe,"Tôi thường xuyên bị ợ hơi, ợ nóng, đau tức thượng vị, có phải do trào ngược dạ dày. Uống nghệ mật ong có chữa được bệnh không? (Minh Ngọc, 27 tuổi, Hải Phòng)",NamSyntax/vietnamese-news-classification
namsyntax_957910,Video bàn thắng U22 Việt Nam 1-0 U22 Singapore,,46,,Thể thao,"- Pha ghi bàn duy nhất của Hà Đức Chinh giúp U22 Việt Nam đánh bại U22 Singapore với tỷ số tối thiểu 1-0, ở lượt trận thứ 4 bảng B bóng đá nam SEA Games 30.",NamSyntax/vietnamese-news-classification
namsyntax_624501,Gỡ ứng dụng Facebook giúp tăng 15% thời lượng pin cho iPhone,,36,,Khoa học,"Không chỉ tiết kiệm pin cho điện thoại Android, việc gỡ ứng dụng Facebook giúp bạn tăng thời gian dùng pin trên cả iPhone.",NamSyntax/vietnamese-news-classification
namsyntax_91519,Hiệu trưởng trường tiểu học ở Nghệ An nhảy cầu tự tử,,39,,Thời sự,"Thầy hiệu trưởng một trường tiểu học ở huyện Con Cuông (Nghệ An) nhảy xuống sông Lam tự tử vào tối qua, hiện vẫn chưa tìm thấy.",NamSyntax/vietnamese-news-classification
namsyntax_842438,6 loại thực phẩm đóng gói có tác dụng giảm cân thần kì,,41,,Sức khỏe,Bạn không phải lo ngại tìm cách nhin ăn hay tránh xa những thực phẩm mà chỉ bạn cho rằng nó sẽ khiến bạn trở nên béo hơn.,NamSyntax/vietnamese-news-classification
namsyntax_805684,Người Việt tăng 30 năm tuổi thọ sau hơn nửa thế kỷ,,46,,Sức khỏe,"Hơn 60 năm qua người Việt Nam tăng 30 năm tuổi thọ, hiện trung bình 74,7 tuổi, cao hơn tuổi trung bình của thế giới song số năm sống chung bệnh tật nhiều hơn.",NamSyntax/vietnamese-news-classification
namsyntax_310470,Những ngày dài cầu nguyện và hy vọng,,56,,Thế giới,"Trong khi các đội tìm kiếm máy bay Malaysia mất tích hối hả rà soát khắp mặt
biển suốt hơn 2 tuần qua thì ở đất liền, nhiều lễ cầu nguyện cũng diễn ra trong hy
vọng về một phép màu nào đó có thể đến với MH370.",NamSyntax/vietnamese-news-classification
namsyntax_1187208,"Nợ tiền 2 năm không trả, còn đâm chết người",,36,,Pháp luật,"Nợ 3 triệu đồng nhưng 2 năm không trả, bị chủ nợ đến nhà đòi nên anh em Phong – Lưu đã ra tay giết người.",NamSyntax/vietnamese-news-classification
namsyntax_1023937,Đạt G đưa rap vào nhạc xưa,,39,,Giải trí,"Đạt G kết hợp những sáng tác của mình và rap cùng các bài hát gần 70 năm tuổi, trong ""Giao lộ thời gian"", lên sóng 20h, ngày 7/10, trên FPT Play.",NamSyntax/vietnamese-news-classification
namsyntax_723423,Ra mắt dự án Thắng Lợi Riverside Market,,53,,Bất động sản,"Dự án Thắng Lợi Riverside Market do Thắng Lợi Group đầu tư và phát triển vừa được ra mắt thị trường vào ngày 3/2 tại TP.HCM với hơn 400 khách mời tham dự sự kiện, 92% giao dịch đặt chỗ thành công phân kỳ 1.",NamSyntax/vietnamese-news-classification
namsyntax_248695,Video tàu chiến Nga ở Crưm bị tập kích tên lửa,,40,,Thế giới,Trang quân sự Mil.in.ua gần đây đã công bố video ghi lại cảnh tàu chiến Askold của Nga bị tên lửa tập kích ở bán đảo Crưm hôm 4/11.,NamSyntax/vietnamese-news-classification
namsyntax_1227705,Thứ trưởng GD-ĐT: Chấm thi tốt nghiệp phải đúng kết quả làm bài của thí sinh,,53,,Giáo dục,"Đó là yêu cầu của Thứ trưởng Bộ GD-ĐT Phạm Ngọc Thưởng, Trưởng Ban Chỉ đạo quốc gia kỳ thi tốt nghiệp THPT năm 2025 tại buổi kiểm tra công tác chấm thi ở tỉnh Bắc Ninh.",NamSyntax/vietnamese-news-classification
namsyntax_1203873,ILA trao tặng hai công trình cho người dân miền núi,,43,,Giáo dục,"ILA Việt Nam trao tặng công trình cầu dân sinh, nhà vệ sinh và 430 phần quà tại xã Trà Cang, huyện Nam Trà My, với tổng kinh phí 450 triệu đồng.",NamSyntax/vietnamese-news-classification
namsyntax_811907,Nữ học sinh xuất sắc lớp 9 mắc tâm thần phân liệt từ dấu hiệu lạ,,47,,Sức khỏe,"Đang học lớp 9, N. cảm thấy vô cùng áp lực và có nhiều biểu hiện hoang tưởng, nghe rõ ảo thanh trong đầu chê bai mình dẫn đến kích động.",NamSyntax/vietnamese-news-classification
namsyntax_308068,Xem phá hủy cao ốc chọc trời trong vài giây,,42,,Thế giới,"Trong khi xây dựng một tòa nhà có thể mất tới vài năm và chả có gì đáng xem
thì việc phá hủy nó lại là một cảnh vô cùng ấn tượng.",NamSyntax/vietnamese-news-classification
namsyntax_718397,DKRA: Giao dịch condotel tăng gần 3 lần trong năm ngoái,,40,,Bất động sản,"Năm ngoái, lượng tiêu thụ condotel sơ cấp đạt gần 3.100 căn, tăng 2,6 lần so cùng kỳ song chỉ tập trung ở một số khu vực, theo DKRA.",NamSyntax/vietnamese-news-classification
namsyntax_796834,Loạt công nghệ khi trồng răng implant tại Nha khoa Thùy Anh,,44,,Sức khỏe,"Phòng khám sử dụng máy chụp phim X - quang 3D CT Conebeam, phần mềm Simplant pro, máng hướng dẫn phẫu thuật 3D... hỗ trợ trồng răng nhanh chóng và tiết kiệm.",NamSyntax/vietnamese-news-classification
namsyntax_1185544,Cảnh sát cơ động Hà Nội bắt 2 vụ ma túy lớn trong đêm,,41,,Pháp luật,"Qua công tác tuần tra đêm khép kín địa bàn, 2 vụ vận chuyển ma túy đá với số lượng lớn trên địa bàn Hà Nội đ",NamSyntax/vietnamese-news-classification
namsyntax_1316057,Yan My yêu kiều trong trang phục vừa cổ điển vừa hiện đại,,32,,Đời sống,"Trong bộ ảnh mới, Yan My khoe vẻ đẹp yêu kiều trong các thiết kế tay phồng điệu đà.",NamSyntax/vietnamese-news-classification
namsyntax_1090516,Nhã Phương xác nhận đính hôn và cưới Trường Giang,,31,,Giải trí,"Trên trang fanpage của mình, Nhã Phương xác nhận sẽ tổ chức đính hôn và làm đám cưới với Trường Giang.",NamSyntax/vietnamese-news-classification
namsyntax_712382,Loạt gia dụng làm mới không gian sống,,36,,Bất động sản,"Một chiếc sen tắm hay cái kệ mới giúp phòng tắm bừng sáng, bộ drap giường mùa hè mang lại sự tươi mát, thông thoáng cho phòng ngủ.",NamSyntax/vietnamese-news-classification
namsyntax_905614,Hàng nghìn runner VM Cần Thơ đổ về expo ven sông Hậu,,39,,Thể thao,"Cần Thơ - 9.000 VĐV đến nhận vật phẩm, trải nghiệm gian hàng cùng không gian sông nước miền Tây trước thềm VnExpress Marathon Cần Thơ 2025.",NamSyntax/vietnamese-news-classification
namsyntax_967887,Rashford cáu giận đá tung cửa phòng thay đồ MU,,36,,Thể thao,"Sau khi bị truất quyền thi đấu trước Burnley, Marcus Rashford trút nỗi bực dọc bằng cách dùng chân đá vào cánh cửa phòng thay đồ.",NamSyntax/vietnamese-news-classification
namsyntax_1145542,"Tạm giữ 2 nhóm đối tượng, thu giữ 1 khẩu súng và 1 dao tự chế",,48,,Pháp luật,"Các đối tượng khai nhận mang hung khí đánh nhau, khi cả 2 nhóm đang tập hợp lực lượng, chuẩn bị ra điểm hẹn thì bị lực lượng công an phát hiện.",NamSyntax/vietnamese-news-classification
namsyntax_568699,Cục Đăng kiểm Việt Nam thử nghiệm dịch vụ công trực tuyến mức độ 3,,60,,Khoa học,"ictnews Cục Đăng kiểm Việt Nam (Bộ GTVT) vừa cung cấp thử nghiệm dịch vụ công trực tuyến mức độ 3 đối với các dịch vụ: thẩm định thiết kế xe cơ giới sản xuất lắp ráp trong nước, thẩm định thiết kế tàu biển.",NamSyntax/vietnamese-news-classification
namsyntax_1138948,Anh trai giết cả nhà em ở Đan Phượng xin lỗi linh hồn người đã khuất,,38,,Pháp luật,"Đại diện VKS đề nghị tử hình bị cáo Nguyễn Văn Đông, người sát hại cả nhà em trai ở Đan Phượng.",NamSyntax/vietnamese-news-classification
namsyntax_998145,Piano - đỉnh cao của các loại nhạc cụ,,39,,Giải trí,"Piano cấu thành bởi 7.500-12.000 bộ phận; âm vực đặc biệt, hiếm nhạc cụ nào sánh nổi; phải mất nhiều năm để hiểu cặn kẽ chiếc đàn bạn sở hữu.",NamSyntax/vietnamese-news-classification
namsyntax_1216600,Giáo dục Phần Lan: Người thầy cũng phải học tập không ngừng,,39,,Giáo dục,"Tại đất nước Phần Lan, việc học không bao giờ có điểm dừng. Không chỉ sinh viên mà cả người thầy cũng phải học tập liên tục.",NamSyntax/vietnamese-news-classification
namsyntax_804892,"Kiểm soát 5 'sát thủ' thầm lặng để tránh đột quỵ, đột tử",,42,,Sức khỏe,Chuyên gia cảnh báo xu hướng đột quỵ đang trẻ hóa và phần lớn đến từ những bệnh nền thầm lặng mà chúng ta thường chủ quan bỏ qua.,NamSyntax/vietnamese-news-classification
namsyntax_956266,"Lacazette hóa người hùng, Arsenal rộng cửa đi tiếp",,32,,Thể thao,- Lacazette ghi bàn duy nhất giúp Arsenal đánh bại Olympiacos ngay trên đất Hy Lạp ở lượt đi vòng 1/16 Europa League.,NamSyntax/vietnamese-news-classification
namsyntax_736769,"Hết Trung Quốc, các thành phố giàu có Nhật Bản cũng thành “thị trấn ma” vì corona",,52,,Bất động sản,"Khi số lượng ca nhiễm virus corona gia tăng một cách chóng mặt, người dân Nhật Bản đã bắt đầu không còn muốn rời khỏi nhà, khiến các khu phố không còn một bóng người.",NamSyntax/vietnamese-news-classification
namsyntax_65125,Vị công an xã 61 tuổi bộc bạch tình yêu nghề khiến Giám đốc Công an xúc động,,61,,Thời sự,"Nhận khen thưởng chiến công tham gia phá vụ án cướp tiệm vàng, ông Hoàng Văn Tuyên, cán bộ Công an xã bán chuyên trách ở Hải Phòng nói về tình yêu nghề khiến Giám đốc Công an tỉnh Hải Dương xúc động.",NamSyntax/vietnamese-news-classification
namsyntax_768947,Châu Âu khuyến nghị sử dụng thuốc kháng thể đơn dòng Evusheld,,36,,Sức khỏe,Cơ quan Quản lý Dược phẩm châu Âu (EMA) khuyến nghị sử dụng hỗn hợp kháng thể đơn dòng Evusheld nhằm ngăn ngừa Covid-19.,NamSyntax/vietnamese-news-classification
namsyntax_1128927,Đạo chích đóng vai người đi xin việc,,31,,Pháp luật,Nhật Bản - Kohei Nojima (36 tuổi) trộm tiền tại ít nhất 30 cửa hàng tiện ích trong ngày đầu tiên đi làm.,NamSyntax/vietnamese-news-classification
namsyntax_1331896,Ngắm những lâu đài cổ bên dòng sông Rhein,,52,,Đời sống,"Đoạn trung lưu thượng sông Rhein đã được UNESCO công nhận là di sản văn
hóa thế giới năm 2002 nhờ vào sự kết hợp hài hòa và độc đáo các yếu tố
về địa chất, lịch sử, văn hóa và công nghiệp.",NamSyntax/vietnamese-news-classification
namsyntax_25592,37 người thoát chết bên mép vực trong vụ sạt lở đèo Bảo Lộc,,53,,Thời sự,"Lâm Đồng - Lời kể tài xế Bằng cùng hình ảnh giám sát hành trình cho thấy học sinh, phụ huynh nhốn nháo khi xe khách bị đất lở đẩy nằm chênh vênh mép đèo sâu hơn 200 m.",NamSyntax/vietnamese-news-classification
namsyntax_338647,PNJ trao một tỷ đồng hỗ trợ phụ nữ khó khăn,,41,,Kinh doanh,PNJ vừa trích một tỷ đồng từ hoạt động bán hàng gây quỹ giúp cho 500 phụ nữ tại 4 tỉnh thành vượt qua khó khăn do tác động Covid-19.,NamSyntax/vietnamese-news-classification
namsyntax_92493,Bài 4: Tiêu chuẩn nào để lựa chọn cán bộ cấp chiến lược “người tài”,,62,,Thời sự,"“Một người lo bằng kho người làm” câu nói của người xưa để lại nhắc nhở chúng ta quan tâm đến người tài, nhất là xây dựng tiêu chuẩn, cơ chế chính sách thu hút người tài, cán bộ cấp chiến lược đại hội XIII của Đảng.",NamSyntax/vietnamese-news-classification
namsyntax_1073916,Chuyện tình cảm của danh ca Hương Lan đi vào nhạc Lam Phương thế nào?,,63,,Giải trí,"Trong lần tái xuất hiếm hoi mùa dịch Covid-19 trên YouTube với chương trình: “Tình ca Lam Phương”, danh ca Hương Lan đã hát rất nhiều sáng tác nổi tiếng và giới thiệu một số sáng tác mới hoặc ít người biết của nhạc sĩ tài danh này.",NamSyntax/vietnamese-news-classification
namsyntax_732975,ĐHCĐ bất thường SJS: Ông Đỗ Văn Bình đã dành được 1 ghế trong Thành viên HĐQT,,47,,Bất động sản,"Sau khi loại trừ cổ phiếu quỹ của Sudico có 74,8% cổ phần có quyền biểu
quyết tham dự Đại hội, nên Đại hội được tổ chức theo đúng Luật.",NamSyntax/vietnamese-news-classification
namsyntax_456323,EcoLife Capitol bán hết 90% căn hộ giai đoạn 1,,57,,Kinh doanh,"Sáng 28/11/2015 lễ mở bán đợt cuối giai đoạn 1 dự án EcoLife Capitol do Hệ thống Siêu thị dự án Bất động sản tổ chức tại Hà Nội thu hút gần 400 khách hàng đến tham dự, tìm hiểu và đặt mua căn hộ dự án.",NamSyntax/vietnamese-news-classification
namsyntax_1292435,"Quà tặng 8/3 cho nhân viên nữ, gắn kết tình đồng nghiệp",,39,,Đời sống,"Món quà 8/3 tặng nhân viên nữ thể hiện sự ghi nhận của lãnh đạo, đồng nghiệp dành cho những cống hiến của họ trong công việc.",NamSyntax/vietnamese-news-classification
namsyntax_171389,Viết lưu bút chia tay lên... ngực bạn gái,,38,,Thời sự,"Nam sinh lớp 12 ""liều"" viết lưu bút chia tay lên áo trước ngực bạn gái với lời nhắn nhủ: ""Hãy mãi đặt tên tớ trong tim bạn nhé!""",NamSyntax/vietnamese-news-classification
namsyntax_720977,Van Phuc Group khởi công hầm dự án Diamond Sky,,47,,Bất động sản,"TP HCM - Van Phuc Group khởi công hạng mục hầm dự án Diamond Sky ngày 8/1, đánh dấu giai đoạn thi công mới của tổ hợp căn hộ cao tầng đầu tiên tại Van Phuc City.",NamSyntax/vietnamese-news-classification
namsyntax_370303,100 quốc gia đã cam kết Net Zero,,35,,Kinh doanh,"100 quốc gia đã cam kết Net Zero, trong đó Phần Lan đặt mục tiêu về đích sớm nhất vào 2035, theo thống kê của Climate Watch.",NamSyntax/vietnamese-news-classification
namsyntax_1288709,Chữa lành tâm hồn bằng thái độ sống tích cực,,42,,Đời sống,"Để có được năng lượng tích cực, trước tiên phải tìm đến môi trường, con người có năng lượng tích cực để họ đánh thức năng lượng này bên trong chúng ta.",NamSyntax/vietnamese-news-classification
namsyntax_647883,Top game online dạy game thủ cách 'sống còn' rất khắc nghiệt,,39,,Khoa học,Đây là những game online ném game thủ vào một thế giới vô cùng khắc nghiệt và bắt người chơi phải tìm cách sống sót trong đó.,NamSyntax/vietnamese-news-classification
namsyntax_1184231,Bắt đối tượng chở 32 tay gấu bốc mùi hôi thối,,39,,Pháp luật,"Trong bao dứa Tùng chở theo có chứa 32 chiếc chân, tay động vật nghi là
của gấu đang trong quá trình phân hủy, bốc mùi hôi thối.",NamSyntax/vietnamese-news-classification
namsyntax_726578,"Chuyện lạ ở TP.HCM: Nơi giá đất 300 triệu đồng/m2, biệt thự xây dở không người ở",,55,,Bất động sản,"Không chỉ căn hộ chung cư, giá đất nền tại khu vực này đang được rao bán với giá cao ngất ngưởng. Không ít biệt thự xây dựng dang dở rồi bỏ hoang hoặc thành nơi chăn bò.",NamSyntax/vietnamese-news-classification
namsyntax_1258323,Hồng Kông thu hút sinh viên đại lục,,40,,Giáo dục,"11 thí sinh đạt kết quả cao nhất trong kỳ thi năm nay được nhận vào
trường đại học danh tiếng Hồng Kông đều đến từ các tỉnh lẻ của Trung Quốc.",NamSyntax/vietnamese-news-classification
namsyntax_722472,"Mệnh Hỏa nên trồng 6 loại cây này để vượng vận, phát tài",,47,,Bất động sản,"Theo phong thủy học, người mệnh Hỏa có thể đặt những chậu cây hợp mệnh hỏa như: cây hồng môn, cây phú quý, cây vạn lộc,... trong nhà để kéo tài lộc về nhà.",NamSyntax/vietnamese-news-classification
namsyntax_528033,"Thủ tướng: 'Dữ liệu của Việt Nam còn rời rạc, cục bộ'",,39,,Khoa học,"Thủ tướng Phạm Minh Chính đánh giá dữ liệu đóng vai trò quan trọng nhất trong chuyển đổi số, nhưng lại chưa được quan tâm đúng mức.",NamSyntax/vietnamese-news-classification
namsyntax_735994,‘Thực đơn’ BĐS cho người ít tiền: Đỏ mắt tìm,,58,,Bất động sản,"Từ đầu năm tới nay, nhiều doanh nghiệp bất động sản liên tục tung hàng ra thị trường, tuy nhiên các dự án này chủ yếu đến từ phân khúc tầm trung và cao cấp. Trong khi đó nguồn cung căn hộ giá rẻ ngày càng ít đi.",NamSyntax/vietnamese-news-classification
namsyntax_920070,Tuyển bóng chuyền nữ Việt Nam thua CH Czech tại giải thế giới,,40,,Thể thao,Dù thi đấu rất cố gắng nhưng tuyển bóng chuyền nữ Việt Nam phải chịu thua 0-3 trước CH Czech tại bán kết FIVB Challenger Cup 2024.,NamSyntax/vietnamese-news-classification
namsyntax_1122993,Cao Thái Sơn: Adam Nguyễn lợi dụng tôi để PR,,49,,Giải trí,"Cao Thái Sơn cho rằng, Thuận sắp tham gia một bộ phim nên cố tình lợi dụng tên tuổi của
anh để PR chứ không có chuyện anh tạo ra ""màn kịch"" này để PR cho album
sắp tới.",NamSyntax/vietnamese-news-classification
namsyntax_543285,Lý do smartphone ngày nay nhanh gặp tình trạng bộ nhớ đầy,,35,,Khoa học,Dung lượng game ngày càng lớn là một trong những nguyên nhân khiến smartphone của người dùng nhanh bị hết bộ nhớ trong.,NamSyntax/vietnamese-news-classification
namsyntax_827239,"Sáng 4/10, Hà Nội thêm 6 ca Covid-19, có 5 người ở BV Việt Đức",,48,,Sức khỏe,Trong 6 ca mắc Covid-19 mới có 5 người là bệnh nhân điều trị tại BV Hữu nghị Việt Đức. Các ca được phát hiện tại khu phong tỏa và khu cách ly.,NamSyntax/vietnamese-news-classification
namsyntax_36368,25.600 người đã nhận tiền trợ cấp thôi việc do tinh gọn bộ máy,,48,,Thời sự,"Hết tháng 6, cả nước có 25.611 người đã nhận tiền trợ cấp nghỉ hưu và thôi việc do tinh gọn bộ máy hệ thống chính trị, theo thống kê của Bộ Nội vụ.",NamSyntax/vietnamese-news-classification
namsyntax_987799,"Vì quá xinh, nữ trọng tài quyết khoe 3 vòng",,41,,Thể thao,"Ana Paula Oliveira từng là một nữ trọng tài đặc biệt, sẵn sàng khoe mình trên tạp chí Playboy, và hiện giữ vai trò một nữ nhà báo say mê Neymar.",NamSyntax/vietnamese-news-classification
namsyntax_508194,Kỹ thuật số - nền móng của các thành phố thông minh,,68,,Khoa học,"Việc tích hợp công nghệ vào hạ tầng đô thị không chỉ giúp quản lý nguồn lực hiệu quả mà còn tạo ra một môi trường sống an toàn, tiện nghi và bền vững. Trong quá trình này, Big Data và AI là một trong những yếu tố quan trọng để đảm bảo sự thành công.",NamSyntax/vietnamese-news-classification
namsyntax_131482,Thủ tướng: Địa phương có kinh tế cũng ít quan tâm đến cai nghiện,,40,,Thời sự,"Thủ tướng Nguyễn Xuân Phúc chiều nay đã chủ trì hội nghị
trực tuyến toàn quốc về công tác phòng, chống và cai nghiện ma
túy.",NamSyntax/vietnamese-news-classification
namsyntax_745157,Đất chưa có sổ đỏ vẫn có thể đăng ký thông tin đất đai,,67,,Bất động sản,Bộ NN&MT đang xây dựng cơ sở dữ liệu từ nguồn gốc đất đai. Việc xây dựng cơ sở dữ liệu đất đai không phụ thuộc hoàn toàn vào việc đã có sổ đỏ hay chưa. Đất chưa đủ điều kiện cấp sổ đỏ vẫn có thể đăng ký thông tin đất đai.,NamSyntax/vietnamese-news-classification
namsyntax_112421,Bộ trưởng Công an bổ nhiệm nhân sự mới,,38,,Thời sự,"Sáng nay, Công an tỉnh Lào Cai tổ chức lễ công bố quyết định của Bộ trưởng Công an về việc bổ nhiệm Phó Giám đốc Công an tỉnh.",NamSyntax/vietnamese-news-classification
namsyntax_191967,"Người đàn ông bị ‘thao túng tâm lý’, nhiều lần rút tiền đưa người tình lừa đảo",,54,,Thời sự,"Sau khi bị “thao túng tâm lý”, nhiều lần ra ngân hàng rút tiền đưa cho nhân tình, người đàn ông ngã ngửa khi biết thân phận thật của kẻ lừa đảo vừa bị bắt truy nã.",NamSyntax/vietnamese-news-classification
namsyntax_894633,Djokovic: 'Rút lui là quyết định khó khăn',,33,,Thể thao,Pháp - Hạt giống số một Novak Djokovic thất vọng khi phải bỏ Roland Garros ngay trước tứ kết vì chấn thương đầu gối phải.,NamSyntax/vietnamese-news-classification
namsyntax_1044074,Nhạc phim 'Ván bài lật ngửa' sẽ được vang lên trong đêm nhạc Thanh Tùng,,61,,Giải trí,"Ngày 29/8 tại Hà Nội, đại diện gia đình cố nhạc sĩ Thanh Tùng công bố dự án Legacy of Love (Di sản của tình yêu) - buổi hòa nhạc theo hình thức classical crossover (dàn nhạc giao hưởng kết hợp với ban nhạc điện tử).",NamSyntax/vietnamese-news-classification
namsyntax_1320902,Chàng trai cầu hôn bạn gái tại cây cầu cao nhất thế giới,,58,,Đời sống,"Cuối năm 2016, Keow Wee Loong - nhiếp ảnh gia đến từ Malaysia - trở thành tâm điểm trên mạng khi cầu hôn bạn gái Marta Sibielak (người Ba Lan) tại cây cầu cao nhất thế giới Beipanjiang Duge Bridge (565 m, ở Trung Quốc).",NamSyntax/vietnamese-news-classification
namsyntax_1137555,"Xóa sổ ổ nhóm tín dụng đen, phát hiện kho súng đạn, đao kiếm",,43,,Pháp luật,"Khám xét đồng loạt nơi hoạt động ổ tín dụng đen, lực lượng chức năng Quảng Bình phát hiện nhiều dao, kiếm, súng tự chế, mã tấu các loại.",NamSyntax/vietnamese-news-classification
namsyntax_215193,Việt Nam sơ tán thêm 400 công dân từ Myanmar,,38,,Thế giới,"Việt Nam hồi hương thêm gần 400 công dân kẹt tại miền bắc Myanmar do xung đột, sau khi hồi hương hơn 1.000 người trong đợt đầu tiên.",NamSyntax/vietnamese-news-classification
namsyntax_1155999,"6 lầm tưởng về tiền lương, bảo hiểm xã hội trong giãn cách",,47,,Pháp luật,"Nhiều doanh nghiệp cho người lao động làm việc tại nhà, nghỉ việc không lương khi giãn cách xã hội. Vậy, quyền lợi về tiền lương, bảo hiểm sẽ được thực hiện thế nào?",NamSyntax/vietnamese-news-classification
namsyntax_380435,Giá bạc hôm nay 9/1/2026: Bật tăng trở lại tới 2 triệu/kg,,32,,Kinh doanh,"Giá bạc hôm nay 9/1/2026 tăng trở lại sau chuỗi ngày suy yếu, có thương hiệu đắt thêm 2 triệu/kg.",NamSyntax/vietnamese-news-classification
namsyntax_1057578,"Sau khi nghỉ việc ở VTV, MC Minh Hà đóng phim cùng Việt Anh",,37,,Giải trí,"Sau khi rời VTV, MC Minh Hà bất ngờ quay lại làm diễn viên với một vai nhỏ trong 'Hành trình công lý'.",NamSyntax/vietnamese-news-classification
namsyntax_1210556,"Nam sinh 15 tuổi ở Hải Phòng rời nhà 17 ngày, gia đình mất liên lạc",,55,,Giáo dục,"Nam sinh 15 tuổi ở Hải Phòng rời nhà đi rồi mất liên lạc, gia đình lo lắng đã trình báo chính quyền địa phương và đăng thông tin lên mạng xã hội nhờ cộng đồng tìm kiếm giúp.",NamSyntax/vietnamese-news-classification
namsyntax_846422,Su hào - thần dược tăng cường miễn dịch vào mùa đông,,43,,Sức khỏe,"Các chuyên gia dinh dưỡng khuyên nếu bạn thường xuyên ăn su hào vào
mùa đông sẽ giúp tăng cường sức khỏe hệ miễn dịch và giúp máu lưu thông
tốt.",NamSyntax/vietnamese-news-classification
namsyntax_188168,Ô tô Santafe 'bơi' dưới cống,,48,,Thời sự,"Khoảng 14 giờ ngày
14.6, tại tổ 4, khu 8, phường Hồng Hải, TP Hạ Long, Quảng Ninh, một chiếc ô
tô Santafe đã lao xuống cống thoát nước bên đường sau khi tránh gấp một
chiếc xe máy đi ngược chiều.",NamSyntax/vietnamese-news-classification
namsyntax_62879,TP.HCM sẽ xử lý dứt điểm vụ bức tường giữa 2 khu dân cư cao cấp,,54,,Thời sự,Chỉ một bức tường cao 2m nhưng đã chắn toàn bộ sự kết nối giao thông dọc đoạn đường ven sông. TP.HCM sẽ xử lý dứt điểm sự việc tại hai khu dân cư Vinhomes và Saigon Pearl.,NamSyntax/vietnamese-news-classification
namsyntax_940544,"Xuân Trường, Hải Huy mắc Covid-19, tuyển Việt Nam đón Hoàng Anh",,43,,Thể thao,"HLV Park Hang Seo buộc phải đôn Hoàng Anh lên tuyển Việt Nam, sau khi nhận liên tiếp tin không vui về lực lượng trước trận gặp Oman và Nhật Bản.",NamSyntax/vietnamese-news-classification
namsyntax_743130,Cửa chính sai phong thủy khiến “tiền ra như nước Sông Đà”,,33,,Bất động sản,"Cửa nhà là nơi tài lộc, may mắn,...đi vào nên cần chú ý rất nhiều để tránh thất thoát của cải.",NamSyntax/vietnamese-news-classification
namsyntax_289096,Dung mạo thời trẻ của các Tổng thống Mỹ,,23,,Thế giới,Business Insider liệt kê hình ảnh ngày nhỏ của một số Tổng thống Mỹ.,NamSyntax/vietnamese-news-classification
namsyntax_154707,Một người dân thắng kiện UBND TP.HCM,,45,,Thời sự,"Cho rằng quyết định hành chính của UBND TP.HCM về việc thu hồi hơn 600m2 tầng trệt một căn nhà là trái luật, TAND TP.HCM đã tuyên hủy quyết định trên và người dân được tuyên thắng kiện.",NamSyntax/vietnamese-news-classification
namsyntax_1317843,Những khoảnh khắc không thể nào quên của U23 Việt Nam,,55,,Đời sống,Mặc dù vuột mất chiếc cúp vô địch Châu Á nhưng đội tuyển U23 vẫn trở thành những người hùng trong hàng triệu trái tim người hâm mộ. Hãy cùng xem lại những khoảnh khắc lịch sử đáng tự hào của U23 Việt Nam.,NamSyntax/vietnamese-news-classification
namsyntax_1051565,"Hà Trần, Hoa hậu Thiên Ân đóng MV của Orange",,38,,Giải trí,"Diva Hà Trần, Hoa hậu Thiên Ân và ca sĩ Hoàng Dũng đóng vai khách mời trong MV ""Có đau thì đau một mình"" của ca sĩ Orange.",NamSyntax/vietnamese-news-classification
namsyntax_1220236,Điểm chuẩn lớp 10 và cơn đau đầu dễ chịu của phụ huynh,,63,,Giáo dục,"Trái ngược với sự lo lắng thấp thỏm chuyện con đỗ trượt vào lớp 10 của nhiều phụ huynh ở Hà Nội, một số cha mẹ cũng đau đầu nhưng lại là những cơn đau đầu dễ chịu khi có nhiều sự lựa chọn vì con trúng tuyển nhiều trường.",NamSyntax/vietnamese-news-classification
namsyntax_1063270,MC Mai Ngọc VTV đẹp nhất trong vòng tay... ông xã,,34,,Giải trí,"Hậu Covid-19, MC xinh đẹp nhất nhì VTV cùng chồng có chuyến nghỉ dưỡng xả hơi, sốc lại tinh thần và sức khỏe.",NamSyntax/vietnamese-news-classification
namsyntax_903027,Mbappe lần đầu giành Giày Vàng châu Âu,,36,,Thể thao,"Chỉ ghi một bàn ở vòng cuối Ngoại hạng Anh, Mohamed Salah không thể tranh giải thưởng Giày Vàng châu Âu với tiền đạo Real Madrid, Kylian Mbappe.",NamSyntax/vietnamese-news-classification
namsyntax_1150570,Bác sỹ Chiêm Quốc Thái đề nghị làm rõ kẻ chủ mưu giết mình,,55,,Pháp luật,"Theo ông Thái, bị cáo Ngọc khai chỉ nhờ Thanh đánh dằn mặt trong khi Thanh nhận tiền từ bác sỹ Sen nên nghi vấn có thể bà Sen là chủ mưu giết mình vì cả 2 có nhiều thâm thù.",NamSyntax/vietnamese-news-classification
namsyntax_1284128,"Ông bố đơn thân một đời lam lũ, 12 năm cõng con đi học ở miền Tây",,40,,Đời sống,"12 năm qua ở miền Tây, hình ảnh ông bố đơn thân cõng con bị tật đến trường khiến nhiều người cảm phục.",NamSyntax/vietnamese-news-classification
namsyntax_723990,"Thủ tướng chỉ đạo, khu Ngoại giao đoàn vẫn ‘nóng’ điều chỉnh quy hoạch",,61,,Bất động sản,"- Ngày 12/5, hàng trăm cư dân khu đô thị Ngoại giao đoàn (quận Bắc Từ Liêm, Hà Nội) cùng nhau căng băng rôn phản đối việc điều chỉnh quy hoạch xây bệnh viện u bướu tại đây, yêu cầu chủ đầu tư Hancorp trả sổ đỏ…",NamSyntax/vietnamese-news-classification
namsyntax_194329,Đại sứ Italy tại Australia rơi từ ban công tử vong,,41,,Thế giới,"Đại sứ Italy tại Australia Francesca Tardioli, 56 tuổi, được phát hiện tử vong sau khi rơi từ ban công tầng ba căn nhà ở vùng Umbria, miền bắc Italy.",NamSyntax/vietnamese-news-classification
namsyntax_1260996,Tôi thật hạnh phúc khi có mẹ,,31,,Đời sống,"Không chỉ là cô giáo được nhiều học trò tin quý, trở về nhà, mẹ còn làm tốt nhiều vai trò trong gia đình.",NamSyntax/vietnamese-news-classification
namsyntax_731028,Masteri Centre Point làm ‘nóng’ thị trường với chính sách hấp dẫn,,46,,Bất động sản,Dự án Masteri Centre Point nằm trong đại đô thị Grand Park (TP.Thủ Đức) “chiếm sóng” thị trường nhờ chính sách bán hàng “toàn thắng” gây sự chú ý với đông đảo khách hàng.,NamSyntax/vietnamese-news-classification
namsyntax_1246774,10 kiểu người bạn nên tránh xa bằng mọi giá,,39,,Giáo dục,"Quan trọng chẳng kém gì việc kết thân với người tốt, chúng ta cũng cần học cách tránh xa hoặc có cách ""tự vệ"" trước những tuýp người  này.",NamSyntax/vietnamese-news-classification
namsyntax_575082,"Tiết lộ One Piece 906: Bỏ qua Reverie, nhóm Mũ Rơm sẽ",,34,,Khoa học,"Bạn biết chưa? Theo dự đoán, vương quốc Wano và nhóm Mũ Rơm sẽ xuất hiện trong One Piece Chapter 906 đấy.",NamSyntax/vietnamese-news-classification
namsyntax_362729,Sacombank ra mắt hai dòng thẻ mới,,30,,Kinh doanh,"Sacombank phát hành thẻ tín dụng và thẻ thanh toán Platinum American Express, hoàn tiền cho các giao dịch thanh toán, du lịch.",NamSyntax/vietnamese-news-classification
namsyntax_880423,Kane ghi bàn trận thứ năm liên tiếp ở Ngoại hạng Anh,,37,,Thể thao,"Anh - Tiền đạo Harry Kane ghi bàn phạt đền giúp Tottenham hạ đội khách Everton 2-0, ở vòng 11 Ngoại hạng Anh tối 15/10.",NamSyntax/vietnamese-news-classification
namsyntax_835065,"Bệnh nhân 92 mắc Covid-19 là người Lâm Đồng, trở về từ Pháp",,39,,Sức khỏe,"- Chiều 21/3, Bộ Y tế công bố thêm 1 trường hợp mắc Covid-19, nâng tổng số ca bệnh trong cả nước lên con số 92.",NamSyntax/vietnamese-news-classification
namsyntax_1282358,Những nghề khó lấy vợ ở Nhật,,38,,Đời sống,"Bị từ chối hẹn hò chỉ vì là nhiếp ảnh gia, Hiroshi là một trong nhiều nam giới chấp nhận độc thân do định kiến về nghề nghiệp ""không ổn định"".",NamSyntax/vietnamese-news-classification
namsyntax_737630,Khốn khổ vì mua đất 15 năm không được giao nền,,55,,Bất động sản,"Bỏ tiền mua đất đã 15 năm nhưng chưa được Công ty Cổ phần Đầu tư Kinh doanh nhà (Intresco) giao đất để xây nhà, hàng chục khách hàng đã tụ tập trước trụ sở công ty này căng băng rôn để phản đối.",NamSyntax/vietnamese-news-classification
namsyntax_472242,Đầu tư vào Casino tại VN: “Miếng bánh nhiều người thèm”,,60,,Kinh doanh,"Thời gian gần đây, khi vụ kiện đòi 55,5 triệu USD tiền thắng bạc của
ông Ly Sam đi đến hồi ngã
ngũ thì cũng là lúc Bộ Tài chính vừa trình Chính phủ Dự thảo Nghị định
về quản lý casino và trò chơi điện tử có thưởng.",NamSyntax/vietnamese-news-classification
namsyntax_220309,Israel hứng đòn tập kích lớn nhất trong nửa năm từ Gaza,,39,,Thế giới,"Nhóm vũ trang PIJ tại Dải Gaza phóng khoảng 20 rocket vào lãnh thổ Israel, đòn tấn công lớn nhất từ vùng lãnh thổ trong 6 tháng.",NamSyntax/vietnamese-news-classification
namsyntax_1202269,Đại học Kinh tế quốc dân giảm chỉ tiêu xét tuyển từ thi tốt nghiệp còn 18%,,45,,Giáo dục,"Năm 2024, trường Đại học Kinh tế quốc dân (NEU) dự kiến tuyển 18% chỉ tiêu từ điểm thi tốt nghiệp THPT, giảm 7% so với năm nay.",NamSyntax/vietnamese-news-classification
namsyntax_796997,Dấu hiệu cảnh báo phái đẹp thiếu vitamin D,,37,,Sức khỏe,"Các dấu hiệu thiếu vitamin D thường là mệt mỏi, yếu cơ, nhiễm trùng thường xuyên, đau xương và tăng nguy cơ gãy xương, tâm trạng thất thường.",NamSyntax/vietnamese-news-classification
namsyntax_805698,6 thức uống giúp da sáng mịn,,31,,Sức khỏe,"Nước chanh, nước ép cà chua chứa vitamin C và chất chống oxy hóa có thể làm chậm lão hóa, nuôi dưỡng làn da.",NamSyntax/vietnamese-news-classification
namsyntax_515828,Không để ai bị bỏ lại phía sau trong lĩnh vực viễn thông,,53,,Khoa học,"Đây là yêu cầu của Thủ tướng Chính phủ Phạm Minh Chính đối với Bộ TT&TT, để mọi người dân đều được hưởng thụ dịch vụ viễn thông, bất kể ở vùng sâu, vùng xa hay biên giới hải đảo.",NamSyntax/vietnamese-news-classification
namsyntax_581231,Ngất ngây trước vẻ đẹp của 8 mẫu giày trong bộ sưu tập,,54,,Khoa học,"Sau khi hé lộ adidas Yung 1 - Frieza, adidas Prophere - Cell (Sên bọ hung) và adidas Kamanda - Majin Buu, mới đây toàn bộ 8 mẫu giày trong BST ""adidas x Dragon Ball Z"" đã chính thức lộ diện.",NamSyntax/vietnamese-news-classification
namsyntax_103779,"Không có HĐND phường, Chủ tịch quận có thể cách chức Chủ tịch phường",,36,,Thời sự,"Chủ tịch UBND quận, thị xã nơi không tổ chức HĐND phường sẽ bổ nhiệm, miễn nhiệm, cách chức chủ tịch phường.",NamSyntax/vietnamese-news-classification
namsyntax_752473,Tăng sức đề kháng cho trẻ suy dinh dưỡng thấp còi,,42,,Sức khỏe,"Trẻ suy dinh dưỡng thấp còi thường có hệ tiêu hóa không khỏe khiến sức đề kháng giảm, cần bổ sung thêm lợi khuẩn, đạm, chất xơ… qua chế độ ăn.",NamSyntax/vietnamese-news-classification
namsyntax_471600,Tìm đường đi buôn giữa 'thánh địa hàng lậu',,43,,Kinh doanh,"Ngoài những chi phí sản xuất rẻ mạt, chính dân buôn lậu đã tiếp tay
cho hàng hóa từ Trung Quốc (TQ) ""đột nhập"" vào nước ta với thuế suất
bằng 0% (trốn thuế).",NamSyntax/vietnamese-news-classification
namsyntax_1159279,Câu đố: Ai sát hại người đàn ông giàu có?,,32,,Pháp luật,Bạn hãy dựa trên lời khai của những ba nghi phạm và quan sát hình vẽ để xác định kẻ gây án.,NamSyntax/vietnamese-news-classification
namsyntax_805110,Viên sủi vitamin bị ngừng lưu thông do không đạt chất lượng,,36,,Sức khỏe,Cục An toàn Thực phẩm đề nghị ngừng lưu thông lô sản phẩm viên sủi Apiroca-B từ ngày 22/7 do không đạt chất lượng.,NamSyntax/vietnamese-news-classification
namsyntax_444670,Sun Premier Village Kem Beach Resort-địa chỉ đầu tư BĐS hạng sang,,46,,Kinh doanh,Sóng đầu tư BĐS nghỉ dưỡng thời gian gần đây đang đổ về Nam Phú Quốc bởi sự xuất hiện của dự án “ngôi làng biển” độc đáo Sun Premier Village Kem Beach Resort.,NamSyntax/vietnamese-news-classification
namsyntax_942782,"Tuyển Việt Nam tươi roi rói sau trận thắng Lào, chuẩn bị đấu Malaysia",,37,,Thể thao,Đội tuyển Việt Nam trở lại tập luyện để chuẩn bị cho trận gặp Malaysia tại lượt hai vòng bảng AFF Cup 2020.,NamSyntax/vietnamese-news-classification
namsyntax_480169,Chuyện ly kỳ của vị doanh nhân từng lĩnh án tử,,55,,Kinh doanh,"Ngày 13/10 hằng năm là một ngày ý nghĩa với hầu hết doanh
nhân Việt Nam.
Nhưng có một doanh nhân, cứ mỗi khi nhớ về ngày này là ông lại nghĩ đến nước
mắt, khổ đau và tuyệt vọng đã phải trải qua.",NamSyntax/vietnamese-news-classification
namsyntax_1209467,"Tuyển sinh Liên thông, Văn bằng 2 ĐH Kinh doanh và Công nghệ HN",,60,,Giáo dục,"ĐH Kinh doanh và Công nghệ Hà Nội tổ chức tuyển sinh nhiều đợt trong năm đối với Đại học, Liên thông lên Đại học, Văn bằng 2 hệ chính quy; Hệ đại học từ xa năm 2018. Thời gian nhận hồ sơ từ ngày 01/10/2018.",NamSyntax/vietnamese-news-classification
namsyntax_758957,Xét nghiệm khẩn gần 1.000 nhân viên Bệnh viện Mắt TP HCM,,42,,Sức khỏe,"Đêm qua đến rạng sáng 11/2, ngành y tế hoàn tất lấy mẫu xét nghiệm gần 1.000 nhân viên Bệnh viện Mắt TP HCM, do liên quan bệnh nhân Covid-19.",NamSyntax/vietnamese-news-classification
namsyntax_53680,Pháo hoa mừng Quốc khánh 2/9 rực sáng bầu trời TPHCM,,43,,Thời sự,"Tối 2/9, hàng nghìn người dân đổ về phố đi bộ Nguyễn Huệ, công viên bến Bạch Đằng, quận 1, TPHCM để đón xem màn trình diễn pháo hoa mừng Quốc khánh.",NamSyntax/vietnamese-news-classification
namsyntax_44801,Tổng Biên tập báo Người Lao Động: 'Nhà báo phải viết bằng sự tử tế',,63,,Thời sự,"Theo Tổng Biên tập Tô Đình Tuân, báo Người Lao Động xác định rõ quan điểm: nhà báo phải viết bằng sự tử tế, cảm quan xã hội sắc bén và trên hết là trách nhiệm với Tổ quốc, sự đồng cảm và sẻ chia với cộng đồng.",NamSyntax/vietnamese-news-classification
namsyntax_55422,"Xe khách chặn đầu ô tô tải, tài xế bị hành hung giữa cao tốc Nội Bài - Lào Cai",,62,,Thời sự,"Xe khách mang BKS tỉnh Lào Cai liên tục lạng lách, chặn đầu ô tô tải giữa cao tốc Nội Bài - Lào Cai. Ba người đàn ông đi xuống từ xe khách, leo lên cabin hành hung tài xế xe tải.",NamSyntax/vietnamese-news-classification
namsyntax_1254126,'Dạy trước khi vào lớp 1 là có tội với trẻ',,50,,Giáo dục,"Chiều 25/3, Bộ GD-ĐT có trao đổi với báo chí xung quanh vấn đề cho trẻ học trước lớp 1. Các nhà hoạch định
chính sách và chuyên gia giáo dục đưa quan điểm trái chiều với phụ huynh.",NamSyntax/vietnamese-news-classification
namsyntax_1169744,Chủ quán karaoke An Phú gập đầu xin lỗi gia đình 32 nạn nhân,,47,,Pháp luật,"Nói lời sau cùng, ông Lê Anh Xuân, chủ quán karaoke An Phú, quay người về phía gia đình 32 nạn nhân tử vong trong vụ cháy, nhiều lần gập đầu xin lỗi",NamSyntax/vietnamese-news-classification
namsyntax_714529,Có nên dùng gạch men lát sân?,,45,,Bất động sản,"Bố mẹ tôi định dùng gạch men lát sân vì đẹp, rẻ. Tôi ngăn vì biết gạch này trơn trượt nhưng bố mẹ không nghe. Có loại gạch nào đẹp mà chống trơn trượt để lát sân không?",NamSyntax/vietnamese-news-classification
namsyntax_880718,Barca nhiều cơ hội vô địch Europa League nhất,,33,,Thể thao,"Dù đang chơi ở Champions League, Barca vẫn được trang thống kê FiveThirtyEight đánh giá có tới 24% khả năng vô địch Europa League.",NamSyntax/vietnamese-news-classification
namsyntax_1083368,Học trò Tuấn Ngọc trở thành quán quân Giọng hát Việt 2019,,30,,Giải trí,- Hoàng Đức Thi của đội HLV Tuấn Ngọc đã đăng quang quán quân Giọng hát VIệt 2019.,NamSyntax/vietnamese-news-classification
namsyntax_1105065,Cơ hội xem 'Dị biệt 3' trước thế giới,,37,,Giải trí,"8 vé dự buổi công chiếu 'Allegiant: Những kẻ trung kiên' hay
'Dị biệt 3' vào tối 17/3 sẽ dành tặng độc giả Vietnamnet tại HN và TP.HCM.",NamSyntax/vietnamese-news-classification
namsyntax_439563,Thở phào mua hàng chất lượng bằng ứng dụng iCheck Scanner,,54,,Kinh doanh,"Công nghệ phát triển, người dân đã có thể yên tâm mua hàng hơn khi cài đặt ứng dụng quét mã vạch iCheck Scanner & Shopping đang rất được tin dùng với 10 triệu người sử dụng và 800,000 lượt quét mỗi ngày.",NamSyntax/vietnamese-news-classification
namsyntax_744269,Sao Việt trải nghiệm 'sống hàng hiệu’ tại dự án Grand Marina Saigon,,61,,Bất động sản,"Trong chuỗi hoạt động mùa lễ hội do Masterise Homes tổ chức xuyên suốt tháng 12 tại Grand Marina, Saigon, nhiều sao Việt đã cùng hội ngộ để khám phá “phong cách sống hàng hiệu” chuẩn Marriott toàn cầu tại khu căn hộ JW Marriott Residences, tòa Sea.",NamSyntax/vietnamese-news-classification
namsyntax_1182112,"Sợ bị đánh, cha bẫy điện quanh nhà khiến con trai chết thảm",,39,,Pháp luật,"Người cha kéo bẫy điện quanh nhà đề phòng bị nhóm thanh niên trong xóm xông vào đánh, không ngờ nạn nhân lại là con mình.",NamSyntax/vietnamese-news-classification
namsyntax_462500,Đại tướng quân hai lúa sang Campuchia làm máy bay,,36,,Kinh doanh,"Chế tạo thành công xe bọc thép ở Campuchia, cha con Đại tướng quân hai lúa
Trần Quốc Hải được đối đãi như những người hùng.",NamSyntax/vietnamese-news-classification
namsyntax_1227244,Bốn học sinh ở Hà Tĩnh tự chế pháo nổ,,59,,Giáo dục,"Một nhóm 4 học sinh THCS ở huyện Lộc Hà (Hà Tĩnh) cùng nhau lên mạng tìm mua các tiền chất để chế pháo nổ. Đây là loại pháo có thể gây ra tiếng nổ lớn, có tính sát thương cao, gây nguy hiểm đến sức khỏe, tính mạng.",NamSyntax/vietnamese-news-classification
namsyntax_648271,LMHT: Hình ảnh fan art tuyệt đẹp của thần rồng Ao Shin,,46,,Khoa học,Mới đây họa sĩ 3D Joel Durham đã tung ra vài hình ảnh fan art về vị tướng Ao Shin để giúp game thủ Liên Minh Huyền Thoại có cái nhìn cận cảnh hơn.,NamSyntax/vietnamese-news-classification
namsyntax_1233654,Nghệ An xác nhận vụ giáo viên đánh tím vai học sinh lớp 3,,42,,Giáo dục,"Ông Mai Ngọc Long, Trưởng Phòng GD-ĐT huyện Diễn Châu (Nghệ An) xác nhận, một nữ giáo viên đã đánh học sinh lớp 3 bầm tím bả vai.",NamSyntax/vietnamese-news-classification
namsyntax_127456,"Chủ tịch nước dâng hương, dâng hoa tại Bảo tàng Hồ Chí Minh",,42,,Thời sự,"Sáng nay, Chủ tịch nước Trần Đại Quang đã đến dâng hương, dâng hoa Chủ tịch Hồ Chí Minh tại Bảo tàng Hồ Chí Minh - Chi nhánh TP.HCM.",NamSyntax/vietnamese-news-classification
namsyntax_1093283,'Cô nàng ngổ ngáo' bản Việt hé lộ những thước phim đầu tiên,,34,,Giải trí,'Yêu em bất chấp' làm lại từ 'Cô nàng ngổ ngáo' của Hàn Quốc hé lộ những thước phim đầu tiên.,NamSyntax/vietnamese-news-classification
namsyntax_291641,Video khó tin của cặp sinh đôi siêu quậy,,32,,Thế giới,"Cặp sinh đôi 2 tuổi Andrew và Ryan bị bắt quả tang trốn ngủ, trèo khỏi cũi và quậy tung nhà nguyên đêm.",NamSyntax/vietnamese-news-classification
namsyntax_1316916,Bài khấn Tết Hàn thực theo 'Văn khấn cổ truyền Việt Nam',,59,,Đời sống,"Tết Hàn Thực diễn ra vào ngày mồng 3/3 âm lịch hằng năm. Người Việt Nam thường gọi ngày lễ đặc biệt này với cái tên dân dã là Tết bánh trôi, bánh chay. VietNamNet xin giới thiệu một số bài cúng Tết Hàn thực phổ biến.",NamSyntax/vietnamese-news-classification
namsyntax_1262017,10 bước để trở nên giàu có trước tuổi 30,,39,,Đời sống,"Trước tuổi 30 là thời điểm để thử và sai, tuy nhiên quá nhiều lần tìm việc mới khiến tài khoản của bạn rất khó tăng lên nhanh chóng.",NamSyntax/vietnamese-news-classification
namsyntax_1130496,Cảnh sát Pháp phá âm mưu trộm bảo vật châu Á,,38,,Pháp luật,Cảnh sát cáo buộc nhóm nghi phạm được trả 800.000 Euro để trộm các tác phẩm nghệ thuật có nguồn gốc châu Á tại lâu đài Fontainebleau.,NamSyntax/vietnamese-news-classification
namsyntax_340273,Dòng sản phẩm bán chạy nhất của Cuckoo tại Việt Nam,,38,,Kinh doanh,Nồi cơm điện tử áp suất là sản phẩm bán chạy nhất của thương hiệu Cuckoo tại Việt Nam nhờ tích hợp nhiều công nghệ hiện đại.,NamSyntax/vietnamese-news-classification
namsyntax_817834,Bác sĩ ở TP.HCM bị phạt vì sửa hồ sơ bệnh án,,49,,Sức khỏe,"Thanh tra Sở Y tế TP.HCM vừa công bố quyết định xử phạt một bác sĩ có hành vi tẩy xóa, sửa chữa hồ sơ bệnh án nhằm làm sai lệch thông tin về khám chữa bệnh.",NamSyntax/vietnamese-news-classification
namsyntax_734055,"Giữa mùa dịch, nhiều nơi vẫn sốt đất",,38,,Bất động sản,"Chuyên gia dự báo sốt đất cục bộ sẽ ít và nhanh hạ nhiệt, thị trường chỉ dành cho những sản phẩm giá trị phục vụ nhu cầu ở thực.",NamSyntax/vietnamese-news-classification
namsyntax_1263840,Thiết kế phòng tắm phong cách Nhật Bản cho bố mẹ,,30,,Đời sống,"Tôi sẽ yên tâm khi bố mẹ sinh hoạt trong không gian vệ sinh khô ráo, không trơn trượt.",NamSyntax/vietnamese-news-classification
namsyntax_713328,Bất động sản nhà ở toàn cầu thay đổi ra sao với Covid-19?,,39,,Bất động sản,"Lối sống, cách lựa chọn nhà của người mua thay đổi trong Covid-19 đã tác động đến thị trường bất động sản nhà ở toàn cầu.",NamSyntax/vietnamese-news-classification
namsyntax_1034344,Hồ Định Hân cưới giữa núi đồi,,26,,Giải trí,"Diễn viên Hong Kong Hồ Định Hân tổ chức hôn lễ trong không gian núi, hồ ở New Zealand.",NamSyntax/vietnamese-news-classification
namsyntax_237875,Lãnh đạo Triều Tiên tái khẳng định việc ủng hộ Nga vô điều kiện,,45,,Thế giới,Nhà lãnh đạo Triều Tiên Kim Jong Un đã tái khẳng định sự ủng hộ vô điều kiện đối với mọi hành động của Nga trong cuộc xung đột với Ukraine.,NamSyntax/vietnamese-news-classification
namsyntax_211817,Bánh trung thu truyền thống Thượng Hải đắt khách,,38,,Thế giới,"Nhiều người ở Thượng Hải xếp hàng tại các cửa tiệm lâu đời để mua bánh trung thu cổ truyền đặc biệt, khác với loại bánh nướng thông thường.",NamSyntax/vietnamese-news-classification
namsyntax_461458,"Gián đất, sâu lạ: Hàng 'xách tay' Trung Quốc tuồn về Việt Nam",,41,,Kinh doanh,"Nhiều sinh vật ngoại lai đã du nhập vào Việt Nam bằng nhiều con đường, gây những
hậu quả nghiêm trọng về kinh tế cũng như môi trường.",NamSyntax/vietnamese-news-classification
namsyntax_595653,FPT sẽ cung cấp giải pháp bảo mật cho Vietnam Airlines,,57,,Khoa học,"Theo thỏa thuận hợp tác chiến lược mới được ký, thời gian tới FPT sẽ cung cấp các sản phẩm, dịch vụ, giải pháp CNTT tốt nhất mà FPT có kinh nghiệm theo yêu cầu của Vietnam Airlines, trong đó có giải pháp về bảo mật.",NamSyntax/vietnamese-news-classification
namsyntax_1162626,"Bốc thăm trúng thưởng chuyến du lịch, có phải đóng thuế?",,41,,Pháp luật,"Tôi bốc thăm từ một ứng dụng online shopping, trúng chuyến du lịch nước ngoài gồm vé máy bay và khách sạn cho hai người, tương đương 350 triệu đồng.",NamSyntax/vietnamese-news-classification
namsyntax_887011,Alcaraz vào vòng bốn Wimbledon,,22,,Thể thao,"Anh - Carlos Alcaraz thắng Nicolas Jarry 6-3, 6-7(6), 6-3, 7-5 ở vòng ba Wimbledon hôm 8/7.",NamSyntax/vietnamese-news-classification
namsyntax_981671,Giggs tham vọng quay trở lại dẫn dắt MU,,40,,Thể thao,"Ryan Giggs đang để ngỏ cơ hội huấn luyện MU hoặc ĐT Xứ Wales trong tương lai, khi ông quyết tâm nhắm đến những vị trí ""đỉnh cao"" trong nghề HLV.",NamSyntax/vietnamese-news-classification
namsyntax_806000,Đạp xe thường xuyên có ảnh hưởng sinh lý nam?,,40,,Sức khỏe,"Tôi đạp xe đạp hàng ngày rèn luyện sức khỏe. Môn thể thao này có ảnh hưởng sinh lý nam giới không, cần lưu ý gì? (Hoài Nam, 32 tuổi)",NamSyntax/vietnamese-news-classification
namsyntax_625762,Xuất hiện màn chơi mới của Doom sau gần 20 năm,,31,,Khoa học,Một cách để hâm nóng cộng đồng trước khi phiên bản mới nhất Doom 4 chính thức được tung ra?,NamSyntax/vietnamese-news-classification
namsyntax_1200598,Gần 1.200 thí sinh tham gia Da Nang Code League 2023,,38,,Giáo dục,"Đà Nẵng - Cuộc thi Da Nang Code League 2023 thu hút 1.200 thí sinh, trao thưởng 200 triệu đồng cho ba đội thắng cuộc, ngày 6/5.",NamSyntax/vietnamese-news-classification
namsyntax_401132,"Vội vàng bắt đáy, nhà đầu tư ‘chưa về bờ đã lại ra xa’",,33,,Kinh doanh,Nhiều nhà đầu tư tiếp tục gánh khoản lỗ trăm triệu sau khi vội vàng bắt đáy chứng khoán.,NamSyntax/vietnamese-news-classification
namsyntax_73448,Sứ mệnh lịch sử khi UNESCO vinh danh Chủ tịch Hồ Chí Minh,,58,,Thời sự,"Kỷ niệm 35 năm  (1987-2022) Tổ chức UNESCO ra Nghị quyết vinh danh Chủ tịch Hồ Chí Minh, Người đã có đóng góp quan trọng về nhiều mặt trong các lĩnh vực văn hóa, giáo dục, nghệ thuật và sự nghiệp giải phóng dân tộc,",NamSyntax/vietnamese-news-classification
namsyntax_227433,Quan chức chính trị Hamas thiệt mạng trong chiến dịch của Israel,,35,,Thế giới,"Hamas cho biết al-Bardaweel, thành viên văn phòng chính trị của nhóm, đã thiệt mạng trong đợt không kích của Israel ngày 22/3.",NamSyntax/vietnamese-news-classification
namsyntax_1099255,HH Hương Giang mặc áo dài 'đọ sắc' với MC Trác Thúy Miêu,,39,,Giải trí,Hoa hậu đẹp nhất Châu Á Hương Giang và MC Trác Thúy Miêu có mặt dự buổi giới thiệu BST Áo dài của NTK Sỹ Hoàng.,NamSyntax/vietnamese-news-classification
namsyntax_483910,“Phù thủy marketing” làm hiệu trưởng trường kinh doanh TQ,,46,,Kinh doanh,"Trường kinh doanh quốc tế Trung Quốc Châu Âu ở Thượng Hải đã có một ông hiệu trưởng mới người “Tây”. Ông chính là giáo sư John Quelch, nguyên phó hiệu trưởng trường kinh doanh Harvard.",NamSyntax/vietnamese-news-classification
namsyntax_1164112,Bị bắt sau 21 năm sát hại chồng bằng axit,,32,,Pháp luật,"Đăk Lăk - Bà Trần Thị Huyền, 58 tuổi, bị cảnh sát bắt sau 21 năm tạt axit khiến chồng tử vong.",NamSyntax/vietnamese-news-classification
namsyntax_1055905,"Lương Bích Hữu bật khóc, thừa nhận cố chấp trong tình yêu",,31,,Giải trí,Ca sĩ Lương Bích Hữu xúc động bật khóc trong quá trình quay MV 'Đã sai từ lúc đầu'.,NamSyntax/vietnamese-news-classification
namsyntax_640879,"Ngày mai, VNPT sẽ ra mắt 3 tổng công ty mới",,48,,Khoa học,"Chiều mai (15/5/2015), VNPT sẽ chính thức ra mắt 3 tổng công ty là Tổng công ty Hạ tầng mạng (VNPT-Net), Tổng công ty Dịch vụ viễn thông VinaPhone (VNPT-VinaPhone) và Tổng công ty Truyền thông (VNPT-Media).",NamSyntax/vietnamese-news-classification
namsyntax_749455,Cắt nửa lá gan bằng nội soi,,43,,Sức khỏe,"Hà Nội - Bệnh nhân 51 tuổi béo phì và ung thư, được bệnh viện Bạch Mai lần đầu dùng kỹ thuật khó - nội soi cắt gan - để điều trị, không phải truyền máu.",NamSyntax/vietnamese-news-classification
namsyntax_340801,Giá trị 10 ông lớn công nghệ Trung Quốc giảm 800 tỷ USD,,38,,Kinh doanh,"Các hãng công nghệ hàng đầu Trung Quốc đang mất sự toả sáng, giá cổ phiếu lao dốc sau khi bị Bắc Kinh kìm hãm.",NamSyntax/vietnamese-news-classification
namsyntax_225565,Thông điệp của ông Trump khi chụp chân dung như ảnh hồ sơ nhà tù,,50,,Thế giới,"Bức chân dung mới nhất của ông Trump giống hệt ảnh hồ sơ nhà tù Atlanta năm 2023, truyền tải thông điệp về sự cứng rắn và quyết liệt của Tổng thống đắc cử Mỹ.",NamSyntax/vietnamese-news-classification
namsyntax_397689,LienVietPostBank muốn đổi tên thành LPBank,,27,,Kinh doanh,"Ngân hàng TMCP Bưu điện Liên Việt (LienVietPostBank) vừa trình phương án đổi tên mới, với tên tiếng Anh là LPBank.",NamSyntax/vietnamese-news-classification
namsyntax_762450,Thêm 88 ca Covid-19,,30,,Sức khỏe,"Bộ Y tế trưa 10/6 ghi nhận 88 ca dương tính nCoV, gồm 86 ca trong nước và 2 ca nhập cảnh được cách ly ngay.",NamSyntax/vietnamese-news-classification
namsyntax_890546,VnExpress Marathon Hải Phòng 2023 sẽ trao hơn 1 tỷ đồng giải thưởng,,44,,Thể thao,"Nhà vô địch VnExpress Marathon Hải Phòng sẽ nhận phần thưởng có tổng giá trị trên 36,5 triệu đồng, bao gồm tiền mặt, đồng hồ thể thao và giày chạy bộ.",NamSyntax/vietnamese-news-classification
namsyntax_153150,Bí thư huyện ủy gây tai nạn chết người được xin miễn truy tố,,57,,Thời sự,Gia đình bị hại trong vụ Bí thư huyện ủy Hà Quảng (Cao Bằng) lái ô tô gây tai nạn chết người vừa có đơn gửi Cơ quan Điều tra đề nghị miễn truy tố trách nhiệm hình sự đối với ông Dũng.,NamSyntax/vietnamese-news-classification
namsyntax_211595,Lãnh đạo Chechnya dọa đáp trả Mỹ,,35,,Thế giới,"Ramzan Kadyrov, lãnh đạo Cộng hòa Chechnya thuộc Nga, cảnh báo Mỹ sẽ phải đối mặt hậu quả nếu không dỡ bỏ lệnh trừng phạt với mẹ ông.",NamSyntax/vietnamese-news-classification
namsyntax_731478,Ngôi nhà cầu thủ Nguyễn Xuân Son đang ở; Hà Nội xóa sổ nhiều nhà gỗ,,73,,Bất động sản,"Bất động sản tuần qua nổi bật với tin tức về ngôi nhà hiện đại nơi cầu thủ Nguyễn Xuân Son ở tại Nam Định; 'đại gia' Xi măng Vicem lỗ thêm nghìn tỷ, phó thủ tướng yêu cầu 2 bộ vào cuộc; Hà Nội sắp ‘xoá sổ’ loạt khu nhà gỗ trên đất vàng Hoàn Kiếm...",NamSyntax/vietnamese-news-classification
namsyntax_279451,Công chúa Margaret - người con 'nổi loạn' của Hoàng gia Anh,,58,,Thế giới,"Công chúa Margaret được xem là một người con ""nổi loạn"" của Hoàng gia Anh, nhưng nếu không có những nỗ lực của bà, thế giới có thể không bao giờ chứng kiến những Kate Middleton và Meghan Markle kết hôn với các Hoàng tử Anh.",NamSyntax/vietnamese-news-classification
namsyntax_907771,HLV của Malaysia toan tính để vượt mặt Việt Nam ở SEA Games,,50,,Thể thao,"Bangkok - Sau khi thắng ngược Lào, HLV Nafuzi Zain đang cố gắng chuẩn bị để không thua Việt Nam ở lượt cuối, hòng giữ đỉnh bảng B cùng vé vào thẳng bán kết SEA Games 33.",NamSyntax/vietnamese-news-classification
namsyntax_1166877,"Cha mẹ có bị phạt hành chính khi con gây ồn, phiền hàng xóm?",,51,,Pháp luật,"Nhà em ngay ngã ba, trước mặt là không gian rộng, các nhà hàng xóm đều bảo con ra đây chơi khiến tiếng ồn ảnh hưởng đến việc nghỉ ngơi và sinh hoạt của gia đình em.",NamSyntax/vietnamese-news-classification
namsyntax_1046534,Cuộc sống bình dị và ẩm thực Sài Gòn qua ống kính của Ngọc Trần,,62,,Giải trí,"Loạt hình ảnh về cuộc sống bình dị và ẩm thực của Sài Gòn được nhiếp ảnh gia Ngọc Trần mang vào sách 'Saigon - the LifeStyle and the Food'. Qua đó, tác giả mong muốn mang văn hoá của Việt Nam đến bạn bè quốc tế.",NamSyntax/vietnamese-news-classification
namsyntax_976545,Ancelotti chặn đường Mourinho đưa Lewandowski về MU,,35,,Thể thao,"HLV Carlo Ancelotti vừa chính thức phủ nhận mâu thuẫn Robert Lewandowski, xóa tan hy vọng đưa tiền đạo người Ba Lan về MU của Jose Mourinho.",NamSyntax/vietnamese-news-classification
namsyntax_113618,Chiến hạm Việt Nam bắt đầu chuyến đi biển xa nhất,,39,,Thời sự,Tàu hộ vệ tên lửa Gepard 015 – Trần Hưng Đạo bắt đầu thực hiện chuyến đi biển xa nhất với hành trình hơn 5 nghìn hải lý.,NamSyntax/vietnamese-news-classification
namsyntax_733829,"Mua nhà Estella Heights, nhận 10 lượng vàng dịp Quốc khánh Singapore",,62,,Bất động sản,"Khách hàng mua căn hộ Estella Heights Phiên bản Đặc biệt (Tháp 3 & 4) sẽ nhận ngay 10 lượng vàng, phiếu mua hàng điện tử trị giá 50 triệu đồng cùng cơ hội trúng chuyến du lịch châu Âu trị giá 100 triệu đồng nhân dịp quốc khánh Singapore.",NamSyntax/vietnamese-news-classification
namsyntax_1256350,Vì sao trẻ em Nhật giỏi như vậy?,,57,,Giáo dục,"Bằng cách nào mà họ lại có thể dạy trẻ em làm được những điều tuyệt vời đến như vậy? Để làm sáng tỏ vấn đề này, tôi đã có những buổi thảo luận và trao đổi trực tiếp với cô hiệu trưởng cùng các cô giáo trong trường.",NamSyntax/vietnamese-news-classification
namsyntax_1237994,Học sinh Hà Nội ‘khoe tài’ với robot tự chế,,44,,Giáo dục,"Ngày 4/5, tại khuôn viên trường THPT chuyên Nguyễn Huệ (quận Hà Đông, Hà Nội) đã diễn ra ngày hội Công nghệ thông tin và STEM 2024 do Sở GD-ĐT Hà Nội tổ chức.",NamSyntax/vietnamese-news-classification
namsyntax_606820,Overwatch và SKT T1 lọt top đề cử  game và đội tuyển hay nhất 2016,,34,,Khoa học,"Cùng với đó, SKT T1 cũng được ứng cử ở vị trí đội tuyển esports xuất sắc nhất năm",NamSyntax/vietnamese-news-classification
namsyntax_404147,"Chở con đi học, ấn mua Vietlott trúng độc đắc 36 tỷ",,53,,Kinh doanh,"Trong thời gian chờ con đi học về, một người đàn ông ở TP.HCM đã mua 2 tấm vé số Vietlott trị giá 20.000 đồng qua ứng dụng Vietlott SMS và may mắn trúng giải độc đắc hơn 36 tỷ đồng.",NamSyntax/vietnamese-news-classification
namsyntax_938880,"Herbalife thưởng nóng cho VĐV Việt Nam đạt HCV, phá kỷ lục SEA Games 31",,58,,Thể thao,"Bên cạnh việc truyền lửa cho đoàn Thể thao Việt Nam trước giờ xung trận SEA Games được tổ chức ngay tại sân nhà, Herbalife Việt Nam còn thưởng nóng cho các VĐV đoạt huy chương vàng, phá kỷ lục tại đại hội.",NamSyntax/vietnamese-news-classification
namsyntax_801655,Rối loạn sinh lý sau khi vợ gọi nhầm tên người yêu cũ,,46,,Sức khỏe,"Người đàn ông 34 tuổi khám nam khoa vì rối loạn cương kéo dài hơn ba tháng, kể từ sau khi vợ ""lỡ miệng"" gọi nhầm tên người yêu cũ khi quan hệ.",NamSyntax/vietnamese-news-classification
namsyntax_219229,Ông Zelensky sa thải chỉ huy cận vệ sau âm mưu ám sát hụt,,44,,Thế giới,Tổng thống Ukraine Zelensky sa thải chỉ huy cận vệ nhà nước Sergiy Rud sau khi hai thành viên lực lượng này bị cáo buộc âm mưu ám sát ông.,NamSyntax/vietnamese-news-classification
namsyntax_1199517,Du học sinh Việt đối mặt loạt chiêu trò lừa đảo tại Mỹ,,44,,Giáo dục,"Thiếu trải nghiệm cuộc sống ở xứ người, nhiều tân du học sinh sập bẫy các chiêu trò lừa đảo khi mua, bán đồ, thuê nhà hay tìm việc làm thêm.",NamSyntax/vietnamese-news-classification
namsyntax_729325,Sự tích huyền bí ngôi chùa lớn nhất thế giới ở Việt Nam,,49,,Bất động sản,"Chùa Tam Chúc - ngôi chùa lớn nhất thế giới ở Việt Nam - được xây bên một ngôi chùa cổ cùng tên, gắn với truyền thuyết 'Tiền Lục nhạc - hậu Thất Tinh' huyền bí.",NamSyntax/vietnamese-news-classification
namsyntax_193550,Nga bị tố làm trầm trọng khủng hoảng khí đốt châu Âu,,40,,Thế giới,Cơ quan Năng lượng Quốc tế cáo buộc Nga cố tình cắt giảm nguồn cung khí đốt cho châu Âu giữa lúc căng thẳng chính trị leo thang.,NamSyntax/vietnamese-news-classification
namsyntax_606660,Bình Định tập huấn đảm bảo an toàn thông tin ngành tài nguyên và môi trường,,66,,Khoa học,"Sáng ngày 17/11/2016, Sở Tài nguyên và Môi trường (TN&MT) phối hợp với Sở Thông tin và Truyền thông Bình Định tổ chức hội nghị tập huấn “ Đảm bảo an toàn thông tin trong các cơ quan ngành tài nguyên và môi trường trên địa bàn tỉnh Bình Định”.",NamSyntax/vietnamese-news-classification
namsyntax_714250,Cách chống thấm sàn mái hiệu quả,,36,,Bất động sản,"Sàn mái thường chịu ảnh hưởng trực tiếp của thời tiết, dễ bị thấm dột, xuất hiện các dấu hiệu như nứt nẻ, ứ đọng, rêu mốc, loang nước…",NamSyntax/vietnamese-news-classification
namsyntax_230505,Căn cứ Anh phong tỏa vì thủy thủ đùa có bom trên tàu ngầm chiến lược,,46,,Thế giới,"Một thủy thủ Anh bị bắt sau khi đùa có bom trên tàu ngầm HMS Vanguard, khiến toàn bộ căn cứ hải quân Anh kích hoạt quy trình khẩn cấp.",NamSyntax/vietnamese-news-classification
namsyntax_817281,Một nữ sinh 13 tuổi bất ngờ tử vong tại trung tâm y tế huyện,,46,,Sức khỏe,"Khi đang được điều trị tại Trung tâm Y tế huyện Anh Sơn, tỉnh Nghệ An, nữ sinh lớp 7 (13 tuổi) bất ngờ lên cơn co giật rồi tử vong.",NamSyntax/vietnamese-news-classification
namsyntax_1296454,3 món ngon xa xỉ từ nội tạng,,27,,Đời sống,Có rất nhiều món ăn từ nội tạng động vật mà chỉ cần nghe tên đã thấy giật mình.,NamSyntax/vietnamese-news-classification
namsyntax_968201,Lịch thi đấu của Olympic Việt Nam tại Asiad 2018,,30,,Thể thao,VietNamNet cập nhật lịch thi đấu của U23 Việt Nam tại Asiad 2018 diễn ra từ ngày 14/8 đến 1/9.,NamSyntax/vietnamese-news-classification
namsyntax_701811,MobiFone góp 50% lợi nhuận VNPT,,20,,Khoa học,"Ngày 13/1/2009, MobiFone đã tổ chức Hội nghị triển khai kế hoạch năm 2009.",NamSyntax/vietnamese-news-classification
namsyntax_1146481,"Triệt phá đường dây cá độ bóng đá liên tỉnh, giao dịch 22 tỷ đồng",,60,,Pháp luật,"Công an tỉnh Quảng Bình cho biết, lực lượng phối hợp vừa phá chuyên án đánh bạc và tổ chức đánh bạc liên tỉnh bằng hình thức cá độ bóng đá, tạm giữ 7 đối tượng với số tiền đánh bạc hơn 22 tỷ đồng.",NamSyntax/vietnamese-news-classification
namsyntax_304072,Georgia: Sư tử bị bắn hạ vì dạo phố gần trường học,,37,,Thế giới,"Sau trận lũ lụt lịch sử, vườn thú tại thủ đô Tbilisi của Georgia đang phải nỗ lực bắt lại các động vật sổng chuồng.",NamSyntax/vietnamese-news-classification
namsyntax_1187931,"Điểm chuẩn Đại học Y khoa Phạm Ngọc Thạch 18,05-25,15",,37,,Giáo dục,"Trường áp dụng hai mức điểm chuẩn mỗi ngành cho thí sinh có hộ khẩu TP HCM hoặc không - đều cao hơn năm ngoái 0,5-1,5 điểm.",NamSyntax/vietnamese-news-classification
namsyntax_683140,Cẩm nang 18 mẹo dành cho BlackBerry,,34,,Khoa học,"– Những mẹo này sẽ giúp bạn thao tác nhanh hơn, quản lý tốt hơn, cũng như tận dụng được những tiện ích, ứng dụng của BlackBerry.",NamSyntax/vietnamese-news-classification
namsyntax_187712,Bàng hoàng mẹ ném con mới sinh xuống mương,,32,,Thời sự,"Công an tỉnh Bạc Liêu đã xác định được hung
thủ trong vụ “Bé sơ sinh bị bắt cóc thoát chết hy hữu”.",NamSyntax/vietnamese-news-classification
namsyntax_672144,Đại gia CES 2013 đua nhau khoe “hàng nóng”,,49,,Khoa học,"– Ngày 07/01/2013 (giờ Mỹ) là ngày “Press Day” của CES 2013. Đây là lúc các hãng tham gia triển lãm gặp gỡ giới báo chí và truyền thông. Rất nhiều công ty lớn như Qualcomm, Sony, Ford… đã tran",NamSyntax/vietnamese-news-classification
namsyntax_21847,TP HCM cấm xe đi dưới cầu vượt Nguyễn Hữu Cảnh ba đêm,,48,,Thời sự,"Từ 23h đến 4h ngày 16-18/11, xe bị cấm qua dạ cầu vượt Nguyễn Hữu Cảnh, quận Bình Thạnh, để kiểm định công trình sau sự cố đứt cáp, theo Sở Giao thông Vận tải.",NamSyntax/vietnamese-news-classification
namsyntax_1257802,Gian nan chọn học TOEIC,,41,,Giáo dục,"Năm học 2011-2012 sẽ có thêm 20 trường Đại học, Cao đẳng trên cả nước sử dụng
điểm chuẩn đầu ra TOEIC. Tuy nhiên không phải sinh viên nào cũng dễ dàng đạt
chuẩn điểm này.",NamSyntax/vietnamese-news-classification
namsyntax_784819,Liệu pháp miễn dịch kéo dài sự sống cho người ung thư gan,,50,,Sức khỏe,"Liệu pháp miễn dịch là dùng thuốc kích hoạt hệ thống miễn dịch của cơ thể, nhận diện và tiêu diệt tế bào ung thư gan, ngăn bệnh tiến triển, kéo dài sự sống cho bệnh nhân.",NamSyntax/vietnamese-news-classification
namsyntax_66136,Không gây khó khăn cho người rút bảo hiểm xã hội một lần,,47,,Thời sự,"Các cơ quan BHXH không được yêu cầu người lao động khi đến nộp hồ sơ trực tiếp phải đặt lịch làm việc, sau đó mới quay lại nộp hồ sơ BHXH một lần.",NamSyntax/vietnamese-news-classification
namsyntax_67493,"Xuất hiện hành vi ghép mặt, giọng nói giống hệt người thân để lừa đảo",,46,,Thời sự,"Các đối tượng sử dụng công nghệ Deepfake AI, tạo ra các sản phẩm công nghệ âm thanh, hình ảnh và video với độ chính xác rất cao để lừa đảo.",NamSyntax/vietnamese-news-classification
namsyntax_1301335,"Đi từ thiện, mẹ chồng 'chấm' nàng dâu mồ côi ngay cái nhìn đầu tiên",,55,,Đời sống,"Sau lần lên Gia Lai gặp cô gái mồ côi tên H'reo ở mái ấm, mẹ con Lộc bị kẹt lại vì dịch Covid, nhờ thế cặp đôi có thời gian tìm hiểu và làm đám cưới sau 6 tháng.",NamSyntax/vietnamese-news-classification
namsyntax_470674,"Dân công sở đua sắm quạt mini, điều hòa cầm tay",,55,,Kinh doanh,"Hàng loạt các thiết bị mini cắm cổng USB có tác dụng làm mát trong ngày
hè, phù hợp với những người thường xuyên sử dụng máy tính như: tủ lạnh,
quạt, máy điều hòa cầm tay… hiện đang rất “nóng” trên thị trường.",NamSyntax/vietnamese-news-classification
namsyntax_844752,Di chúc của Vanga và cuộc sống sau khi chết,,40,,Sức khỏe,"Những ngày cuối cùng trước khi mất, Vanga cho phép một người quen của mình, nhà tâm lý học và nhà báo Boyka Tsvetkova viết một cuốn sách về mình...",NamSyntax/vietnamese-news-classification
namsyntax_740156,Góc phong thủy: Đón vượng khí từ hướng đại lợi năm mới,,38,,Bất động sản,"Đầu năm xuất hành cầu phúc lộc, trong năm khai trương, động thổ, dựng nhà mở cửa... đều chọn hướng đại lợi để đón vượng khí.",NamSyntax/vietnamese-news-classification
namsyntax_1040386,"Trọng Tấn tặng vợ cả vườn hoa, Bằng Kiều gây bất ngờ quà 8/3 cho bạn gái kém 17 tuổi",,52,,Giải trí,"NSND Trung Hiếu, NSƯT Võ Hoài Nam, ca sĩ Trọng Tấn, Bằng Kiều dành lời tốt đẹp nhất tặng vợ và những người phụ nữ trên toàn thế giới nhân dịp 8/3.",NamSyntax/vietnamese-news-classification
namsyntax_65059,Trăn quý hiếm nặng 32kg bò vào nhà dân ở Hà Tĩnh,,43,,Thời sự,"Khoảng 20h30 tối 19/6, một hộ dân ở thôn Vĩnh Phú (xã Hộ Độ, huyện Lộc Hà) hoảng hốt phát hiện con trăn đất đang bò vào vườn nhà bắt gà.",NamSyntax/vietnamese-news-classification
namsyntax_599072,Khu Vườn Trên Mây là game Việt duy nhất giành chiến thắng tại IMGA Global,,47,,Khoa học,"Vượt qua hàng nghìn đối thủ nặng ký,”Khu Vườn Trên Mây” của VNG đã xuất sắc giành được giải “Game được cộng đồng yêu thích nhất” tại IMGA Global lần thứ 13.",NamSyntax/vietnamese-news-classification
namsyntax_1089652,Tài tử 'Giày thủy tinh' Han Jae Suk xuất hiện điển trai bên Lý Nhã Kỳ,,48,,Giải trí,"Chiều 8/10, diễn viên nổi tiếng người Hàn Quốc Han Jae Suk đã góp mặt trong buổi họp báo ra mắt dự án phim ""Thiên đường"", đóng cặp cùng Lý Nhã Kỳ.",NamSyntax/vietnamese-news-classification
namsyntax_698815,VinaPhone tặng nhà tình nghĩa,,28,,Khoa học,VinaPhone tặng nhà tình nghĩa trị giá 40 triệu đồng cho mẹ Nguyễn Thị Sáu ở Quảng Nam có chồng là liệt sĩ.,NamSyntax/vietnamese-news-classification
namsyntax_991183,"Dù tỏa sáng, Chelsea vẫn sẽ bán Drogba?",,48,,Thể thao,"Tiền đạo người Bờ Biển Ngà đang là anh hùng của CLB thành London khi ghi
bàn thắng duy nhất giúp Chelsea chiến thắng Barca ở lượt đi bán kết
Champions League trên đất Anh đêm thứ Năm vừa rồi.",NamSyntax/vietnamese-news-classification
namsyntax_1242012,Bạn biết gì về những nhà tình báo kiệt xuất của Việt Nam?,,39,,Giáo dục,"Lực lượng Tình báo quân sự bắt nguồn từ phòng Tình báo Quân ủy hội do ông Hoàng Minh Đạo phụ trách, thành lập ngày 25/10/1945.",NamSyntax/vietnamese-news-classification
namsyntax_319181,Nga ồ ạt sản xuất tàu ngầm tấn công khủng,,37,,Thế giới,"Trong năm 2012, Nga sẽ trình diện một loạt các tàu ngầm hạt nhân tấn công chiến lược với các công nghệ và vũ khí tối tân.",NamSyntax/vietnamese-news-classification
namsyntax_185008,Bắt gọn một 'đinh tặc',,40,,Thời sự,"Chiều 10/11, đội Cảnh sát điều tra về trật tự xã hội quận Thủ Đức đã tiến
hành khám xét tiệm sửa xe số 20/11A Xa lộ Hà Nội (P.Linh Trung, Q. Thủ Đức,
TP.HCM).",NamSyntax/vietnamese-news-classification
namsyntax_1173667,"Mèo bị sung công, đấu giá do ông chủ thua kiện",,55,,Pháp luật,"Trung Quốc - Một con mèo mướp ở tỉnh Giang Tô sắp được Tòa án đấu giá với mức khởi điểm 500 tệ (1,8 triệu đồng) do người chủ bị kiện đòi nợ, toàn bộ tài sản bị tịch thu, gồm cả chú mèo.",NamSyntax/vietnamese-news-classification
namsyntax_462581,Agribank tiên phong triển khai dịch vụ ngân hàng tại Lào,,52,,Kinh doanh,Ngân hàng Nông nghiệp và Phát triển Nông thôn Việt Nam (Agribank) đã ký kết Thỏa thuận hợp tác Thanh toán biên mậu qua hình thức ngân hàng trực tuyến (Internet banking) với Ngân hàng Phát triển Nông nghiệp Lào (APB),NamSyntax/vietnamese-news-classification
namsyntax_603985,Hành trình đưa Apple từ,,36,,Khoa học,"Apple từ một công ty đứng trước bờ vực phá sản đã hồi sinh mạnh mẽ nhờ sự trở về của Steve Jobs, người trước đó bị chính Apple sa thải.",NamSyntax/vietnamese-news-classification
namsyntax_1290270,"Bạn trai theo ý mẹ từ việc chọn ga giường cưới, cô gái quyết định hủy hôn",,61,,Đời sống,"Phụ nữ cần gì khi kết hôn với một người đàn ông? Họ cần một người đàn ông trưởng thành, chấp nhận vấp ngã để lớn lên chứ không phải ""con trai cưng của mẹ"" cả đời núp bóng mẹ để được an toàn.",NamSyntax/vietnamese-news-classification
namsyntax_1164349,"Đốt nhà, rượt chém người tình đồng giới trong đêm",,44,,Pháp luật,"Cà Mau - Trần Ngọc Linh, 32 tuổi, bị cáo buộc tạt xăng đốt nhà, cầm dao rượt chém người tình đồng giới giữa đêm khuya sau khi níu kéo tình cảm bất thành.",NamSyntax/vietnamese-news-classification
namsyntax_368355,Đằng sau chuyện thay tướng của Starbucks,,32,,Kinh doanh,"Chuỗi cà phê lớn nhất thế giới vừa thay CEO thứ ba trong hơn 2 năm, kỳ vọng chặn lại đà giảm vài năm qua.",NamSyntax/vietnamese-news-classification
namsyntax_1080338,Nhan sắc trong veo của dược sĩ Thái Lan đăng quang Hoa hậu Quốc tế 2019,,38,,Giải trí,"Sireethorn Leigharamwat - dược sĩ 25 tuổi đến từ Thái Lan - vượt 82 người đẹp, giành vương miện Miss International 2019.",NamSyntax/vietnamese-news-classification
namsyntax_721399,Lợi thế hạ tầng nâng tầm BĐS nghỉ dưỡng Bảo Lộc,,61,,Bất động sản,"Được định hướng trở thành đô thị trọng điểm Nam Tây Nguyên, TP. Bảo Lộc đang sở hữu những nút giao thông quan trọng, nắm vai trò liên kết khu vực. Đó cũng là nền tảng để phát triển các khu nghỉ dưỡng cao cấp tại thành phố du lịch.",NamSyntax/vietnamese-news-classification
namsyntax_1201377,Điểm chuẩn ngành hot ĐH Khoa học Tự nhiên TP HCM có thể tăng,,42,,Giáo dục,"Điểm chuẩn những ngành hot của Đại học Khoa học Tự nhiên TP HCM như Công nghệ thông tin, Khoa học máy tính được dự đoán tăng nhẹ.",NamSyntax/vietnamese-news-classification
namsyntax_1320704,Bạn đang âm thầm hại con khi để mặc trẻ dùng thiết bị thông minh,,73,,Đời sống,"Theo các chuyên gia tâm lý, việc dành quá nhiều thời gian trên smartphone và máy tính bảng là một yếu tố làm gia tăng các chứng bệnh về tâm thần ở trẻ em, như tình trạng trầm cảm, lo âu rối loạn cảm xúc, rối loạn thiếu tập trung, rối loạn tập trung, rối loạn hành vi...",NamSyntax/vietnamese-news-classification
namsyntax_1261458,Người mẹ hiền của tôi,,25,,Đời sống,"Dù các con đã lớn nhưng mẹ vẫn tần tảo, lo lắng và dành tình yêu thương vô bờ bến.",NamSyntax/vietnamese-news-classification
namsyntax_439035,Miễn visa cho công dân 5 nước Tây Âu thêm 3 năm,,39,,Kinh doanh,"Việt Nam tiếp tục gia hạn miễn thị thực nhập cảnh cho công dân 5 nước Tây Âu thêm 3 năm nữa, tức là đến ngày 30/6/2021.",NamSyntax/vietnamese-news-classification
namsyntax_157812,"'Múa súng' tại trụ sở UB quận, hàng chục người hoảng loạn",,45,,Thời sự,"Cho rằng cán bộ UBND Q.Tân Phú, TP.HCM “làm khó” trong việc chứng thực
giấy tờ, đối tượng rút súng uy hiếp làm hàng chục cán bộ, người dân một
phen hoảng loạn.",NamSyntax/vietnamese-news-classification
namsyntax_1217841,Vị tướng nào giỏi ngoại ngữ nhất sử Việt?,,34,,Giáo dục,"Vị tướng này rất giỏi ngoại ngữ, biết nhiều thứ tiếng khác nhau. Nhờ vậy, ông đã lập được chiến công trên nhiều lĩnh vực.",NamSyntax/vietnamese-news-classification
namsyntax_712937,Căn nhà có bức tường cắt vát,,35,,Bất động sản,"Căn nhà trên mảnh đất hình thang rộng 48 m2 ở cuối con ngõ thuộc thành phố Hải Dương gây ấn tượng bởi mặt tiền ""chẳng giống ai"".",NamSyntax/vietnamese-news-classification
namsyntax_1156872,Tôi phải làm gì để được nhận tiền từ Quỹ bảo hiểm thất nghiệp?,,35,,Pháp luật,"Theo Nghị quyết 116/NQ-CP ngày 24/9/2021, tôi thuộc diện được nhận hỗ trợ từ Quỹ bảo hiểm thất nghiệp. (Đình An)",NamSyntax/vietnamese-news-classification
namsyntax_662064,"Ngắm nhìn nữ vương Asmodeus, nữ hoàng của bóng đêm",,32,,Khoa học,Hãy cùng chiêm ngưỡng vẻ đẹp mê hoặc của Asmodeus qua bộ ảnh cosplay của nhiếp ảnh gia nổi tiếng  Mengjie Luan.,NamSyntax/vietnamese-news-classification
namsyntax_1337322,Dù cho ai nói gì tôi cũng KHÔNG ở nhà chăm con,,29,,Đời sống,"Đối với tôi, yêu con không có nghĩa là lúc nào cũng phải ở bên cạnh con.",NamSyntax/vietnamese-news-classification
namsyntax_1119626,Mại dâm sau sàn diễn!,,24,,Giải trí,"Nhiều mẫu trẻ, kể cả siêu mẫu, vẫn dễ sa chân vào tệ mại dâm bất cứ lúc nào.",NamSyntax/vietnamese-news-classification
namsyntax_1129056,Vụ án bắt cóc cháu trai của tỷ phú,,38,,Pháp luật,"Mỹ - Cháu trai bị mafia Italy bắt cóc, đòi tiền chuộc tới 17 triệu USD song người giàu nhất thế giới năm 1973 chưa sẵn lòng chi trả.",NamSyntax/vietnamese-news-classification
namsyntax_1240638,Hội phụ huynh trả lại 332 triệu đã thu,,53,,Giáo dục,"Lãnh đạo Trường tiểu học Hoàng Diệu Thủ Đức, TP.HCM, cho biết Ban đại diện phụ huynh làm thì phải chịu trách nhiệm lại và sáng nay, Ban đại diện cha mẹ học sinh của trường thực hiện trả lại tiền cho phụ huynh.",NamSyntax/vietnamese-news-classification
namsyntax_209920,Cựu binh lao thiết giáp vào sở chỉ huy lục quân Mỹ,,41,,Thế giới,"Cựu binh Lacy đánh cắp thiết giáp Humvee rồi lao xe vào tòa nhà đặt sở chỉ huy của lục quân Mỹ tại căn cứ Fort Stewart, bang Georgia.",NamSyntax/vietnamese-news-classification
namsyntax_161913,Hai công an bị xe tải cuốn vào gầm,,37,,Thời sự,"Sau cú va chạm, cả hai nạn nhân mặc sắc phục công an ngã văng xuống đường rồi bị xe tải cuốn vào gầm, kéo lê nhiều mét.",NamSyntax/vietnamese-news-classification
namsyntax_891801,Ngannou nhận thù lao lớn nhất sự nghiệp khi đấu Joshua,,44,,Thể thao,"Cựu vô địch hạng nặng UFC Francis Ngannou sẽ bỏ túi 20 triệu USD khi thượng đài với Anthony Joshua, nhưng vẫn thua xa số tiền mà võ sĩ người Anh nhận được.",NamSyntax/vietnamese-news-classification
namsyntax_1332220,Chiêm ngưỡng những khu vườn tiền tỷ giữa thủ đô,,44,,Đời sống,"Với niềm say mê vô bờ bến, các ""lão nông"" Hà thành đã tạo ra những
vườn cây độc đáo, quý hiếm khiến người trong nghề thán phục, khách hàng
cả nước xuýt xoa.",NamSyntax/vietnamese-news-classification
namsyntax_842146,Có gì bên trong một chiếc xúc xích?,,33,,Sức khỏe,"Một chiếc xúc xích chứa tới 30% chất béo, 10% nước và các chất bảo quản, tạo màu độc hại như natri nitrat, natri erythorbate...",NamSyntax/vietnamese-news-classification
namsyntax_380734,Hướng đi mới của bất động sản công nghiệp,,62,,Kinh doanh,"Theo ông Trương Khắc Nguyên Minh - Phó TGĐ Prodezi Long An, các chính sách về tái cấu trúc không gian, nâng chất hạ tầng, thúc đẩy kinh tế xanh cho thấy Việt Nam đang chuyển sang mô hình công nghiệp bền vững hơn, tạo ra cả cơ hội và thách thức     .",NamSyntax/vietnamese-news-classification
namsyntax_361370,Chiến lược nâng chất lượng và hạ giá thành sản phẩm của WinCommerce,,47,,Kinh doanh,"Ứng dụng trí tuệ nhân tạo vào mảng logistics giúp chi phí cung ứng trên mỗi sản phẩm của WinCommerce giảm 13%, góp phần giảm giá sản phẩm khi tới tay người tiêu dùng.",NamSyntax/vietnamese-news-classification
namsyntax_593938,"Samsung ra mắt Galaxy S8+ màu tím khói tại Việt Nam, giá không đổi",,47,,Khoa học,Phiên bản Galaxy S8+ màu tím khói sẽ bổ sung vào dải sản phẩm màu sắc khá đa dạng đã được Samsung tung ra lần đầu. Giá bán máy vẫn là 20.490.000 đồng.,NamSyntax/vietnamese-news-classification
namsyntax_793422,Tại sao ung thư gan dù không uống rượu bia?,,46,,Sức khỏe,"Nhiều người cho rằng chỉ uống rượu mới mắc ung thư gan mà không biết rằng thói quen ăn uống, vận động hay cân nặng cũng góp phần làm tăng nguy cơ phát triển bệnh này.",NamSyntax/vietnamese-news-classification
namsyntax_609347,Đã có 33 thủ tục hành chính được đưa lên Cơ chế một cửa quốc gia,,68,,Khoa học,"Đến nay đã có 10 bộ, ngành tham gia thực hiện Cơ chế một cửa quốc gia với 33 thủ tục hành chính được đưa lên. Tổng số hồ sơ hành chính đã được xử lý trên Cổng thông tin một cửa quốc gia https://vnsw.gov.vn tính đến ngày 1/8/2016 là 150.000 bộ.",NamSyntax/vietnamese-news-classification
namsyntax_737290,Những mẫu phòng tắm đẹp tinh tế mà những căn nhà hiện đại nhất định phải có,,43,,Bất động sản,Những mẫu phòng tắm dưới đây sẽ chinh phục bất cứ chủ nhà khó tính nào bởi vẻ đẹp tinh tế và hiện đại của chúng.,NamSyntax/vietnamese-news-classification
namsyntax_390792,"Giá xăng dầu đồng loạt giảm, RON 95 mất mốc 25.000 đồng/lít",,45,,Kinh doanh,"Giá xăng trong nước hôm nay (25/4) được liên bộ Công Thương - Tài chính điều chỉnh giảm. Mỗi lít xăng RON 95 giảm 320 đồng, giá bán xuống dưới mức 25.000 đồng/lít.",NamSyntax/vietnamese-news-classification
namsyntax_1052970,"3 người đẹp được bạn trai ủng hộ thi hoa hậu: Ý Nhi, Doãn Hải My gây chú ý",,49,,Giải trí,"Huỳnh Trần Ý Nhi, Doãn Hải My, Phương Nga là những người đẹp nhận được sự ủng hộ, động viên tinh thần của bạn trai khi đi thi nhan sắc.",NamSyntax/vietnamese-news-classification
namsyntax_692611,Samsung N230 siêu mỏng ra mắt,,35,,Khoa học,– Samsung vừa cho ra mắt phiên bản mới siêu mỏng của sản phẩm này mang tên Samsung N230 Slim đúng một tháng sau khi ra mắt netbook N230.,NamSyntax/vietnamese-news-classification
namsyntax_1034949,Êkíp 'Đường tới thành Thăng Long' nỗ lực chiếu phim sau 15 năm,,42,,Giải trí,"Series ""Đường tới thành Thăng Long"" được êkíp chỉnh sửa, áp dụng công nghệ AI, để hoàn thiện và ra mắt khán giả sau 15 năm vướng tranh cãi.",NamSyntax/vietnamese-news-classification
namsyntax_1107689,Dừng phát hành “Sẹo độc lập” của Phan Huyền Thư,,48,,Giải trí,"Do những lùm xùm xung quanh tập thơ “Sẹo độc lập” nên Công ty Cổ phần
Văn hóa và Truyền thông Nhã Nam đã phát đi một thông báo dừng phát hành
tập thơ này trên toàn quốc.",NamSyntax/vietnamese-news-classification
namsyntax_265436,"Vượt cửa tử, người vợ kể bi kịch bị chồng mưu sát chiếm tiền bảo hiểm",,29,,Thế giới,Wang Nan đã bị chồng mưu sát để chiếm đoạt tiền bảo hiểm.,NamSyntax/vietnamese-news-classification
namsyntax_1200556,Geniebook - nền tảng giáo dục trực tuyến Singapore có mặt tại Hà Nội,,44,,Giáo dục,"Geniebook mở chi nhánh tại quận Cầu Giấy, mang đến cho học sinh Hà Nội cơ hội trải nghiệm phương pháp học tập cá nhân hóa nhờ công nghệ AI.",NamSyntax/vietnamese-news-classification
namsyntax_152099,Thời sự trong ngày: Siêu lừa trên Facebook,,49,,Thời sự,"Phó Thủ tướng yêu cầu xử nghiêm vụ chặt cây xanh; Máy bay ""siêu tải"" của không quân Hoa Kỳ tại Đà Nẵng; Chưa phát hiện máy bay rơi gần Trường Sa; Phan Hiển vào viện chăm sóc cho Khánh Thi",NamSyntax/vietnamese-news-classification
namsyntax_1074471,Nhà thiết kế xinh đẹp tự tử ở tuổi 37,,38,,Giải trí,"Nhà thiết kế nữ trang Hilary Tisch, con gái của Chủ tịch của đội bóng bầu dục New York Giants đã qua đời ngày 10/8 do tự sát.",NamSyntax/vietnamese-news-classification
namsyntax_112684,"Đường tạm cao tốc Nội Bài - Lào Cai sạt lở, cấm xe tải trọng lớn",,43,,Thời sự,"Đường tạm sát cầu Ngòi Thủ tại Km136 cao tốc Nội Bài - Lào Cai bị sạt lở, khiến xe tải trọng lớn không thể lưu thông.",NamSyntax/vietnamese-news-classification
namsyntax_1233633,"Nữ sinh lớp 9 bị đánh hội đồng, xé áo trước cổng trường",,53,,Giáo dục,"Do xích mích từ trước, một nữ sinh lớp 6 đã gọi một số người khác tới cổng Trường THCS Hồng Thái Đông (TX Đông Triều, Quảng Ninh) để đánh một nữ sinh lớp 9 khiến em này nhập viện.",NamSyntax/vietnamese-news-classification
namsyntax_808587,Biến chứng ngưng thở khi ngủ không được điều trị,,34,,Sức khỏe,"Ngưng thở khi ngủ không được điều trị có thể dẫn đến huyết áp cao, tiểu đêm, giảm khả năng tư duy, mộng du.",NamSyntax/vietnamese-news-classification
namsyntax_419078,"Dồn hết cho tham vọng cuối, Bầu Đức có tin vui sau 10 năm vất vả",,66,,Kinh doanh,Ông Đoàn Nguyên Đức (Bầu Đức) đón tin vui sau một thời gian dài vật lộn tái cấu trúc các doanh nghiệp. Hầu hết các dự án lớn của doanh nhân phố núi gặp khó khăn và đây có lẽ là tham vọng lớn cuối cùng của đại gia này.,NamSyntax/vietnamese-news-classification
namsyntax_715073,Các lưu ý khi thiết kế nhà bếp ngoài trời,,32,,Bất động sản,"Nhà bếp ngoài trời nên được chú trọng vào nội thất, mái hiên hoặc sàn thay vì các thiết bị nấu ăn.",NamSyntax/vietnamese-news-classification
namsyntax_849354,5 hành vi tình dục nguy hiểm nhất,,47,,Sức khỏe,"Dưới đây là 5 hành vi quan hệ tình dục khiến bạn có nguy cơ mắc các
rủi ro bệnh tật cao hơn cả, bao gồm các bệnh lây truyền qua đường tình
dục, mang thai ngoài ý muốn.",NamSyntax/vietnamese-news-classification
namsyntax_28833,"Đồng bằng Bắc Bộ nồm ẩm, Tây Bắc nắng 33 độ C",,43,,Thời sự,"Khu vực đồng bằng, ven biển Bắc Bộ tuần tới trời nồm, nhà cửa ẩm ướt, Tây Bắc Bộ nóng 29-33 độ, Nam Bộ tiếp tục nắng nóng 35-37 độ C.",NamSyntax/vietnamese-news-classification
namsyntax_369902,Sứ Long Phương đạt 'Thương hiệu quốc gia Việt Nam 2024',,40,,Kinh doanh,Hà Nội - Doanh nghiệp lần thứ hai liên tiếp nhận vinh danh nhờ cung cấp sản phẩm sứ chất lượng ra thị trường trong nước và quốc tế.,NamSyntax/vietnamese-news-classification
namsyntax_1090625,"Nguyệt 'thảo mai' đã là gì, đây mới là những nhân vật bị ghét nhất màn ảnh",,55,,Giải trí,"Cơn sốt “chị Nguyệt” trong ""Phía trước là bầu trời"" từng khuấy đảo mạng xã hội và truyền thông. Ngoài nhân vật này, màn ảnh Việt còn không ít những nhân vật thảo mai “thượng thừa” không kém.",NamSyntax/vietnamese-news-classification
namsyntax_1141473,Lời khai tàn nhẫn của kẻ đâm gần 100 nhát dao giết nữ chủ quán cà phê,,41,,Pháp luật,Nghi can bị bắt sau một tuần trốn chạy và thừa nhận sát hại bà chủ quán cà phê rồi đốt xác phi tang.,NamSyntax/vietnamese-news-classification
namsyntax_744079,Vinhomes Royal Island ‘hút’ giới thượng lưu,,47,,Bất động sản,"Ngay từ khi ra mắt, Vinhomes Royal Island (Vũ Yên, Hải Phòng) nhanh chóng được giới thượng lưu săn đón bởi sở hữu loạt ưu thế vượt trội, với dự báo tiềm năng sinh lời bền vững trong tương lai.",NamSyntax/vietnamese-news-classification
namsyntax_111907,"Đà Nẵng phạt hơn 1 tỷ, cấm hai nhà máy thép hoạt động nửa năm",,49,,Thời sự,Phó chủ tịch UBND TP Đà Nẵng Hồ Kỳ Minh cùng lúc ký các quyết định xử phạt mạnh tay với hai nhà máy thép ô nhiễm DANA - Ý và DANA - ÚC.,NamSyntax/vietnamese-news-classification
namsyntax_45710,"Nhiều chủ tịch, bí thư xã ở Nghệ An bất ngờ phải quay lại làm việc sau 6 tháng nghỉ hưu",,65,,Thời sự,"11 cán bộ tại 8 xã ở Nghệ An đã nghỉ hưu từ nửa năm trước, tuy nhiên, mới đây, họ phải quay lại làm việc. Lý do là huyện Quỳnh Lưu ban hành quyết định nghỉ hưu khi chưa xin ý kiến tỉnh.",NamSyntax/vietnamese-news-classification
namsyntax_1068152,Hậu trường cảnh quay tình cảm của Phương Oanh - Mạnh Trường,,36,,Giải trí,Trên phim chỉ có Long và Nam nhưng thực chất có cả một ê kíp đông nghịt vây quanh Phương Oanh và Mạnh Trường.,NamSyntax/vietnamese-news-classification
namsyntax_263390,"Mỹ chìm sâu trong dịch Covid-19, thêm một nước dỡ bỏ hạn chế",,38,,Thế giới,Mỹ chìm sâu hơn trong đại dịch Covid-19 trong khi Đan Mạch sẽ dỡ bỏ hoàn toàn các hạn chế phòng dịch từ 10/9 tới.,NamSyntax/vietnamese-news-classification
namsyntax_1137317,Trộm đu dây vào cửa hàng lấy két sắt và xe máy,,33,,Pháp luật,"Kẻ trộm cắt mái tôn, đu dây vào cửa hàng xe gắn máy lấy trộm xe và két sắt chứa tiền.",NamSyntax/vietnamese-news-classification
namsyntax_122480,Kiểm tra chuyên ngành như rừng rậm không lối ra,,54,,Thời sự,"“Đi kiểm tra thử một buổi mới thấy kiểm tra chuyên ngành cực khó, bước vào lãnh địa đó như một mớ rừng rậm không lối ra, chúng ta còn khó mò chứ đừng nói tới DN” - Bộ trưởng Mai Tiến Dũng nói.",NamSyntax/vietnamese-news-classification
namsyntax_788496,Vaccine sốt xuất huyết liều đơn mới hiệu quả bảo vệ 80%,,38,,Sức khỏe,"Loại vaccine ngừa sốt xuất huyết mới do các nhà khoa học Brazil nghiên cứu hiệu quả khoảng 80%, dự kiến xin cấp phép năm 2025.",NamSyntax/vietnamese-news-classification
namsyntax_1249220,Sinh viên kể chuyện khiếm nhã khi làm DJ ở bar,,44,,Giáo dục,"""Nhiều lần mình bị nhắn tin, gọi điện. Họ buông lời khiếm nhã. Có
người không làm quen được, quay sang chửi bới, dọa nạt"" - Thu Ly (SV ĐH
Thăng Long) kể.",NamSyntax/vietnamese-news-classification
namsyntax_1291648,"Nghe câu nói của mẹ, 8X Nghệ An từ bỏ ma túy, hoàn lương giúp đỡ cộng đồng",,59,,Đời sống,"Nghiện rồi vào tù ra tội vì ma túy, 8X ở Nghệ An từng muốn quyên sinh. Thế nhưng, tiếng khóc cùng câu nói của mẹ đã khiến anh từ bỏ “cái chết trắng”, hoàn lương để giúp đỡ cộng đồng.",NamSyntax/vietnamese-news-classification
namsyntax_791723,Phát hiện thêm chất lạ trong men gạo đỏ Nhật gây chết người,,39,,Sức khỏe,Bộ Y tế Nhật Bản ghi nhận thêm hai hợp chất lạ có trong sản phẩm chứa men gạo đỏ (beni kо̄ji) của hãng dược Kobayashi.,NamSyntax/vietnamese-news-classification
namsyntax_978551,"MU thưởng lớn De Gea, Wenger chặn Sanchez sang Chelsea",,39,,Thể thao,"HLV Wenger không cho phép Alexis Sanchez đào tẩu sang Chelsea, MU tăng lương để giữ chân De Gea và Romero, Rashford sẽ được Mourinho trao thêm cơ hội...",NamSyntax/vietnamese-news-classification
namsyntax_918609,Hé lộ mục tiêu chuyển nhượng 'bom tấn' MU bỏ lỡ hồi hè,,42,,Thể thao,"Dù chi tiêu mạnh tay ở kỳ chuyển nhượng hè 2024, MU vẫn thất bại trong việc chiêu mộ một mục tiệu quan trọng - đó là Xavi Simons.",NamSyntax/vietnamese-news-classification
namsyntax_1160541,Giám định tâm thần với ông trùm đường dây đánh bạc 2.100 tỷ đồng,,48,,Pháp luật,"TP HCM - Đại ca giang hồ Nguyễn Văn Điền, 47 tuổi, nghi phạm tổ chức đường dây đánh bạc 2.100 tỷ đồng, được luật sư của mình đề nghị giám định tâm thần.",NamSyntax/vietnamese-news-classification
namsyntax_534550,Ba vị trí cần tránh khi đặt bộ phát wifi,,37,,Khoa học,"Việc đặt router wifi ở gần lò vi sóng, thiết bị Bluetooth hay gần các vật kim loại có thể khiến kết nối Internet bị yếu đi.",NamSyntax/vietnamese-news-classification
namsyntax_822279,Thu hồi ngay lô sữa tắm dầu dừa kém chất lượng,,36,,Sức khỏe,"Cục Quản lý dược (Bộ Y tế) vừa có quyết định đình chỉ lưu hành, thu hồi lô sữa tắm dầu dừa kém chất lượng.",NamSyntax/vietnamese-news-classification
namsyntax_792310,BioLG Bổ Tỳ Ăn Ngon - giải pháp cho trẻ biếng ăn,,46,,Sức khỏe,"BioLG Bổ Tỳ Ăn Ngon chứa Probiotic, Prebiotic, Enzyme tiêu hóa, thảo dược bổ tỳ và vi chất dinh dưỡng, đem lại tác dụng giúp ăn ngon miệng, hỗ trợ kích thích tiêu hóa.",NamSyntax/vietnamese-news-classification
namsyntax_165730,Chốt án kỷ luật cán bộ dính vụ Cát Tường,,53,,Thời sự,"UBND quận Hai Bà Trưng vừa quyết định hình thức kỷ luật cụ thể đối với một số cán bộ có trách nhiệm trong vụ việc chết người xảy ra tại Thẩm mỹ viện Cát Tường, phường Đồng Tâm, quận Hai Bà Trưng.",NamSyntax/vietnamese-news-classification
namsyntax_316701,Triều Tiên đạt bước tiến hạt nhân quan trọng,,58,,Thế giới,"Triều Tiên đã đạt được một bước tiến chủ chốt trong việc xây dựng một lò phản
ứng nước nhẹ tại khu tổ hợp hạt nhân chính tại Yongbyon, một chuyên gia Mỹ cho biết sau khi phân tích bức ảnh vệ tinh chụp cơ sở hạt nhân này.",NamSyntax/vietnamese-news-classification
namsyntax_145427,Nguyên bí thư 2 tỉnh về làm thứ trưởng 2 bộ,,48,,Thời sự,"Nguyên Phó Ban Kinh tế TƯ, Bí thư Tỉnh ủy Đồng Tháp về giữ chức Thứ trưởng Nội vụ, nguyên Bí thư Thừa Thiên - Huế làm Thứ trưởng Văn hóa - Thể thao - Du lịch.",NamSyntax/vietnamese-news-classification
namsyntax_10283,Ông Võ Văn Thưởng giữ chức Thường trực Ban Bí thư,,42,,Thời sự,"Tổng bí thư, Chủ tịch nước Nguyễn Phú Trọng trao quyết định của Bộ Chính trị phân công ông Võ Văn Thưởng giữ chức Thường trực Ban Bí thư, sáng 6/2.",NamSyntax/vietnamese-news-classification
namsyntax_1022511,Những thiết kế 'cháy' hàng nhờ Jennie Blackpink,,29,,Giải trí,"Nhiều món Jennie - ca sĩ nhóm Blackpink - khoác lên người đều ""cháy hàng"" sau thời gian ngắn mở bán.",NamSyntax/vietnamese-news-classification
namsyntax_163329,Cách chức sếp sàm sỡ nhân viên khi trực đêm,,40,,Thời sự,"Theo đơn tố cáo, vào ngày 1/1/2012, bà N. trực đêm với bác sĩ
Thịnh.
Đến khoảng 21h, vị trưởng khoa chốt cửa, ôm nữ đồng nghiệp
rồi sàm sỡ.",NamSyntax/vietnamese-news-classification
namsyntax_183531,Toàn cảnh vụ nổ xe máy kinh hoàng tại Bắc Ninh,,57,,Thời sự,"Chỉ vì những mâu thuẫn lặt vặt trong cuộc sống, người em rể nhẫn tâm đặt
thuốc nổ lên chiếc xe máy của anh vợ để hãm hại, cướp đi vĩnh viễn 3
mạng người, khiến bất kỳ ai nghĩ tới cũng không khỏi rùng mình.",NamSyntax/vietnamese-news-classification
namsyntax_155232,Bắt 2 kẻ trộm tài sản của đại biểu Quốc hội Trần Du Lịch,,60,,Thời sự,"Khi đại biểu quốc hội Trần Du Lịch dừng ô tô đổ xăng thì 2 đối tượng nhanh chóng tiếp cận, rồi lén lở cửa ô tô, trộm ví tiền có 50 triệu đồng cùng máy đo cự ly đánh golf có giá 12 ngàn USD.",NamSyntax/vietnamese-news-classification
namsyntax_1279365,Hội chứng kiệt sức của Gen Z,,45,,Đời sống,"Khóc mỗi lần chạy deadline, sợ đi làm và cảm thấy mình vô dụng là những gì Khánh An, cô gái 24 tuổi trải qua khi bị hội chứng ""burn out"" (kiệt sức) hành hạ nhiều tháng qua.",NamSyntax/vietnamese-news-classification
namsyntax_745513,"Mất 4,5 tỷ để chuyển đổi 300m2 đất vườn: Lãnh đạo Sở nêu điều bất cập",,54,,Bất động sản,"Liên quan đến việc hộ dân đóng tiền thuế chuyển đổi mục đích sử dụng đất quá cao, lãnh đạo Sở NN&MT tỉnh Nghệ An cho rằng cơ chế chuyển đổi đất theo luật mới có bất cập.",NamSyntax/vietnamese-news-classification
namsyntax_711808,Những bứt phá công nghệ của Intel năm 2006,,18,,Khoa học,Những bứt phá công nghệ của Intel năm 2006,NamSyntax/vietnamese-news-classification
namsyntax_1248404,Chiếc ‘đồng hồ báo thức’ di động của học sinh Chứt,,58,,Giáo dục,"Đã 6 năm qua, ngày nào cũng vậy, khi mọi người đang chìm trong giấc ngủ thì Trung tá Dương Thanh Tịnh thức dậy từ lúc tinh mơ, đi từng gian nhà sàn, gõ từng cánh cửa, gọi từng em học sinh dân tộc Chứt tới trường.",NamSyntax/vietnamese-news-classification
namsyntax_300512,Mỹ tiêu diệt thủ lĩnh tài chính của IS,,42,,Thế giới,"Mới đây, liên quân do Mỹ dẫn đầu đã tiêu diệt được thủ lĩnh phụ trách tài chính của phiến quân IS, cùng hai phần tử chuyên gây quỹ cho tổ chức này.",NamSyntax/vietnamese-news-classification
namsyntax_1186587,Chú rể sát hại dã man đứa cháu 9 tuổi,,44,,Pháp luật,"(VietNamNet) - Xác cháu bé được tìm thấy trong một bao tải màu vàng, trên đỉnh núi Mõ Ba,
huyện Thủy Nguyên – Hải Phòng. Nghi phạm được xác định là người chú rể.",NamSyntax/vietnamese-news-classification
namsyntax_885569,Guardiola: 'Ngoại hạng Anh quan trọng nhất',,34,,Thể thao,Anh - HLV Pep Guardiola đề cao tầm quan trọng và ý nghĩa của Ngoại hạng Anh trong ba danh hiệu mà Man City đang nhắm tới.,NamSyntax/vietnamese-news-classification
namsyntax_1245789,Thủ tướng yêu cầu đưa đầy đủ chủ quyền biển đảo vào SGK mới,,62,,Giáo dục,"Phó Thủ tướng Vũ Đức Đam vừa ký văn bản truyền đạt ý kiến Thủ tướng
Chính phủ trả lời chất vấn của đại biểu quốc hội Dương Trung Quốc, đoàn đại
biểu tỉnh Đồng Nai về việc đưa vấn đề biển đảo vào chương trình giáo
dục.",NamSyntax/vietnamese-news-classification
namsyntax_282949,Câu chuyện về ngôi sao mạng xã hội 11 tuổi trong dáng hình của bà lão 90,,83,,Thế giới,"Adalia mắc căn bệnh lão hóa sớm thể hiếm. Trên thế giới chỉ có khoảng 500 người mắc chứng bệnh này. Ở tuổi 11, cô bé thấp còi, nhăn nheo như bà lão 90, nhưng vẫn mang một tâm hồn lạc quan, mạnh mẽ. Facebook của Adalia có tới 14 triệu người theo dõi, đông không kém gì một ngôi sao trong lĩnh vực giải trí.",NamSyntax/vietnamese-news-classification
namsyntax_362999,Ba yếu tố tạo lợi thế cạnh tranh cho Bếp Hoa,,38,,Kinh doanh,"Thực đơn đa dạng, mang đến nhiều trải nghiệm cùng hệ thống kinh doanh đồng bộ giúp Bếp Hoa tạo lợi thế cạnh tranh trên thị trường.",NamSyntax/vietnamese-news-classification
namsyntax_1183152,'Nữ quái' thoát án tử ngoạn mục nhờ đưa Tàng Kengnam vào 'bẫy',,30,,Pháp luật,"Nữ quái đã khiến Tàng
Kengnam ""sập bẫy"" cảnh sát thoát án tử một cách ngoạn mục.",NamSyntax/vietnamese-news-classification
namsyntax_1315733,Đẩy mạnh truy quét thuốc lá điếu nhập lậu,,38,,Đời sống,Hàng triệu gói thuốc lá nhập lậu đã bị thu giữ và tiêu huỷ cùng hàng loạt cửa hàng buôn bán thuốc lá điếu nhập lậu bị xử lý.,NamSyntax/vietnamese-news-classification
namsyntax_718233,Tắc nghẽn chuyển nhượng dự án nhà ở thương mại tại TP HCM,,42,,Bất động sản,"Trong 11 tháng đầu năm, TP HCM không phát sinh hoạt động mua bán chuyển nhượng dự án nhà ở thương mại nào do vướng thủ tục pháp lý.",NamSyntax/vietnamese-news-classification
namsyntax_799188,Người bệnh ung thư đại tràng nên ăn uống thế nào?,,37,,Sức khỏe,"Tôi vừa được phát hiện mắc ung thư đại tràng giai đoạn sớm, chuẩn bị điều trị, nên ăn uống thế nào? (Hồng Anh, Bến Tre)",NamSyntax/vietnamese-news-classification
namsyntax_714662,Nhà mới xây 4 tháng đã bị nứt tường,,40,,Bất động sản,"Nhà tôi vừa xây được 4 tháng đã bị nứt tường cạnh cột bê tông. Nguyên nhân do đâu và cách khắc phục thế nào, xin kiến trúc sư tư vấn.",NamSyntax/vietnamese-news-classification
namsyntax_818106,Linh hoạt truyền thông chăm sóc sức khỏe người dân tộc ở Thái Nguyên,,63,,Sức khỏe,"Để thực hiện các nội dung Dự án 7 thuộc Chương trình mục tiêu quốc gia phát triển kinh tế - xã hội vùng đồng bào dân tộc thiểu số và miền núi, Trung tâm Y tế Đồng Hỷ, Thái Nguyên, đã linh hoạt triển khai nhiều hoạt động.",NamSyntax/vietnamese-news-classification
namsyntax_619452,Điểm mặt 7 loại đầu thu số DVB-T2 “lậu” trên thị trường,,75,,Khoa học,"ICTnews đã thu thập được một số mẫu đầu thu số DVB-T2 lậu đang được bán trên thị trường như: KTS, Apolo, i-Sky K300, JPK, Dunals, Jpark, Pentasat. Những loại đầu thu này chưa thực hiện công bố hợp quy, chưa dán nhãn hàng hóa, chưa có logo số hóa truyền hình, thuộc mặt hàng không được phép lưu thông trên thị trường.",NamSyntax/vietnamese-news-classification
namsyntax_706863,Phó chủ tịch Samsung bị triệu tập,,35,,Khoa học,"Hôm qua (14/2), phó chủ tịch Lee Hak-soo của Samsung đã bị các công tố viên triệu tập về vụ scandal quỹ đen và đút lót của Samsung.",NamSyntax/vietnamese-news-classification
namsyntax_1260151,Vật dụng cần thiết cho gia đình trong ngày mưa bất chợt,,39,,Đời sống,"Máy sấy, bàn ủi hơi nước giúp làm khô quần áo, đèn bắt muỗi diệt côn trùng... hữu dụng cho gia đình khi thời tiết thất thường.",NamSyntax/vietnamese-news-classification
namsyntax_739517,Dự án The Vista Residence Đà Nẵng hoàn tất đóng nắp hầm,,52,,Bất động sản,"Sáng 8/8/2024,  dự án Bac Cuong Tower (tên thương mại là The Vista Residence Đà Nẵng) đã tổ chức đóng nắp hầm để chuẩn bị xây dựng lên phần thân, đánh dấu một bước tiến trong quá trình xây dựng.",NamSyntax/vietnamese-news-classification
namsyntax_1209046,Thành ủy Cần Thơ đồng ý cho Phó giám đốc Sở GD-ĐT nghỉ việc,,59,,Giáo dục,"Tối nay (14/6), lãnh đạo Sở Nội vụ thành phố Cần Thơ xác nhận với VietNamNet việc Thành ủy Cần Thơ đã đồng ý chủ trương cho ông Võ Minh Lợi - Phó giám đốc Sở GD-ĐT, được nghỉ việc theo nguyện vọng cá nhân.",NamSyntax/vietnamese-news-classification
namsyntax_1082520,Cường Seven hoảng hốt vì tin cưới chạy bầu với Vũ Ngọc Anh,,48,,Giải trí,"Cường Seven đến một trung tâm hội nghị tiệc cưới nổi tiếng ở TP. HCM để quay phim, bất ngờ bị đồn sắp cưới chạy bầu với người đẹp top 5 Hoa hậu Việt Nam.",NamSyntax/vietnamese-news-classification
namsyntax_514118,iPhone 15 sẽ được đưa vào sản xuất thử nghiệm sớm,,36,,Khoa học,"iPhone 15 được cho là sẽ bước vào giai đoạn sản xuất thử nghiệm sớm với Foxconn, trước khi ra mắt vào cuối năm nay.",NamSyntax/vietnamese-news-classification
namsyntax_964113,Fellaini lập đại công ngay trận ra mắt ở Trung Quốc,,43,,Thể thao,Cựu tiền vệ MU - Marouane Fellaini ghi bàn thắng duy nhất giúp Shandong Luneng đánh bại Beijing Rinhe 1-0 trong trận mở màn giải bóng đá nhà nghề Trung Quốc 2019.,NamSyntax/vietnamese-news-classification
namsyntax_457266,"1 năm kiếm 600 triệu đồng, giàu hết đời: Nghe mà sợ",,53,,Kinh doanh,"Tại Bắc Giang, một công ty hoạt động chủ yếu kiểu kêu gọi người dân
đóng phí tham gia làm từ thiện với hứa hẹn sau 1 năm có thể thu lãi hơn
600 triệu đồng, giàu đến đời con cháu.",NamSyntax/vietnamese-news-classification
namsyntax_1149817,Khởi tố vụ chìm sà lan khiến 9 người chết và mất tích ở Quảng Ngãi,,41,,Pháp luật,Công an tỉnh Quảng Ngãi đã khởi tố vụ án chìm tàu kéo và sà lan trên biển khiến 9 người chết và mất tích.,NamSyntax/vietnamese-news-classification
namsyntax_1324400,Đại sứ Anh hát rap bằng tiếng Việt,,31,,Đời sống,Facebook Đại sứ quán Anh tại Hà Nội hôm nay đăng tải video hát rap bằng tiếng Việt của Đại sứ Giles Lever.,NamSyntax/vietnamese-news-classification
namsyntax_719638,"Nguồn cung biệt thự, liền kề Hà Nội tăng gần 9 lần",,47,,Bất động sản,"Nửa đầu năm, nguồn cung nhà thấp tầng tại Hà Nội liên tục bổ sung với hơn 2.500 căn song giá bán duy trì đắt đỏ, trung bình 230 triệu đồng một m2, theo CBRE.",NamSyntax/vietnamese-news-classification
namsyntax_819062,4 quyền lợi người bệnh cần nhớ khi đi viện,,52,,Sức khỏe,"Người bệnh có quyền được chăm sóc chu đáo, tôn trọng, đối xử lịch sự trong quá trình thăm khám. Đồng thời, người bệnh cũng phải tuân thủ quy định của bệnh viện, cư xử lịch sự với nhân viên y tế.",NamSyntax/vietnamese-news-classification
namsyntax_746230,Masterise Homes hợp tác S&S CIRE phân phối bất động sản hạng sang tại Việt Nam,,52,,Bất động sản,"Ngày 19/02/2025, Masterise Homes công bố hợp tác chiến lược với S&S Christie’s International Real Estate (S&S CIRE), liên doanh thuộc mạng lưới tiếp thị bất động sản cao cấp toàn cầu mang thương hiệu Christie’s.",NamSyntax/vietnamese-news-classification
namsyntax_864998,Hoãn trận Hải Phòng - Hà Nội,,25,,Thể thao,Trận đấu tâm điểm vòng 3 V-League 2021 trên sân Lạch Tray phải tạm hoãn để phòng Covid-19.,NamSyntax/vietnamese-news-classification
namsyntax_206516,Mỹ muốn lập phi đội 1.000 UAV trợ chiến cho tiêm kích tàng hình,,40,,Thế giới,Không quân Mỹ lên kế hoạch biên chế 1.000 UAV trợ chiến cho các đơn vị để hỗ trợ tiêm kích tàng hình trong tương lai.,NamSyntax/vietnamese-news-classification
namsyntax_227921,Ông Trump nói Mỹ đang trao đổi về thuế quan với Trung Quốc,,39,,Thế giới,"Tổng thống Trump cho biết Mỹ đang trao đổi với Trung Quốc về thuế quan, tin rằng hai bên có thể đạt ""thỏa thuận rất tốt"".",NamSyntax/vietnamese-news-classification
namsyntax_729085,Ra mắt tổ hợp Grand World liền kề casino Phú Quốc,,52,,Bất động sản,"Với vị trí liền kề Casino Corona, Grand World Phú Quốc sở hữu lợi thế đặc biệt trong việc thu hút khách du lịch; đồng thời mở ra cơ hội đầu tư sôi động và hấp dẫn bậc nhất đảo Ngọc.",NamSyntax/vietnamese-news-classification
namsyntax_532105,Mở hộp MacBook Pro 16 inch bản đắt nhất tại Việt Nam,,34,,Khoa học,"MacBook Pro 16 inch với chip xử lý M2 Max, RAM 96 GB, bộ nhớ 4 TB có giá 149 triệu đồng.",NamSyntax/vietnamese-news-classification
namsyntax_762137,26 bệnh nhân Covid-19 nguy kịch,,34,,Sức khỏe,"Cả nước có 158 bệnh nhân Covid-19 tình trạng nặng, trong đó, 26 ca nguy kịch, gồm 4 ca đặt ECMO và 22 ca thở máy xâm nhập.",NamSyntax/vietnamese-news-classification
namsyntax_640326,Giặt giũ như thế nào cho đúng cách?,,67,,Khoa học,"Quần áo, vải vóc là những thứ đã có từ ngàn xưa đối với con người. Làm sạch chúng là điều hiển nhiên trong đời sống thường nhật. Song với sự phát triển của công nghiệp may mặc, mỗi loại vải đều có cách giặt giũ khác nhau để giữ lại được độ bền và chất lượng của chúng.",NamSyntax/vietnamese-news-classification
namsyntax_1184881,CA Hải Phòng lên tiếng vụ Phó CA xã bị tố hiếp dâm,,36,,Pháp luật,"Bị tố cáo 5 lần hiếp dâm, làm 1 thiếu nữ có thai, Đỗ Tiến Đạo hiện đã trốn khỏi nơi cư trú",NamSyntax/vietnamese-news-classification
namsyntax_821467,Nuôi mèo mang lại lợi ích bất ngờ cho sức khỏe,,37,,Sức khỏe,"Nuôi mèo giúp bạn giảm căng thẳng, stress, phòng chống tăng huyết áp. Đây là thú cưng tốt cho việc điều trị chứng tự kỷ, Alzheimer.",NamSyntax/vietnamese-news-classification
namsyntax_1089509,Diễn viên 'Phận làm dâu' gặp rắc rối khi vào những vai phải diện,,35,,Giải trí,"Diễn viên ""Phận làm dâu"" Lucy Như Thảo cho hay gặp bao nhiêu rắc rối khi vào những vai phản diện.",NamSyntax/vietnamese-news-classification
namsyntax_730231,Chiêm ngưỡng,,45,,Bất động sản,"Sở hữu căn hộ di động này, bạn có thể đi tàu bao nhiêu lần tùy thích trong 25 năm hoặc nếu thích, bạn cũng có thể cho thuê căn hộ của mình để giúp bù đắp chi phí bảo trì hàng tháng.",NamSyntax/vietnamese-news-classification
namsyntax_681624,Màn giới thiệu,,46,,Khoa học,"Màn giới thiệu của Giám đốc điều hành Stephen Elop và những trải
nghiệm đầu tiên về Lumia 800 - ""chiếc điện thoại Windows Phone đích thực
đầu tiên"" cách đây vài giờ đang làm nóng tai các hãng sản xuất smartphone khác.",NamSyntax/vietnamese-news-classification
namsyntax_1150201,"Cho vay lãi cao đến 365%/năm, 2 thanh niên bị khởi tố",,51,,Pháp luật,"Không có việc làm ổn định, Công (Bắc Ninh), Phú (Hà Nội) cùng vào Kon Tum hành nghề cho vay lãi nặng lãi. Theo tính toán, mức lãi suất mà khách hàng phải trả là từ 243,33%/năm đến 365%/năm.",NamSyntax/vietnamese-news-classification
namsyntax_773670,Tái mắc Covid-19 có thật sự nhẹ nhàng?,,34,,Sức khỏe,"Các chuyên gia cho biết người tái nhiễm nCoV hai, ba lần vẫn có thể gặp triệu chứng nặng và nguy cơ mắc Covid-19 kéo dài.",NamSyntax/vietnamese-news-classification
namsyntax_1272006,5 điều cần dạy để trẻ không trở thành kẻ khờ,,46,,Đời sống,"Một đặc điểm của đứa trẻ trung thực là nhẫn nhịn và dễ thỏa hiệp nhưng khi lớn lên chúng sẽ không có chủ kiến riêng, nhút nhát và luôn ẩn nấp giữa đám đông.",NamSyntax/vietnamese-news-classification
namsyntax_607220,"[LMHT] Longzhu thế chỗ Afreeca tại IEM Oakland, P1 vs iG trong trận showmatch ở Thượng Hải",,30,,Khoa học,(GameSao.vn) – Lại thêm một đội tuyển nữa từ chối tới IEM Oakland…,NamSyntax/vietnamese-news-classification
namsyntax_745372,Kim Ngân 2 - Không gian sống thượng lưu giữa lòng đô thị Sun Group Nam Hà Nội,,68,,Bất động sản,"Nổi bật giữa lòng đô thị nghỉ dưỡng Sun Urban City bởi vị trí tâm điểm, kiến trúc riêng có và tích hợp chuỗi tiện ích đầy đủ, phân khu Kim Ngân 2 chinh phục giới đầu tư đang tìm kiếm ngôi nhà thứ hai gần trung tâm Hà Nội.",NamSyntax/vietnamese-news-classification
namsyntax_1224446,Thành phố duy nhất nào là nút giao của 7 con kênh?,,44,,Giáo dục,"Đây là thành phố duy nhất hội tụ được 7 con kênh lớn, đồng thời cũng là đầu mối giao thông đường thủy quan trọng ở vùng Đồng bằng sông Cửu Long.",NamSyntax/vietnamese-news-classification
namsyntax_719692,Chung cư mới dưới 60 triệu một m2 gần như biến mất ở Hà Nội,,43,,Bất động sản,"Căn hộ mới dưới 60 triệu đồng một m2 đã biến mất tại Hà Nội vài quý liền, trong khi mức từ 100 triệu ngày càng phổ biến.",NamSyntax/vietnamese-news-classification
namsyntax_961997,Video cú đá luân lưu hỏng ăn của Công Phượng,,38,,Thể thao,"- Công Phượng có cú đá luân lưu vọt xà ngang khiến tuyển Việt Nam thua 4-5 trước Curacao, qua đó hụt chức vô địch King's Cup 2019.",NamSyntax/vietnamese-news-classification
namsyntax_752267,Bé trai chào đời trong khu cách ly,,28,,Sức khỏe,"Bé nặng 3,3 kg, chào đời khỏe mạnh trong phòng cách ly Covid-19 tại Bệnh viện Sản Nhi Quảng Ninh.",NamSyntax/vietnamese-news-classification
namsyntax_716008,Cơ hội mua nhà dịp cuối năm,,40,,Bất động sản,Dòng tín dụng bắt đầu khơi thông cùng chính sách bán hàng kích cầu từ các chủ đầu tư là tiền đề người dân có cơ hội sở hữu nhà dịp cuối năm.,NamSyntax/vietnamese-news-classification
namsyntax_787089,Viêm xoang và những nguyên nhân,,24,,Sức khỏe,"Viêm xoang thường do virus cảm lạnh hoặc vi khuẩn, polyp mũi, bụi hay dị ứng gây ra.",NamSyntax/vietnamese-news-classification
namsyntax_568921,13 thất vọng lớn nhất của Apple trong năm 2018,,30,,Khoa học,"Trong năm 2018, không phải tất cả mọi thứ của Apple đều hoàn hảo và làm hài lòng người dùng.",NamSyntax/vietnamese-news-classification
namsyntax_49813,Tai nạn liên hoàn 3 ô tô trên cao tốc Nội Bài - Lào Cai,,51,,Thời sự,"Theo thông tin ban đầu, 3 ô tô gồm 2 xe con và 1 xe khách đã va chạm tại Km140 cao tốc Nội Bài - Lào Cai khiến đoạn đường bị ùn tắc cục bộ.",NamSyntax/vietnamese-news-classification
namsyntax_963211,"Thái Lan chốt HLV trưởng, chờ đấu tuyển Việt Nam ở King's Cup",,35,,Thể thao,"- Thái Lan xác nhận HLV Sirisak Yodyardthai tiếp tục dẫn đội ở King's Cup 2019, chờ so tài tuyển Việt Nam.",NamSyntax/vietnamese-news-classification
namsyntax_464646,"Thanh toán thẻ, trào lưu tiêu dùng khó cưỡng",,54,,Kinh doanh,"Tổng doanh số thanh toán thẻ tại Việt Nam năm 2013 đạt 1.206.704 tỷ đồng, tăng
23,37% so với 2012. Thói quen thanh toán của người dân cũng đang dần thay đổi
khi các dịch vụ ngân hàng ngày càng tiện ích và an toàn.",NamSyntax/vietnamese-news-classification
namsyntax_302846,Thế giới 24h: Tiết lộ về kẻ chủ mưu đánh bom Bangkok,,51,,Thế giới,"Xác định danh tính và tung tích kẻ chủ mưu vụ đánh bom Bangkok, người dân bị ly tán vì chiến tranh ở Bán đảo Triều Tiên sắp được gặp nhau...là các tin đáng chú ý trong 24h qua.",NamSyntax/vietnamese-news-classification
namsyntax_1048290,Thùy Dương tái xuất với các vai diễn đa dạng trong loạt phim mới 2024,,48,,Giải trí,"Năm 2024, nữ diễn viên gốc Hà Nội - Thùy Dương (Thùy Dương Muối tỷ) góp mặt trong loạt phim mới: Vợ cũ tình mới, Trúng số, Chuyện quê mình, Gái không chồng…",NamSyntax/vietnamese-news-classification
namsyntax_45265,"Miền Bắc sắp nắng nóng rồi lại đón tiếp mưa giông mới, thời tiết còn 'dị thường'",,59,,Thời sự,"Ngay sau đợt mưa lớn, miền Bắc có nắng nóng kéo dài khoảng 2-3 ngày, rồi rãnh áp thấp hình thành lại gây mưa giông. Thời kỳ 1 tháng tới, các hiện tượng thời tiết cực đoan vẫn khả năng xuất hiện.",NamSyntax/vietnamese-news-classification
namsyntax_1224407,Điểm sàn Trường ĐH Y Dược Cần Thơ cao nhất 22,,30,,Giáo dục,Trường ĐH Y Dược Cần Thơ công bố điểm sàn xét tuyển 2022 từ điểm thi tốt nghiệp THPT.,NamSyntax/vietnamese-news-classification
namsyntax_507676,Chip ADC mới ra mắt do người Việt thiết kế có gì đặc biệt?,,64,,Khoa học,"Bản thiết kế chip ADC của người Việt vừa ra mắt cuối tháng 6 vừa qua là bước đột phá lớn của ngành bán dẫn tại Việt Nam, qua đó khẳng định khả năng tự thiết kế chip, làm chủ công nghệ lõi của đội ngũ kỹ sư người Việt.",NamSyntax/vietnamese-news-classification
namsyntax_1221284,"Điểm chuẩn của 11 trường, khoa trực thuộc ĐH Huế năm 2019",,33,,Giáo dục,"- Tối 8/8, điểm chuẩn năm 2019 của 11 trường, khoa trực thuộc ĐH Huế đã chính thức được công bố.",NamSyntax/vietnamese-news-classification
namsyntax_541,Nhiều khu vực Hà Nội ngập suốt 10 tiếng,,38,,Thời sự,"Mưa to cả ngày hôm nay khiến phố Hoa Bằng, Phan Văn Trường (Cầu Giấy), Thái Hà (Đống Đa) ngập từ sáng đến chiều tối vẫn chưa rút hết.",NamSyntax/vietnamese-news-classification
namsyntax_427871,Chủ thẻ tín dụng VIB thứ 3 trúng cặp vé du thuyền châu Á,,63,,Kinh doanh,"Đợt quay thưởng thứ 3 chương trình “Trải nghiệm du thuyền sành điệu, nhận tiền triệu với thẻ VIB” dành cho chủ thẻ tín dụng mở mới tại VIB đã xác định khách hàng Trần Hoàng Nam (quận Gò Vấp,TP.HCM) là chủ thẻ tiếp theo trúng giải đặc biệt.",NamSyntax/vietnamese-news-classification
namsyntax_631765,Thiết bị gắn vào quần đùi giúp bạn biết khi nào cần đi vệ sinh,,51,,Khoa học,"Dfree là một thiết bị gắn vào quần lót, sử dụng sóng siêu âm để theo dõi các cơ quan nội tạng, giúp bạn biết khi nào mình cần đi vào toilet hay nhà vệ sinh.",NamSyntax/vietnamese-news-classification
namsyntax_790769,Va đập mạnh vào đầu có gây thủng màng nhĩ?,,49,,Sức khỏe,"Trong một lần xô xát, em tôi bị đánh vào đầu, đến bệnh viện khám bác sĩ chẩn đoán thủng màng nhĩ. Vì sao bị tác động vào đầu lại thủng màng nhĩ? (Thanh Hùng, 35 tuổi, Bình Phước)",NamSyntax/vietnamese-news-classification
namsyntax_314207,Cô gái Mỹ nói thay lời trẻ em nhiễm chất độc da cam ở VN,,54,,Thế giới,"""Làm sao tôi không thể nói lên điều này? - Penny Loker đã giận giữ và đau lòng khi nhìn thấy dòng chữ CNN lưu ý người xem
'thận trọng' trước những hình ảnh có thể khiến họ sốc.",NamSyntax/vietnamese-news-classification
namsyntax_705455,'Ai còn quan tâm đến giới hạn 5 giờ',,48,,Khoa học,"5 giờ chiều, trời Hà Nội bắt đầu đổ mưa, sau khi đặt bát mỳ tôm vừa ăn ngấu nghiến xuống bàn, tợp một ngụm trà đá, mắt Phan Quốc Huy lại dán chặt vào màn hình trước mặt.",NamSyntax/vietnamese-news-classification
namsyntax_1128787,Đoạt mạng bạn tù,,27,,Pháp luật,"Nguyễn Tiến Anh (26 tuổi, trú huyện Cẩm Xuyên) bị TAND Hà Tĩnh phạt tù chung thân do giết người trong trại giam.",NamSyntax/vietnamese-news-classification
namsyntax_1175330,"Cặp đôi dùng giấy tờ giả mua đất vẫn được cấp sổ đỏ, lừa ngân hàng",,55,,Pháp luật,"Hà Nội - Cùng cảnh thất nghiệp, Dung và Giang làm giả danh tính, giấy kết hôn để mua và được cấp sổ đỏ cho mảnh đất, qua mặt ba cán bộ ngân hàng, chiếm đoạt 3 tỷ đồng.",NamSyntax/vietnamese-news-classification
namsyntax_1219149,Vì sao vẫn nên dự buổi phỏng vấn bạn không hề thích?,,45,,Giáo dục,CareerBuilder.vn đã góp nhặt những lời khuyên từ chuyên gia và họ đều cho rằng ứng viên vẫn nên đến tham dự một buổi phỏng vấn đã lên lịch dù không hề thích.,NamSyntax/vietnamese-news-classification
namsyntax_1307297,Di tích quốc gia ở Thanh Hóa bị xâm hại nghiêm trọng,,39,,Đời sống,"Các tấm bia chữ Hán, bức phù điêu, hình tượng tại chùa Quan Thánh, phường An Hưng (TP Thanh Hóa) bị tô vẽ, xâm hại nghiêm trọng.",NamSyntax/vietnamese-news-classification
namsyntax_454451,"‘10 triệu tiền vốn, bám vỉa hè sống khỏe’",,41,,Kinh doanh,"Có
hơn chục triệu đồng, tôi - một thằng sinh viên thất nghiệp, tập tành
kinh doanh. Tôi xác định thành công thì tốt, không thì cũng là “học phí”
đầu đời.",NamSyntax/vietnamese-news-classification
namsyntax_1077288,"Châu Bùi: 'Sống cách ly như đi nghỉ dưỡng, không có gì để chê'",,44,,Giải trí,"- Châu Bùi cho biết cô không cảm thấy cực khổ khi đi cách ly. Ngược lại, cô tự xem đây là một kỳ nghỉ giúp bản thân thư giãn.",NamSyntax/vietnamese-news-classification
namsyntax_1256539,Thuê...người yêu lấy hên ngày Tết,,37,,Giáo dục,"Với tư tưởng “đầu năm có đôi thì cả năm không sợ lẻ bóng”, nhiều bạn
thích “xông duyên” để lấy hên cho cả năm bằng cách… đi thuê người yêu.",NamSyntax/vietnamese-news-classification
namsyntax_1000216,Tình tiết 'Hoa hồng trên ngực trái' luẩn quẩn,,33,,Giải trí,San (Diệu Hương) ra sức phản đối anh trai - Bảo (Hồng Đăng) - khi anh bày tỏ tình cảm với Khuê (Hồng Diễm).,NamSyntax/vietnamese-news-classification
namsyntax_155984,Ông Tập Cận Bình phác thảo 'ngoại giao nước lớn',,29,,Thời sự,"Phải thiết lập ""chính sách ngoại giao nước lớn mang
đặc sắc TQ"", ông Tập Cận Bình phát biểu.",NamSyntax/vietnamese-news-classification
namsyntax_1158209,Đốt ngân hàng vì bị từ chối khoản vay,,43,,Pháp luật,"Ấn Độ - Bực tức vì hồ sơ vay tiền bị ngân hàng từ chối, Wasim Hazaratsab Mulla quay lại trong đêm, xách theo một can xăng và phóng hoả trụ sở ngân hàng.",NamSyntax/vietnamese-news-classification
namsyntax_1338761,Mặc đẹp cho con gái yêu không khó,,29,,Đời sống,Đâu là bí quyết để bé cưng nhà bạn trông thật sành điệu mà mẹ không phải tốn kém hầu bao?,NamSyntax/vietnamese-news-classification
namsyntax_592119,Trải nghiệm nhanh Shadow Warrior: Tựa game chặt chém ‘hạng nặng’ vừa cho không người chơi,,33,,Khoa học,(GameSao.vn) – Hành động chưa bao giờ đã tay hơn với tựa game được dán mác 17+.,NamSyntax/vietnamese-news-classification
namsyntax_797016,Tắc nghẽn tĩnh mạch gan gây tràn dịch màng tim phổi,,48,,Sức khỏe,"Hà Nội - Anh Hải, 37 tuổi, 7 năm qua thường cấp cứu do hạ albumin máu, hiện tràn dịch màng phổi và màng tim nặng, bác sĩ chẩn đoán tắc nghẽn dòng chảy tĩnh mạch gan.",NamSyntax/vietnamese-news-classification
namsyntax_542743,Đổ xô mua iPhone vì sợ tăng giá do thuế mới,,36,,Khoa học,Mỹ - Nhiều người đang đến các Apple Store để mua iPhone và sản phẩm khác của Apple vì lo chúng sẽ đắt đỏ hơn.,NamSyntax/vietnamese-news-classification
namsyntax_302261,Lở đất ở Guatemala: Số người chết tiếp tục tăng,,70,,Thế giới,Giới chức Guatemala ngày 4/10 xác nhận ít nhất 131 người đã thiệt mạng trong trận lở đất kinh hoàng xảy ra cuối tuần trước tại một làng nghèo ở ngoại ô thủ đô Guatemala City. Trong khi còn khoảng 300 người vẫn đang mất tích và hy vọng giải cứu những người này ngày càng trở nên mong manh.,NamSyntax/vietnamese-news-classification
namsyntax_736853,Sống sang tại căn hộ cao cấp do Savills quản lý vận hành,,62,,Bất động sản,"Không chỉ thu hút nhờ vị trí trung tâm quận Đống Đa cùng chuỗi tiện ích hiện đại, dự án cao cấp Hateco Laroma của chủ đầu tư Hateco Group còn được quản lý vận hành bởi Savills - đơn vị hàng đầu ở châu Á -Thái Bình Dương.",NamSyntax/vietnamese-news-classification
namsyntax_239337,Ngoại trưởng Nga nói ông Trump hiểu gốc rễ xung đột Ukraine,,46,,Thế giới,"Ngoại trưởng Nga Sergey Lavrov nói rằng, Tổng thống Mỹ Donald Trump và các cộng sự của ông ấy về thực chất luôn hiểu rõ nguyên nhân gốc rễ của cuộc xung đột Ukraine.",NamSyntax/vietnamese-news-classification
namsyntax_496422,Nhà máy sản xuất camera cho iPhone đóng cửa,,39,,Khoa học,"Hàn Quốc - LG Innotek, nhà cung cấp module camera cho iPhone, buộc phải ngừng hoạt động nhà máy ở Gumi do phát hiện một công nhân nhiễm virus corona.",NamSyntax/vietnamese-news-classification
namsyntax_722602,Nhà cây của KTS Võ Trọng Nghĩa tiếp tục lên báo ngoại,,39,,Bất động sản,Nhiều trang tin và tạp chí kiến trúc nước ngoài đã hết lời ca ngợi công trình Nhà cây của KTS Võ Trọng Nghĩa ở TP HCM.,NamSyntax/vietnamese-news-classification
namsyntax_926657,V.League 2023 - nhìn lại một mùa giải nhiều đổi mới,,38,,Thể thao,"Ở mùa giải VĐQG đầu tiên VPF và FPT Play cùng song hành, người hâm mộ đã chứng kiến nhiều bước tiến mới trong lịch sử V.League.",NamSyntax/vietnamese-news-classification
namsyntax_1131331,Cướp điện thoại của người đi xe máy,,36,,Pháp luật,"Hà Tĩnh - Nguyễn Văn Oai, Cao Xuân Thịnh và Nguyễn Hữu Hòa lái xe máy áp sát hai cô gái ở huyện Thạch Hà, cướp điện thoại.",NamSyntax/vietnamese-news-classification
namsyntax_331861,Agribank được ủng hộ tăng vốn bằng ngân sách,,41,,Kinh doanh,Quốc hội nhất trí tăng tối đa 3.500 tỷ vốn cho Agribank bằng ngân sách nhưng một số đại biểu lưu ý không nên tạo tiền lệ với các nhà băng khác.,NamSyntax/vietnamese-news-classification
namsyntax_789880,Cách virus sởi lây lan khắp cơ thể,,32,,Sức khỏe,"Virus sởi tấn công tế bào miễn dịch, sau đó phát tán khắp cơ thể, có thể ngăn chặn nhờ tiêm vaccine phòng ngừa.",NamSyntax/vietnamese-news-classification
namsyntax_1101774,Hoa hậu Giáng My trình diễn thời trang tại Hà Nội,,36,,Giải trí,Hoa hậu Đền Hùng sẽ góp mặt trong Tuần lễ thời trang Việt Nam Xuân Hè 2017 diễn ra trong 3 ngày tại Hà Nội.,NamSyntax/vietnamese-news-classification
namsyntax_442466,Da trâu gác bếp - món ăn lạ lùng của Hòa Bình,,53,,Kinh doanh,"Nói tới các món ăn từ trâu, thường người ta chỉ nghĩ tới thịt trâu tươi hoặc thịt trâu gác bếp,… Nhưng chẳng mấy ai biết rằng, da trâu cũng được coi là đặc sản của người Mường ở Hòa Bình.",NamSyntax/vietnamese-news-classification
namsyntax_1257864,Điểm trúng tuyển 16 trường quân đội,,46,,Giáo dục,"Năm nay, học viện quân y vẫn là trường có điểm chuẩn dẫn đầu trong
khối các trường quân đội. Trường cũng công bố điểm chuẩn tuyển sinh đào
tạo đại học, cao đẳng ngành quân sự cơ sở.",NamSyntax/vietnamese-news-classification
namsyntax_785834,U xơ tử cung có làm giảm hiệu quả thụ tinh ống nghiệm?,,40,,Sức khỏe,"Vợ chồng tôi hiếm muộn 4 năm, chồng tinh trùng yếu, tỷ lệ di động chỉ 1%, có chỉ định làm thụ tinh trong ống nghiệm (IVF).",NamSyntax/vietnamese-news-classification
namsyntax_984085,ĐT Việt Nam đội mưa,,24,,Thể thao,"Dù trời đổ mưa to nhưng thầy trò HLV Hữu Thắng vẫn ra sân tập trong chiều nay, 28/5.",NamSyntax/vietnamese-news-classification
namsyntax_1134989,Vì sao chưa thể xét xử ông Trần Hùng?,,46,,Pháp luật,"Trước ngày diễn ra phiên tòa xét xử cựu Phó Cục trưởng Cục Quản lý thị trường Hà Nội Trần Hùng và đồng phạm, HĐXX cho hoãn xét xử, đến ngày 30/6 sẽ mở lại phiên tòa.",NamSyntax/vietnamese-news-classification
namsyntax_1214398,4 trường thuộc ĐH Quốc gia TPHCM công bố điểm chuẩn sớm,,49,,Giáo dục,"Các trường ĐH Công nghệ Thông tin, ĐH Kinh tế - Luật, ĐH Quốc tế và ĐH Khoa học tự nhiên (ĐH Quốc gia TPHCM) vừa công bố điểm chuẩn của những phương thức xét tuyển sớm.",NamSyntax/vietnamese-news-classification
namsyntax_1300213,8 thực phẩm bạn không nên ăn vào buổi trưa,,42,,Đời sống,"Tiêu thụ đồ ăn nhanh, súp rau củ, bánh ngọt vào buổi trưa sẽ khiến cơ thể mất năng lượng, mệt mỏi và buồn ngủ suốt thời gian còn lại trong ngày.",NamSyntax/vietnamese-news-classification
namsyntax_1251209,59 người túc trực một thí sinh thi Sử,,46,,Giáo dục,"Đoàn Thị Nga là thí sinh duy nhất dự thi môn Lịch sử tại HĐCT trường THPT
Thái Lão, Nghệ An. Tuy nhiên, Nga vẫn không cảm thấy lạc lõng và tự tin mình làm
bài tốt.",NamSyntax/vietnamese-news-classification
namsyntax_609781,iPhone 7 Plus đứng đầu top 10 smartphone mạnh nhất thế giới,,39,,Khoa học,Đứng ngay sau iPhone 7 Plus là chiếc iPhone 7. Galaxy Note 7 của Samsung chấp nhận vị trí thứ 8 trong bảng xếp hạng của Antutu.,NamSyntax/vietnamese-news-classification
namsyntax_897914,10 ngôi sao giải nghệ sớm giống Raphael Varane,,37,,Thể thao,"Italy - Ba nhà vô địch World Cup giải nghệ trước tuổi 30, còn huyền thoại Van Basten chia tay ngay sau khi giành ba Quả Bóng Vàng.",NamSyntax/vietnamese-news-classification
namsyntax_1297978,"Lái ô tô đi bán xôi, bà mẹ 3 con tiếp ngàn lượt khách mỗi ngày",,58,,Đời sống,"Lái ô tô đi bán xôi, chị Ngân thu hút sự tò mò và gây ngạc nhiên cho nhiều vị khách. Mỗi ngày, chị phục vụ khoảng 1.000 lượt khách, chủ yếu là sinh viên của trường đại học ở đối diện.",NamSyntax/vietnamese-news-classification
namsyntax_1205645,"Tỉnh, thành nào có tỷ lệ tiến sĩ cao nhất cả nước?",,41,,Giáo dục,"0,4% số người dân ở địa phương này có trình độ tiến sĩ, gấp bốn lần mặt bằng chung cả nước. Bạn có biết đây là tỉnh, thành nào?",NamSyntax/vietnamese-news-classification
namsyntax_96147,"Cháy tàu trên biển, 25 du khách và thuyền viên được cứu",,39,,Thời sự,"21 du khách và 4 thuyền viên được Bộ đội Biên phòng tỉnh Kiên Giang cứu, đưa vào bờ an toàn trong vụ cháy tàu trên biển.",NamSyntax/vietnamese-news-classification
namsyntax_348193,Quy tắc giúp tập tính kiên nhẫn trong đầu tư,,48,,Kinh doanh,"Andy Hill - chủ một blog và kênh podcast về tài chính gia đình tại Mỹ - chia sẻ cách tính thời điểm tài sản tăng lên gấp đôi, từ đó tạo tính kiên nhẫn khi đầu tư.",NamSyntax/vietnamese-news-classification
namsyntax_136973,Cho trẻ học trước lớp 1: Cuộc đua không hồi kết?,,50,,Thời sự,"Sợ con thua kém bạn bè, nhiều phụ huynh đã cho con học trước lớp 1. Bắt kịp xu hướng này, không chỉ giáo viên, hàng loạt trường mầm non đã mở lớp dạy chữ bất chấp quy định.",NamSyntax/vietnamese-news-classification
namsyntax_686049,Người dùng iOS tải 5 triệu game mỗi ngày,,44,,Khoa học,"– Trong tháng 3/2011, trung bình khoảng 5 triệu game được tải mỗi ngày từ những người dùng thiết bị chạy hệ điều hành iOS ở Mỹ và châu Âu, theo nghiên cứu gần đây.",NamSyntax/vietnamese-news-classification
namsyntax_972922,"MU chớp nhoáng lấy Ozil, Pep kích bom tấn 50 triệu bảng",,49,,Thể thao,Mourinho giục sếp MU xuất hầu bao 35 triệu bảng để rước Ozil về ngay mùa đông. Pep Guardiola định gây sốc với thương vụ tậu trung vệ Harry Maguire của Leicester với giá 50 triệu bảng...,NamSyntax/vietnamese-news-classification
namsyntax_1281471,Vì sao nấu canh cua giã tay ngon hơn?,,44,,Đời sống,"Nếu có thời gian, bạn nấu canh cua đồng theo cách truyền thống giã tay sẽ thấy ngon hơn hẳn, bát canh thơm, gạch cua đóng tảng đẹp mắt, nước trong và không bị tanh.",NamSyntax/vietnamese-news-classification
namsyntax_425398,Những nhà nghỉ tệ,,40,,Kinh doanh,"Trên các trang mạng xã hội, du khách từ khắp nơi đã chia sẻ lại trải nghiệm ở nhà nghỉ tồi tệ nhất với không ít hình ảnh bị coi là ""kinh hoàng và khủng khiếp"".",NamSyntax/vietnamese-news-classification
namsyntax_609039,"Hãy thôi lướt Facebook đi, 10 ứng dụng miễn phí để trở thành người bạn đời hoàn hảo",,48,,Khoa học,"Loạt ứng dụng này hứa hẹn sẽ mang đến cho người dùng rất nhiều lợi ích trong cuộc sống, từ nấu ăn, thêu thùa cho đến lập trình máy tính.",NamSyntax/vietnamese-news-classification
namsyntax_802423,Tình dục có giúp tăng miễn dịch?,,45,,Sức khỏe,"Tình dục không chỉ mang lại khoái cảm, tăng gắn kết trong quan hệ tình cảm mà còn mang nhiều lợi ích đến sức khỏe thể chất, bao gồm ảnh hưởng tích cực đến hệ thống miễn dịch.",NamSyntax/vietnamese-news-classification
namsyntax_980615,Mourinho,,36,,Thể thao,"HLV trưởng người Bồ Đào Nha không đưa ra bất kỳ bình luận gì về cầu thủ vào sân thay người Fellaini, dù anh là ""thủ phạm"" chính dẫn đến quả 11m lúc cuối trận.",NamSyntax/vietnamese-news-classification
namsyntax_798183,Có nên uống mật ong mỗi ngày?,,37,,Sức khỏe,"Tôi có thói quen uống mật ong pha nước ấm vào mỗi buổi sáng. Thói quen này tốt cho sức khỏe không, cần lưu ý gì? (Hữu Minh, Hà Nội)",NamSyntax/vietnamese-news-classification
namsyntax_134776,"Bộ trưởng TN&MT: Rác Đa Phước gây hôi, chôn lấp không triệt để",,44,,Thời sự,"Bộ trưởng TN&MT khẳng định khu liên hợp
xử lý rác thải Đa Phước là nguyên nhân chính dẫn đến mùi hôi tại phía
Nam TP.HCM khiến người dân bức xúc.",NamSyntax/vietnamese-news-classification
namsyntax_716983,Novaland bắt tay Hoàng Quân làm nhà ở xã hội,,36,,Bất động sản,Novaland vừa ký hợp tác chiến lược với Địa ốc Hoàng Quân để xây nhà ở xã hội tại TP HCM và các tỉnh phía Nam.,NamSyntax/vietnamese-news-classification
namsyntax_1193388,Dili là thủ đô nước nào?,,32,,Giáo dục,"Dili là thủ đô của một quốc gia non trẻ thuộc châu Á, với những bãi biển hoang sơ cùng bức tượng Chúa Jesus nổi tiếng.",NamSyntax/vietnamese-news-classification
namsyntax_724224,"TP.HCM ứng dụng công nghệ GIS, viễn thám để quản lý đất đai, quy hoạch, xây dựng",,56,,Bất động sản,"Để đồng bộ dữ liệu ứng dụng về lĩnh vực đất đai, quy hoạch và xây dựng trên địa bàn, TP.HCM sẽ ứng dụng công nghệ hệ thống thông tin địa lý, viễn thám trong công tác quản lý.",NamSyntax/vietnamese-news-classification
namsyntax_112240,Hà Nội 'đòi' Điện Biên trả lại đất vàng,,41,,Thời sự,"Hà Nội đề nghị tỉnh Điện Biên bàn giao lại khu đất nhà khách Tỉnh ủy Lai Châu trên phố Phan Bội Châu để xây dựng trường học, công trình công cộng.",NamSyntax/vietnamese-news-classification
namsyntax_407874,"Đổ gục sau khi chiếm đỉnh 1.500 điểm, VN-Index chốt phiên đỏ sàn",,53,,Kinh doanh,Thị trường chứng khoán tăng bùng nổ và lấy lại ngưỡng 1.500 điểm vừa đánh mất trong vài phiên gần đây. Nỗi lo về chủng virus mới Omicron tạm thời lắng xuống. Dòng tiền trong thị trường vẫn rất lớn.,NamSyntax/vietnamese-news-classification
namsyntax_1312590,Cuộc sống thượng lưu bên trời Tây của hot girl thừa kế đình đám Việt Nam,,46,,Đời sống,"Là con gái của vợ chồng đại gia công ty nhựa nổi tiếng, Ông Thoại Liên nằm trong danh sách những cô nàng thừa kế đình đám ở Việt Nam.",NamSyntax/vietnamese-news-classification
namsyntax_1303020,"Con rể tới nhà vợ chỉ ngồi vắt chân uống nước, mẹ tôi vẫn bênh chằm chặp",,45,,Đời sống,"Là con rể, nhưng mỗi lần về nhà vợ, chồng tôi đều vắt chân lên ngồi uống nước, hút thuốc, mặc kệ người khác nấu nướng bên trong.",NamSyntax/vietnamese-news-classification
namsyntax_716163,AI thiết kế nhà,,34,,Bất động sản,"Trí tuệ nhân tạo (AI) đang được ứng dụng rộng rãi vào quá trình thiết kế nhà, nhưng các chuyên gia đánh giá khó thay thế được kiến trúc sư.",NamSyntax/vietnamese-news-classification
namsyntax_811931,Phát hiện ung thư giai đoạn cuối từ một dấu hiệu sau bữa ăn,,54,,Sức khỏe,"Có dấu hiệu đầy bụng khó tiêu kéo dài 3 tháng, ông M. vẫn nghĩ đó là bệnh lý thông thường. Khi nôn nhiều sau ăn, ông đi khám phát hiện bệnh ung thư đã chuyển sang giai đoạn cuối.",NamSyntax/vietnamese-news-classification
namsyntax_770467,Nguyên nhân khiến âm đạo bị ngứa,,34,,Sức khỏe,"Nhiễm trùng, mắc các bệnh về da hoặc tiếp xúc với chất gây dị ứng là nguyên nhân khiến âm đạo luôn có cảm giác ngứa ngáy.",NamSyntax/vietnamese-news-classification
namsyntax_1064922,Hình thể nóng bỏng của mỹ nhân đẹp nhất 'Phố trong làng',,41,,Giải trí,"Đào Thúy Hường, nữ diễn viên vào vai người yêu cũ của công an Nam sinh năm 1999, sở hữu nhan sắc quyến rũ và hình thể nóng bỏng.",NamSyntax/vietnamese-news-classification
namsyntax_934334,HLV Hà Nội muốn trao huy chương cho Quang Hải,,33,,Thể thao,"Trong đêm nâng cao cúp vô địch V-League 2022, HLV Chun Jae Ho cho biết ông nhớ tới tiền vệ Nguyễn Quang Hải.",NamSyntax/vietnamese-news-classification
namsyntax_1143164,Kết đắng cho người phụ nữ mang ô tô của bạn trai đi cầm,,43,,Pháp luật,"Được bạn tin tưởng đưa ô tô cho để sử dụng, người phụ nữ ở Hà Nội gây tai nạn rồi mang ô tô của bạn đi cầm cố...",NamSyntax/vietnamese-news-classification
namsyntax_794136,Loại mụn nào không nên nặn?,,33,,Sức khỏe,"Mụn bọc, mụn nang, mụn đầu đen hay đầu trắng, mụn ẩn không nên nặn vì dễ gây tổn thương da, nhiễm trùng và để lại sẹo.",NamSyntax/vietnamese-news-classification
namsyntax_322371,Hàng không Thái tuyển tiếp viên,,38,,Thế giới,"Các tiếp viên đặc biệt này sẽ có bảng tên ghi rõ ""giới tính thứ 3"" gắn
trên đồng phục để tránh những rắc rối liên quan tới vấn đề nhập cư.",NamSyntax/vietnamese-news-classification
namsyntax_214890,Tổng bí thư: Ngoại giao là điểm sáng trong thành tựu đất nước,,42,,Thế giới,"Tổng bí thư Nguyễn Phú Trọng đề cao thành tựu đối ngoại của Việt Nam thời gian qua, khi phát biểu tại Hội nghị Ngoại giao lần thứ 32.",NamSyntax/vietnamese-news-classification
namsyntax_1046512,Tái sinh bằng nhiếp ảnh,,27,,Giải trí,Câu chuyện về cuộc tái sinh bằng nhiếp ảnh là thông điệp chính của triển lãm cá nhân của Trần Thanh Thảo.,NamSyntax/vietnamese-news-classification
namsyntax_1259960,Hà Nội tuyển mới 31.000 giáo viên mầm non,,30,,Giáo dục,(VietNamNet) - Chỉ tiêu tuyển mới 31.000 giáo viên mầm non đã được Hội đồng Nhân dân TP.Hà Nội thông qua.,NamSyntax/vietnamese-news-classification
namsyntax_1270323,Tại sao các bà mẹ mắc chứng hay quên sau sinh?,,47,,Đời sống,"Mum brain hay mum-nesia là chứng đãng trí sau sinh của các bà mẹ, đôi khi khiến họ gặp rắc rối trong cuộc sống nhưng các nhà khoa học khẳng định đó là điều cần thiết.",NamSyntax/vietnamese-news-classification
namsyntax_535346,Tại sao con người không thuộc địa hóa Mặt Trăng?,,47,,Khoa học,"Do không có khí quyển, trọng lực yếu, biến động nhiệt độ cực hạn, Mặt Trăng không phải lựa chọn lý tưởng để thuộc địa hóa dù ở gần Trái Đất hơn nhiều so với sao Hỏa.",NamSyntax/vietnamese-news-classification
namsyntax_1172886,28 người cầm hung khí tham gia ẩu đả,,33,,Pháp luật,"Nghệ An - Hai nhóm thanh niên cầm dao rựa, vỏ chai bia đánh nhau, rượt đuổi trên phố, khiến 4 người bị thương.",NamSyntax/vietnamese-news-classification
namsyntax_718722,Hai lãnh đạo Vinaconex xin rút khỏi HĐQT Vimeco,,33,,Bất động sản,Hai Phó tổng giám đốc Vinaconex là ông Dương Văn Mậu và Nguyễn Khắc Hải vừa xin thôi làm thành viên HĐQT tại Vimeco.,NamSyntax/vietnamese-news-classification
namsyntax_817717,Hai thức uống yêu thích trên hòn đảo có 30% dân số sống thọ trên 90 tuổi,,42,,Sức khỏe,"Dân đảo Ikaria (Hy Lạp), nơi có nhiều người sống thọ bậc nhất thế giới, uống cà phê và rượu vang đều đặn mỗi ngày.",NamSyntax/vietnamese-news-classification
namsyntax_1178420,CSGT bắt gọn tên trộm nhờ thiết bị định vị từ chiếc xe bị mất,,54,,Pháp luật,"Sau khi trộm được xe gắn máy, tên trộm đi tìm nơi tiêu thụ nhưng dọc đường vào quán cà phê để chơi ma túy. Vì xe có định vị nên CSGT truy đến tận nơi để bắt giữ.",NamSyntax/vietnamese-news-classification
namsyntax_1288053,Quyết định sống thử khiến tôi vĩnh viễn mất đi tình yêu đời mình,,46,,Đời sống,"Trước đây, tôi từng chọn sống thử với bạn trai sống cùng xóm trọ. Quyết định sai lầm đó khiến tôi vĩnh viễn mất đi tình yêu đích thực của đời mình.",NamSyntax/vietnamese-news-classification
namsyntax_869347,Ivanisevic: ‘Bạn phải giết Djokovic 27 lần để hạ cậu ấy’,,33,,Thể thao,"Theo HLV Goran Ivanisevic, Novak Djokovic có ý chí chiến đấu phi thường, khiến các đối thủ nản lòng khi so tài.",NamSyntax/vietnamese-news-classification
namsyntax_424542,Giải ‘cơn khát’ cơ sở lưu trú ở TP Sa Đéc,,58,,Kinh doanh,"Là một điểm đến hấp dẫn nhưng toàn TP Sa Đéc, Đồng Tháp chỉ có gần 60 khách sạn, nhà nghỉ, trên 100 nhà trọ. Vào các dịp lễ, Tết, thành phố ngàn hoa thường rơi vào tình trạng “khan” phòng nghỉ chuẩn 3 - 4 sao.",NamSyntax/vietnamese-news-classification
namsyntax_688668,Cặp laptop đậm chất “bình dân học vụ”,,44,,Khoa học,"Toshiba Satellite C640/C650 là bộ đôi laptop phù hợp với đối tượng sử dụng là các học sinh, sinh viên sử dụng các ứng dụng máy tính cơ bản; phù hợp với người dùng gia đình.",NamSyntax/vietnamese-news-classification
namsyntax_297998,Nga ném bom,,34,,Thế giới,"Nga vừa tiết lộ bom “nhảy dù” diệt phương tiện bọc thép tính năng siêu dị, có khả năng “làm gỏi” một cụm xe tăng-thiết giáp địch chỉ bằng 1 quả.",NamSyntax/vietnamese-news-classification
namsyntax_573622,"Trợ lý ảo Alexa của Amazon lại dở chứng, muốn đi đóng phim kinh dị",,43,,Khoa học,"Anh Shawn Kinner kể lại rằng, lúc đó, khi anh đang trong bếp, cô trợ lý ảo Alexa đã nói một câu khiến anh lạnh cả sống lưng.",NamSyntax/vietnamese-news-classification
namsyntax_1267607,Bún chả cá đậm đà hương vị,,27,,Đời sống,"Món bún chả cá cho vị ngọt từ nước hầm xương, chua nhẹ của cà chua, chút cay của ớt.",NamSyntax/vietnamese-news-classification
namsyntax_1091017,'Tình cũ' cùng dàn mỹ nhân Việt đến mừng đám cưới Tú Anh,,37,,Giải trí,"Đám cưới Á Hậu Tú Anh tối 21/7quy tụ rất nhiều khách mời nổi tiếng, gồm Noo Phước Thịnh và các mỹ nhân Việt.",NamSyntax/vietnamese-news-classification
namsyntax_482119,Vàng vọt lên cao nhất trong 1 tháng,,37,,Kinh doanh,"Sáng nay (2/6), giá vàng trong nước tăng gần 100.000 đồng so với hôm qua, lên
mức 37,9 triệu đồng/lượng. Đây là mức cao nhất trong 1 tháng qua.",NamSyntax/vietnamese-news-classification
namsyntax_731873,Đâu là xu hướng đầu tư ‘ăn chắc mặc bền’ trong mùa dịch?,,56,,Bất động sản,"Giới chuyên gia nhận định, BĐS vẫn là kênh đầu tư hiệu quả và dễ sinh lời. Trong những tháng đầu năm 2021, thị trường BĐS đã ghi nhận nhiều kết quả khả quan về nguồn cung cũng như tỷ suất tiêu thụ.",NamSyntax/vietnamese-news-classification
namsyntax_455318,Cô bé bắt ếch trở thành TGĐ xinh đẹp kiếm hàng trăm tỷ/năm,,61,,Kinh doanh,"Hương Bike không phải là một tiểu thư sống trong nhung lụa hay được thừa hưởng tài sản từ gia đình. Cô tiết lộ, cô có một tuổi thơ “dữ dội”: bắt ếch, châu chấu, mối, cua,... đem bán, lên đồi kiếm củi để giúp đỡ bố mẹ.",NamSyntax/vietnamese-news-classification
namsyntax_1035461,Pandora ra mắt trang sức tôn vinh Việt Nam,,37,,Giải trí,Pandora ra mắt Vietnam Charm có thiết kế lấy cảm hứng từ tinh thần tự hào dân tộc và sắc màu đặc trưng của lá cờ Tổ quốc.,NamSyntax/vietnamese-news-classification
namsyntax_981339,Xạ thủ Hoàng Xuân Vinh không tham dự giải Vô địch ĐNA,,52,,Thể thao,"Là xạ thủ số 1 Việt Nam vừa giành 1 HCV, 1 HCB tại Olympic 2016, nhưng Hoàng Xuân Vinh sẽ không tham dự giải Vô địch Đông Nam Á được tổ chức tại Hà Nội, từ ngày 1-12/11 tới.",NamSyntax/vietnamese-news-classification
namsyntax_708745,ĐTDĐ iPhone giá 41.000 USD,,34,,Khoa học,"Đó là chiếc iPhone nạm kim cương đầu tiên của công ty Alexander Amosu Luxury Phones. Tác phẩm gắn 420 viên kim cương sáng chói lên đến 5,65 cara.",NamSyntax/vietnamese-news-classification
namsyntax_732632,Khánh Hòa lại cho chuyển nhượng “khu đất vàng” cồn Tân Lập,,42,,Bất động sản,"Sau hơn chục năm, dự án khu dân cư cồn Tân Lập nổi tiếng vì nhiều lần xin gia hạn tiến độ, chuyển nhượng và huy động vốn trái phép.",NamSyntax/vietnamese-news-classification
namsyntax_104745,Rải gần 4 tấn hóa chất chống phát tán thủy ngân ra ngoài Rạng Đông,,41,,Thời sự,"Quân đội rải 3,7 tấn hóa chất chống phát tán thủy ngân ra môi trường bên ngoài trên diện tích 2.500 m2 nhà xưởng Rạng Đông.",NamSyntax/vietnamese-news-classification
namsyntax_837918,Loại quả rẻ nhất Việt Nam khiến tế bào ung thư không thể di căn,,51,,Sức khỏe,"Theo nghiên cứu mới nhất, ăn ớt có thể chống lại sự di căn của tế bào ung thư sang các bộ phận khác trên cơ thể, giảm tỷ lệ tử vong vì căn bệnh này.",NamSyntax/vietnamese-news-classification
namsyntax_56009,Xe tải chở 3 người lao xuống vực sâu 50m,,43,,Thời sự,"Trong lúc lưu thông trên đường nối cao tốc Nội Bài - Lào Cai đi thị xã Sa Pa, xe tải chở theo 3 người đột ngột mất lái, lao xuống vực sâu.",NamSyntax/vietnamese-news-classification
namsyntax_309617,Dân Bắc Kinh vật vã vì nắng nóng kỷ lục,,37,,Thế giới,"Nhiệt độ ở thủ đô Bắc Kinh của Trung Quốc hôm 29/5 đã lên đến mức kỷ lục 40 độ
C, cao nhất kể từ năm 1951.",NamSyntax/vietnamese-news-classification
namsyntax_1308,Du khách tử nạn khi đổ dốc trên bán đảo Sơn Trà,,46,,Thời sự,"Đà Nẵng - Hai nam du khách chở nhau trên xe máy tay ga, bị ngã khi đang đổ dốc trên bán đảo Sơn Trà lúc 17h45 ngày 28/9 khiến một người tử vong.",NamSyntax/vietnamese-news-classification
namsyntax_787925,Bạn biết gì về ráy tai?,,39,,Sức khỏe,"Ráy tai khô hay ráy tai ướt còn tùy thuộc vào hoạt động của tuyến ráy tai ở từng người, cơ địa, chủng tộc, song đều giúp bảo vệ ống tai, màng nhĩ.",NamSyntax/vietnamese-news-classification
namsyntax_1247388,“Tôi thông tin chứ không bêu tên phụ huynh”,,47,,Giáo dục,"Hiệu trưởng Trường THCS Thị trấn Vạn Hà (huyện Thiệu Hóa, Thanh Hóa)
cho biết ông cung cấp thông tin chứ không có ý xúc phạm phụ huynh Vinh
khi nêu tên toàn trường trong giờ chào cờ.",NamSyntax/vietnamese-news-classification
namsyntax_744000,Tây Ninh cảnh báo dự án “ma” Khu dân cư Bến Cầu,,47,,Bất động sản,Dự án “Khu dân cư Bến Cầu” không nằm trong danh mục dự án nhà ở trên địa bàn nên lãnh đạo Sở Xây dựng tỉnh Tây Ninh khẳng định đây là dự án “ma”.,NamSyntax/vietnamese-news-classification
namsyntax_79904,Người giữ 'bí kíp' làm thuyền buồm đi ngược gió ở làng nghề hơn 600 tuổi,,48,,Thời sự,"Những chiếc thuyền ba vát không động cơ có thể đi xuôi gió, ngang gió, ngược gió và ngược dòng nước đã là huyền thoại đối với người làm nghề sông nước.",NamSyntax/vietnamese-news-classification
namsyntax_308411,Thiếu nữ gây sốc với bầu ngực 3,,32,,Thế giới,"Jasmine Tridevil đã chi
20.0000 USD để làm thêm một ""quả tuyết lê"" với hy vọng
trở thành ngôi sao truyền hình thực tế.",NamSyntax/vietnamese-news-classification
namsyntax_247746,"Quan chức Ukraine hé lộ quan điểm bất ngờ, thừa nhận tình hình 'rất tồi tệ'",,56,,Thế giới,"Phó Tổng biên tập của tờ báo Đức Bild cho biết, trái ngược với quan điểm màu hồng của chính quyền Kiev về xung đột với Nga, các quan chức cấp cao Ukraine thừa nhận tình hình rất tồi tệ.",NamSyntax/vietnamese-news-classification
namsyntax_750736,Ngộ độc do uống một lít rượu thuốc hàng ngày,,39,,Sức khỏe,"Hà Nội - Mỗi ngày uống cả lít rượu ngâm thuốc nam chữa xơ gan, người đàn ông 41 tuổi ngộ độc nhập viện trong tình trạng nguy kịch.",NamSyntax/vietnamese-news-classification
namsyntax_631815,Microsoft  phát hành Skype phiên bản doanh nghiệp trên iOS,,47,,Khoa học,"“Skype for Business” được bổ sung thêm một số tính năng so với phiên bản Skype thông thường nhằm hướng tới khách hàng doanh nghiệp: các tính năng bảo mật, tích hợp dịch vụ Microsoft Active Directory.",NamSyntax/vietnamese-news-classification
namsyntax_219949,Thái Lan xin gia nhập BRICS,,34,,Thế giới,"Bộ Ngoại giao Thái Lan thông báo đã nộp đơn xin gia nhập BRICS tuần trước, kỳ vọng làm thành viên chính thức của khối vào tháng 10.",NamSyntax/vietnamese-news-classification
namsyntax_635249,iOS - Trải nghiệm mới dành cho game thủ Ngọa Long Mobile,,47,,Khoa học,"(GameSao) - Sau gần 3 năm thịnh hành trên nền tảng Mobile, Ngọa Long tiếp tục chứng tỏ sức hút của mình khi ra mắt trên hệ điều hành iOS vào 10h00 sáng nay 18/8/2015.",NamSyntax/vietnamese-news-classification
namsyntax_1301287,"Chàng rể ở Lào Cai gây sốt mạng: Hơn mẹ vợ 1 tuổi, mê chăm con, làm hết việc nhà",,62,,Đời sống,Một cô gái ở Lào Cai chia sẻ bức ảnh cưới có ghi rõ năm sinh của bố mẹ đẻ và chồng. Bức ảnh ngay lập tức thu hút hơn 1 triệu lượt xem vì chàng rể hơn mẹ vợ 1 tuổi.,NamSyntax/vietnamese-news-classification
namsyntax_716311,Tỷ lệ văn phòng trống ở Mỹ cao kỷ lục,,29,,Bất động sản,"Tỷ lệ văn phòng trống tại Mỹ quý IV/2023 tăng 19,6%, cao nhất kể từ thống kê năm 1979.",NamSyntax/vietnamese-news-classification
namsyntax_324303,Bơ mỗi trái nặng hơn một kg hút khách,,31,,Kinh doanh,Giống bơ trọng lượng lớn trồng ở Đăk Nông được bán với giá 70.000 đồng một kg hiện cung không đủ cầu.,NamSyntax/vietnamese-news-classification
namsyntax_1158482,Lừa tạo 'tick xanh' tài khoản Facebook,,35,,Pháp luật,"Nguyễn Văn Mạnh lừa hai doanh nhân về việc có thể tăng tương tác trên Fcebook, tạo ""tick xanh"" nhằm chiếm đoạt tài khoản và tiền của họ.",NamSyntax/vietnamese-news-classification
namsyntax_956935,U23 Việt Nam hoà U23 Jordan: Ông Park muốn tốt hơn cũng khó!,,46,,Thể thao,"- Cảm giác chịu chia điểm với U23 Jordan thật khó tiêu hoá, nhưng với những gì đang có ở U23 Việt Nam, HLV Park Hang Seo muốn làm tốt hơn cũng khó.",NamSyntax/vietnamese-news-classification
namsyntax_135418,Chủ tịch QH: Tổng bí thư chỉ đạo làm tới nơi tới chốn,,40,,Thời sự,"Chủ tịch QH cho biết, Ban Tổ chức TƯ đang kiểm điểm làm rõ trách nhiệm
trong việc thuyên chuyển ông Trịnh Xuân Thanh về Hậu Giang.",NamSyntax/vietnamese-news-classification
namsyntax_443696,"Nghi án cắt dán tờ vé số để trúng giải đặc biệt hơn 1,7 tỷ đồng",,66,,Kinh doanh,"Sau khi thỏa thuận, đại lý vé số trả cho người trúng giải đặc biệt 1,7 tỷ đồng. Nhưng khi chủ đại lý đưa tờ vé số trúng giải đến công ty xổ số để lĩnh thưởng thì đơn vị này xác định tờ vé số đã bị cắt dán.",NamSyntax/vietnamese-news-classification
namsyntax_266501,Quan chức đảng của bà Suu Kyi chết trong lúc bị giam giữ,,39,,Thế giới,"Một quan chức thuộc đảng của nhà lãnh đạo Myanmar Aung San Suu Kyi đã chết trong thời gian giam giữ, nghi là bị tra tấn.",NamSyntax/vietnamese-news-classification
namsyntax_1224136,"Trường ĐH yêu cầu sinh viên ứng xử trong trường học văn minh, trung thực",,40,,Giáo dục,"Trường ĐH Kinh tế Tài chính TP.HCM yêu cầu sinh viên phải xây dựng văn hoá ứng xử trong trường học văn minh, lịch sự…",NamSyntax/vietnamese-news-classification
namsyntax_885134,Tiger Woods lại nghỉ thi đấu dài hạn,,29,,Thể thao,"Sau ca phẫu thuật chỉnh hình xương tại New York ngày 19/4, ""Siêu Hổ"" cần nghỉ ngơi ít nhất 3 tháng.",NamSyntax/vietnamese-news-classification
namsyntax_273881,'Quà Giáng sinh' của Kim Jong Un sẽ là đòn giáng mạnh vào ông Trump,,62,,Thế giới,"Mỹ đang theo dõi sát sao nhất cử nhất động của Triều Tiên, với một vụ thử hạt nhân hoặc phóng tên lửa có thể sẽ chính là ""món quà Giáng sinh"" mà chính quyền Kim Jong Un tuyên bố sẽ dành cho Tổng thống Donald Trump.",NamSyntax/vietnamese-news-classification
namsyntax_1295794,8 ý tưởng trang trí tường 'siêu tiết kiệm',,33,,Đời sống,Bạn hoàn toàn có thể tự tay trang trí những bức tường để trống trong nhà với những gợi ý thú vị bên dưới.,NamSyntax/vietnamese-news-classification
namsyntax_1326616,Sự thật về người vợ sắp cưới ngoan hiền khiến tôi ngã ngửa,,61,,Đời sống,"Bạn thân của tôi thề thốt: ""Chắc nó về quê làm lại cuộc đời đó. Tao từng gặp và qua đêm với nó vài lần ở vũ trường kiểu tình một đêm, mỗi lần bao nó ăn uống cũng mất 2 củ. Mày tin hay không thì tùy...""",NamSyntax/vietnamese-news-classification
namsyntax_36120,Quảng Ninh dôi dư 148 trụ sở,,39,,Thời sự,"Sau khi sắp xếp lại đơn vị hành chính cấp xã và bỏ cấp huyện, Quảng Ninh có 148 trụ sở hành chính công dôi dư, hơn 800 người xin thôi việc.",NamSyntax/vietnamese-news-classification
namsyntax_1306342,"Giám đốc chăm chỉ chơi tennis, vợ ngã ngửa trước sự thật cay đắng",,37,,Đời sống,"Vì nghi ngờ chồng có mối quan hệ bên ngoài, cô vợ đã thuê người điều tra rồi ngã ngửa vì sự thật.",NamSyntax/vietnamese-news-classification
namsyntax_504462,Samsung xóa bài đăng chế nhạo Apple,,36,,Khoa học,"Bài viết của Samsung chế nhạo việc bỏ củ sạc đã không còn trên mạng xã hội, khiến nhiều người dự đoán hãng này có thể tiếp bước Apple.",NamSyntax/vietnamese-news-classification
namsyntax_102859,Phú Yên phấn đấu có 200 sản phẩm OCOP,,58,,Thời sự,"Phú Yên đặt mục tiêu đến 2020 có ít nhất 3 sản phẩm đạt 5 sao cấp tỉnh; một sản phẩm đạt 5 sao cấp quốc gia. Từ năm 2021 - 2030, Phú Yên sẽ phát triển thêm 200 sản phẩm OCOP dựa trên các sản phẩm tiềm năng.",NamSyntax/vietnamese-news-classification
namsyntax_583942,Truyền hình VTC ưu đãi 30 ngày giảm giá đặc biệt,,65,,Khoa học,"Từ 1/12/2017, nhân kỷ niệm 30 năm thành lập Tổng công ty VTC, Truyền hình VTC thực hiện nhiều chương trình giảm giá đặc biệt tri ân khách hàng, theo đó bộ thu VTC-HDV2 giảm chỉ còn 670.000 đồng, khách hàng gia hạn thuê bao chỉ còn 50.000 đồng/tháng cho gói kênh VTC HD.",NamSyntax/vietnamese-news-classification
namsyntax_1263866,Thiết kế phòng tắm bằng cách cơi nới ban công,,27,,Đời sống,"Chỗ tắm của gia đình tôi rộng khoảng 1,5 m2, xây dựng nhờ cơi nới ban công.",NamSyntax/vietnamese-news-classification
namsyntax_720486,"Khu đô thị 3,5 tỷ USD tại khu Tây TP HCM dự kiến khởi công tháng 12",,49,,Bất động sản,"Khu đô thị Đại học quốc tế Berjaya quy mô 880 ha tại TP HCM dự kiến khởi công tháng 12, nhân dịp kỷ niệm 79 năm ngày Toàn quốc kháng chiến.",NamSyntax/vietnamese-news-classification
namsyntax_727735,TP.HCM điểm tên loạt doanh nghiệp bất động sản nợ thuế,,48,,Bất động sản,"Trong gần 200 doanh nghiệp tại TP.HCM đang nợ thuế với tổng số tiền hơn 8.080 tỷ đồng có không ít đơn vị hoạt động trong lĩnh vực đầu tư, kinh doanh bất động sản, xây dựng.",NamSyntax/vietnamese-news-classification
namsyntax_893068,Xavi: 'Yamal có thể mở ra một kỷ nguyên bóng đá',,39,,Thể thao,Tây Ban Nha - HLV Xavi cho rằng tiền đạo cánh 16 tuổi Lamine Yamal có thể trở thành một cầu thủ vĩ đại trong màu áo Barca.,NamSyntax/vietnamese-news-classification
namsyntax_1214418,"Bị đình chỉ hoạt động, Trường Quốc tế Mỹ vẫn tuyên bố sẽ khai giảng năm học mới",,67,,Giáo dục,"Bà Nguyễn Thị Út Em, Chủ tịch HĐTQ Trường Quốc tế Mỹ cho biết, hiện nhà trường đã có chủ đầu tư và sẽ khai giảng năm học mới vào tháng 8. Trong khi đó, Sở GD-ĐT TPHCM vừa có quyết định đình chỉ trường này từ ngày 1/7.",NamSyntax/vietnamese-news-classification
namsyntax_976604,MU bấn loạn chuyển nhượng: Quỷ đỏ bị,,50,,Thể thao,"Khi Mourinho và GĐĐH Woodward lên danh sách mua sắm hè này, họ biết sẽ phải đối diện với một ""phiên chợ"" chuyển nhượng điên rồ, với những chiêu trò thổi giá và động thái gây khó dễ từ CLB đối thủ.",NamSyntax/vietnamese-news-classification
namsyntax_1167656,Nghi can cướp tiệm vàng ở Phan Thiết bị bắt,,34,,Pháp luật,"Thái Văn Trường, 32 tuổi, nghi can cướp tiệm vàng Mỹ Hoa Kim ở TP Phan Thiết, bị bắt tại Bình Dương, chiều 19/4.",NamSyntax/vietnamese-news-classification
namsyntax_727793,Người dân vương quốc golf đón tương lai... u ám,,53,,Bất động sản,"Nhà đầu tư lập hàng loạt dự án sân golf, các đại gia đua nhau gom
đất..., lẽ ra, dân bán đảo Cam Lập (TP. Cam Ranh, Khánh Hòa) nên vui,
nhưng ngược lại, họ đang đối mặt với nỗi lo nghèo đói.",NamSyntax/vietnamese-news-classification
namsyntax_1092042,Trưng bày các tác phẩm của họa sĩ Phạm Luận,,36,,Giải trí,Đại sứ quán Singapore tại Hà Nội chính thức khai mạc triển lãm nghệ thuật tại Trung tâm Giao lưu Văn hóa Phố cổ Hà Nội.,NamSyntax/vietnamese-news-classification
namsyntax_1166413,"Tài xế tông chết người, kéo lê xe nạn nhân 5 km bị khởi tố",,49,,Pháp luật,"Thanh Hóa - Lê Văn Thọ, cán bộ huyện Hoằng Hóa, bị khởi tố 2 tội danh sau khi tông chết người phụ nữ, kéo lê xe nạn nhân suốt 5 km bỏ chạy.",NamSyntax/vietnamese-news-classification
namsyntax_519452,Smartphone 5 triệu đồng có màn hình 90 Hz,,35,,Khoa học,"Samsung ra mắt điện thoại Galaxy M22 với pin ""khủng"" 5.000 mAh hỗ trợ sạc nhanh và màn hình có tần số làm tươi 90 Hz.",NamSyntax/vietnamese-news-classification
namsyntax_1164477,Trang Nemo xin hưởng án treo,,37,,Pháp luật,"TP HCM - Nguyễn Xuân Hương Trang, tức Trang Nemo, cho rằng mức án 9 tháng tù là quá nặng, đang nuôi con nhỏ, nên kháng cáo xin hưởng án treo.",NamSyntax/vietnamese-news-classification
namsyntax_1160012,Câu đố: Tìm mật mã thoát khỏi nhóm bắt cóc,,41,,Pháp luật,"Nhà hóa học đào hầm thoát khỏi nơi giam giữ nhưng bị một cánh cửa khóa bằng mật mã chặn lại, bạn hãy suy luận để giúp cô thoát ra ngoài.",NamSyntax/vietnamese-news-classification
namsyntax_192045,Đề nghị truy tố nguyên Tổng biên tập Tạp chí Môi trường và Đô thị Việt Nam,,56,,Thời sự,Nguyên Tổng biên tập Tạp chí Môi trường và Đô thị Việt Nam Đồng Xuân Thụ cùng nguyên Phó tổng biên tập Nguyễn Thị Ánh Hồng và nhiều phóng viên của tạp chí vừa bị đề nghị truy tố.,NamSyntax/vietnamese-news-classification
namsyntax_1036405,"Hoa hậu Ý Nhi dậy từ 4h sáng tự nấu cơm, làm thêm miệt mài ở Australia",,53,,Giải trí,"Bà Phạm Kim Dung chia sẻ Ý Nhi làm thêm 24 giờ/tuần tại Úc, dành dụm được 30 triệu/tháng. Ý Nhi vừa trở về đồng hành với Miss World Vietnam 2025, trao vương miện tháng 3/2026.",NamSyntax/vietnamese-news-classification
namsyntax_1316374,"Mở cửa phòng ngủ, nàng dâu tức nghẹn chứng kiến cảnh khó tin",,36,,Đời sống,"Tôi đi làm về giữa trưa, mở cửa ra thấy 6,7 người nằm la liệt mà cơn tức giận dồn lên tận não…",NamSyntax/vietnamese-news-classification
namsyntax_407150,Bảo hiểm xã hội: Những chính sách mới từ năm 2022,,50,,Kinh doanh,"Từ năm 2022, một vài chính sách về bảo hiểm xã hội (BHXH) sẽ thay đổi, trong đó có chế độ BHXH cho lao động nam, chế độ của lao động nước ngoài, tăng mức đóng BHXH tự nguyện.",NamSyntax/vietnamese-news-classification
namsyntax_1045427,Vẻ đẹp khó cưỡng giữa thiên nhiên của hoa hậu Trần Tiểu Vy,,30,,Giải trí,Hoa hậu Việt Nam 2018 Trần Tiểu Vy là nàng thơ mới của NTK Lê Thanh Hòa.,NamSyntax/vietnamese-news-classification
namsyntax_465414,"Thừa tiền, ngân hàng thích cho Chính phủ vay",,40,,Kinh doanh,"Ngân hàng Nhà nước cho hay, tín dụng tháng 3 tăng dương trở lại ở mức
1,35%. Tuy nhiên, lại có tới 1,09% là vốn dành cho trái phiếu Chính phủ.",NamSyntax/vietnamese-news-classification
namsyntax_259426,"Xung đột dữ dội giữa người Palestine và Israel, 152 người bị thương",,45,,Thế giới,"Hôm nay (15/4), ít nhất 152 người Palestine bị thương trong các cuộc đụng độ với cảnh sát chống bạo động Israel bên trong khuôn viên đền thờ Al-Aqsa ở Đông Jerusalem.",NamSyntax/vietnamese-news-classification
namsyntax_733856,Tiêu thụ căn hộ cao cấp TP.HCM đột biến so với năm trước,,48,,Bất động sản,"Thông tin được Savills Việt Nam công bố trong báo cáo chỉ số giá bất động sản ngày 19/5, cho biết, tại TP.HCM, số căn hộ hạng A được tiêu thụ tăng 83% theo năm.",NamSyntax/vietnamese-news-classification
namsyntax_695091,Tí Bảnh xuất hiện trong Boom online,,46,,Khoa học,"– Tí Bảnh là phiên bản mới của Thịt Mỡ. Chàng Thịt Mỡ háu ăn bỗng một ngày tìm mọi cách giảm cân. Và cuối cùng, thành tựu của Thịt Mỡ, chính là đã hóa thân thành Tí Bảnh.",NamSyntax/vietnamese-news-classification
namsyntax_719025,Khó tìm chung cư 3 tỷ đồng ở TP Thủ Đức,,41,,Bất động sản,Rổ hàng căn hộ 3 tỷ đồng ở TP Thủ Đức đã cạn khi hầu hết dự án mở bán với mức giá trung bình 85 triệu đồng mỗi m2.,NamSyntax/vietnamese-news-classification
namsyntax_375715,A Choén - nhà hàng thịt nướng đưa rau từ vườn đến bàn ăn,,47,,Kinh doanh,"Hà Nội - Chuỗi nhà hàng A Choén cam kết sử dụng 100% rau hữu cơ trong mọi món ăn, góp phần lan tỏa lối sống lành mạnh, bền vững trong tương lai.",NamSyntax/vietnamese-news-classification
namsyntax_1255457,Thêm 10 đại học dự kiến điểm chuẩn,,39,,Giáo dục,"Lãnh đạo nhiều trường cho biết
điểm chuẩn dự kiến năm nay sẽ tương đương hoặc nhỉnh hơn năm ngoái. Hiện đã có
33 trường ĐH, CĐ công bố điểm thi.",NamSyntax/vietnamese-news-classification
namsyntax_884941,Dortmund lỡ cơ hội bỏ xa Bayern,,31,,Thể thao,"Đức - Chỉ hòa 1-1 trên sân Bochum trong trận đá sớm vòng 30, Dortmund nguy cơ bị Bayern tái chiếm đỉnh bảng Bundesliga.",NamSyntax/vietnamese-news-classification
namsyntax_443843,Món kem 'sang chảnh' dát vàng 24 kara và kim cương,,35,,Kinh doanh,Món kem sang chảnh có giá lên tới 99 bảng Anh (gần 3 triệu đồng) được dát những lá vàng 24kara và kim cương.,NamSyntax/vietnamese-news-classification
namsyntax_718216,"Giá đất huyện Thanh Trì sau điều chỉnh, cao nhất gần 117 triệu đồng một m2",,41,,Bất động sản,"Trong 18 huyện và thị xã của Hà Nội, Thanh Trì có giá đất vừa điều chỉnh cao nhất, gần 117 triệu đồng một m2.",NamSyntax/vietnamese-news-classification
namsyntax_125062,Thực hư thông tin,,62,,Thời sự,"Những ngày gần đây,  thông tin về việc một số người dân tại bản Ỏ, xã Chiềng Ngần, thành phố Sơn La, tỉnh Sơn La có biểu hiện mắc chứng bệnh lạ, thường xuyên bị mê sảng, mộng du, loạn thần đã gây hoang trong dư luận, ảnh hưởng đến đời sống của người dân trên địa bàn.",NamSyntax/vietnamese-news-classification
namsyntax_1092902,JustaTee bất ngờ làm lễ ăn hỏi với hotgirl Trâm Anh,,34,,Giải trí,Chủ nhân bản hit 'Forever Alone' một thời bất ngờ tổ chức lễ ăn hỏi với bạn gái là hot girl Trâm Anh.,NamSyntax/vietnamese-news-classification
namsyntax_1009365,Những phim truyền hình Hàn Quốc ra mắt tháng 3,,39,,Giải trí,"Thây ma đe dọa vương quốc Joseon trong ""Joseon Exorcist"", Song Kang dạy múa ballet cho người về hưu trong ""Navillera""... được phát trên truyền hình Hàn tháng 3.",NamSyntax/vietnamese-news-classification
namsyntax_1117480,Scandal showbiz: chuyện của những chiêu trò kích động,,54,,Giải trí,"Những cô gái có ngoại hình đẹp tìm
ra cách để trở nên nổi tiếng như Thủy Top, Angela
Phương Trinh, Huyền Anh (Bà Tưng)... Trang Nhung - một nguời mẫu
bình thường cũng vụt trở thành tên tuổi 'hot' vì một lần lộ ngực.",NamSyntax/vietnamese-news-classification
namsyntax_753032,25 ngày không lây nhiễm nCoV cộng đồng,,32,,Sức khỏe,"6h ngày 11/5, Bộ Y tế không ghi nhận ca dương tính nCoV, đánh dấu ngày thứ 25 không lây nhiễm trong cộng đồng.",NamSyntax/vietnamese-news-classification
namsyntax_292162,Mỹ: Máy bay vỡ nát vì lao thẳng xuống khu dân cư ở New Jersey,,52,,Thế giới,"Theo CBS News, một phi công đã bị thương khi gặp sự cố trên chiếc máy bay cỡ nhỏ và lao xuống khu dân cư tại thành phố Bayonne, bang New Jersey vào ngày chủ nhật 19/2.",NamSyntax/vietnamese-news-classification
namsyntax_544799,Elon Musk: Mua lại Manchester United chỉ là trò đùa!,,44,,Khoa học,"Sáng ngày 17/8, người giàu nhất hành tinh Elon Musk viết trên Twitter rằng ông “đang mua lại CLB Manchester United”, nhưng ngay sau đó lại khẳng định đây chỉ là một trò đùa.",NamSyntax/vietnamese-news-classification
namsyntax_183644,"Đi Tết sếp, 'hàng nóng' cho nhanh",,45,,Thời sự,"“Hàng nóng cho nhanh”, câu trả lời của anh Hợp, kĩ sư vận hành máy, ở Mỹ
Đình, Hà Nội khiến nhiều người không khỏi ngạc nhiên. Anh Hợp chia sẻ, “hàng nóng” ở
đây là tiền mặt.",NamSyntax/vietnamese-news-classification
namsyntax_202257,Cô gái bị nhốt một tháng trong hầm ngục của kẻ bắt cóc,,44,,Thế giới,"Mỹ - Cô gái 22 tuổi thoát khỏi tầng hầm sau một tháng bị Haslett giam và cưỡng hiếp, làm dấy lên tranh cãi về trách nhiệm của cảnh sát Kansas.",NamSyntax/vietnamese-news-classification
namsyntax_418131,Giá vàng hôm nay 18/10: Cuối tuần vàng sụt giảm,,40,,Kinh doanh,Giá vàng liên tục đi ngang dù vẫn còn nhiều yếu tố hỗ trợ tích cực khiến nhà đầu tư bắt đầu mất hứng thú với kim loại quý này.,NamSyntax/vietnamese-news-classification
namsyntax_768072,F0 gặp nhiều triệu chứng khi nhiễm Covid-19,,38,,Sức khỏe,"Chị Nguyễn Gia (30 tuổi, Hà Nội) điều trị Covid-19 tại nhà bằng cách sử dụng thuốc kê đơn theo triệu chứng kết hợp ăn uống, tập luyện khoa học.",NamSyntax/vietnamese-news-classification
namsyntax_514102,Dấu ấn quan trọng của Apple tại Việt Nam,,40,,Khoa học,"Apple đạt nhiều cột mốc đáng nhớ tại Việt Nam năm vừa qua nhờ chiến lược đầu tư bài bản, lâu dài từ khâu bán hàng đến hình ảnh thương hiệu.",NamSyntax/vietnamese-news-classification
namsyntax_727045,Cách tính chi phí tránh lâm cảnh gánh nợ đội giá tăng vọt khi xây nhà,,45,,Bất động sản,"Có nhiều yếu tố ảnh hưởng đến chi phí xây nhà, bạn cần nắm rõ và dự toán chi tiết để không rơi vào cảnh bị đội chi phí.",NamSyntax/vietnamese-news-classification
namsyntax_1025830,Cuộc sống hôn nhân của Diễm Hương,,32,,Giải trí,"Diễm Hương và chồng Việt kiều - David Lieu - cùng nấu ăn, đi dạo phố, tận hưởng cuộc sống sau một tháng kết hôn.",NamSyntax/vietnamese-news-classification
namsyntax_602476,Resident Evil 7 bị game thủ ở quê nhà quay lưng,,41,,Khoa học,Thêm một tín hiệu đáng buồn dành cho Resident Evil 7. Không rõ tương lai series sẽ đi về đâu nếu tình trạng này tiếp diễn trong những tháng tới.,NamSyntax/vietnamese-news-classification
namsyntax_749858,Bệnh nhân chết vì bác sĩ truyền thức ăn vào phổi,,41,,Sức khỏe,"Hong Kong - Khi đặt ống thông dạ dày qua mũi để truyền thuốc và dinh dưỡng, bác sĩ đặt nhầm vào phổi khiến bệnh nhân lên cơn đau tim.",NamSyntax/vietnamese-news-classification
namsyntax_880701,Messi lập thêm kỷ lục Champions League,,40,,Thể thao,"Pháp - Siêu sao Lionel Messi thành cầu thủ lớn tuổi nhất ghi hai và kiến tạo hai bàn ở một trận đấu Champions League, khi PSG hạ Maccabi Haifa 7-2 tối 25/10.",NamSyntax/vietnamese-news-classification
namsyntax_864579,Kiatisuk: 'Lâu lắm rồi không thấy bầu Đức cười',,38,,Thể thao,"Thừa nhận may mắn khi thắng ngược SLNA 2-1 ở V-League chiều 22/1, nhưng HLV Kiatisuk Senamuang hài lòng vì cùng HAGL mang lại niềm vui cho bầu Đức.",NamSyntax/vietnamese-news-classification
namsyntax_1144127,"Xưng là nhân viên hàng không, lừa đảo chạy việc chiếm đoạt hàng tỷ đồng",,52,,Pháp luật,"Nghi phạm Hà làm công việc tự do nhưng nói đang làm việc tại Tổng Công ty cảng hàng không Việt Nam, có khả năng xin việc làm, chạy trường...  để lừa đảo chiếm đoạt tài sản.",NamSyntax/vietnamese-news-classification
namsyntax_660276,"Google, Facebook chi núi tiền cho cuộc đua đón đầu tuơng lai công nghệ",,54,,Khoa học,"– Cả Google và Facebook đang ra sức thực hiện các vụ thâu tóm công ty khác để mở rộng sang các thị trường mới, tìm kiếm thêm nguồn doanh thu và mở rộng tầm ảnh hưởng trong tương lai.",NamSyntax/vietnamese-news-classification
namsyntax_1338144,Thiếu nữ Hà thành diện bờm ngộ nghĩnh chơi trung thu,,29,,Đời sống,"Bờm tai thỏ, sừng hươu, bờm nơ... chưa bao giờ lỗi mốt mỗi mùa trung ở Hà Nội.",NamSyntax/vietnamese-news-classification
namsyntax_694642,TV kết nối Internet đầu tiên trên thế giới,,47,,Khoa học,Chiếc TV đầu tiên trên thế giới sử dụng hệ điều hành Android và có khả năng kết nối Internet đang chuẩn bị được một hãng sản xuất ở Thụy Điển tung ra thị trường trong năm nay.,NamSyntax/vietnamese-news-classification
namsyntax_30838,Hàng nghìn hộ dân ngoại thành Hà Nội sống chung với lũ,,38,,Thời sự,"Người dân ở huyện Chương Mỹ, Quốc Oai - ngoại thành Hà Nội, phải ăn ngủ, đi lại cùng dòng nước lũ trong 4 ngày qua.",NamSyntax/vietnamese-news-classification
namsyntax_889986,Djokovic: 'CĐV Anh thiếu tôn trọng tôi',,41,,Thể thao,Tây Ban Nha - Novak Djokovic cho rằng nhiều CĐV xứ sương mù đi quá giới hạn khi cổ vũ Cameron Norrie trong trận tứ kết Davis Cup giữa Vương quốc Anh và Serbia.,NamSyntax/vietnamese-news-classification
namsyntax_1275065,Những phụ nữ một mình gánh hôn nhân,,33,,Đời sống,"Ba năm nay, Thu Hằng một mình tự bươn chải kiếm tiền nuôi con, lo cho bản thân dù vợ chồng cô không ly hôn.",NamSyntax/vietnamese-news-classification
namsyntax_513340,Máy ảnh Sony sản xuất tại Trung Quốc sẽ không bán ở nước ngoài,,39,,Khoa học,"Máy ảnh Sony bán tại Nhật Bản, Mỹ và các thị trường châu Âu sẽ được sản xuất tại Thái Lan thay vì Trung Quốc.",NamSyntax/vietnamese-news-classification
namsyntax_813686,Phát hiện mắc ung thư từ bất ổn khi hát karaoke,,36,,Sức khỏe,ANH - Lucy Lodge phát hiện mắc ung thư thanh quản khi mới 25 tuổi do không thể hát những nốt cao như trước đây.,NamSyntax/vietnamese-news-classification
namsyntax_725529,Dinh thự The Coral Cavalli - khi BĐS cao cấp ‘bắt tay’ với thời trang xa xỉ,,66,,Bất động sản,"Bất tuân quy tắc, sang trọng, họa tiết thiên nhiên hoang dã… là những gì giới thời trang miêu tả về Roberto Cavalli. Điều gì thúc đẩy nhà thiết kế cá tính người Ý “bắt tay” dự án Gran Meliá Nha Trang kiến tạo dinh thự The Coral Cavalli?",NamSyntax/vietnamese-news-classification
namsyntax_905769,Yemen phả hơi nóng lên Việt Nam giải U23 châu Á 2026,,39,,Thể thao,"Phú Thọ - Thắng Bangladesh 1-0, Yemen lên đầu bảng bảng C vòng loại U23 châu Á 2026 trước khi Việt Nam ra quân trận thứ hai.",NamSyntax/vietnamese-news-classification
namsyntax_516149,Quảng Bình ứng dụng công nghệ dự báo tình hình thị trường nông sản,,45,,Khoa học,"UBND tỉnh Quảng Bình vừa ban hành kế hoạch đẩy mạnh ứng dụng CNTT trong việc thu thập thông tin, dự báo tình hình thị trường nông sản trên địa bàn.",NamSyntax/vietnamese-news-classification
namsyntax_728910,"Chuyện bất ngờ, khó tin ở ngôi nhà 2 tỷ USD đắt nhất thế giới",,52,,Bất động sản,"Ngôi nhà đắt giá nhất thế giới mang tên Antilia có giá trị ""vỏn vẹn"" 2 tỷ USD với 600 nhân viên phục vụ được lấy cảm hứng từ hòn đảo huyền thoại giữa Đại Tây Dương.",NamSyntax/vietnamese-news-classification
namsyntax_1177386,"Xét xử BS Lương: Toà không chấp nhận chuyên gia, mời luật sư ra ngoài",,41,,Pháp luật,"Chủ tọa không chấp nhận mời chuyên gia độc lập, sau đó yêu cầu lực lượng an ninh đưa luật sư Trần Vũ Hải ra ngoài.",NamSyntax/vietnamese-news-classification
namsyntax_1195752,"Khó khăn bủa vây, trường mầm non kiến nghị tìm lối thoát",,47,,Giáo dục,"TP HCM - Hơn 90 trường mầm non tư thục, tổng số 200 cơ sở, đang kiến nghị tìm giải pháp tháo gỡ tình thế ""chết mòn"" vì phải ngừng hoạt động nhiều tháng trời.",NamSyntax/vietnamese-news-classification
namsyntax_1187116,"Kinh hoàng chồng giết vợ, vứt xác trôi sông",,54,,Pháp luật,"Ghê rợn hơn, tên ác phu còn dùng dao
rạch bụng vợ mình trước khi tìm cách phi tang xóa dấu vết. Con dao hung khí được
Hưng quấn vào trong tấm bạt nhựa cùng với xác vợ mình đem vứt xuống sông Đồng
Nai.",NamSyntax/vietnamese-news-classification
namsyntax_767847,Gần 15 triệu người đã tiêm mũi 3 vaccine Covid,,47,,Sức khỏe,"14.843.894 liều vaccine mũi 3 đã được tiêm cho người từ 18 tuổi trở lên, đạt tỷ lệ 21,4% dân số, trong đó TP HCM tiêm nhiều nhất với hơn 3,7 triệu liều, tính đến ngày 25/1.",NamSyntax/vietnamese-news-classification
namsyntax_722861,10 năm để giải phóng mặt bằng đất vàng Tây Hồ Tây,,52,,Bất động sản,"Giải phóng mặt bằng trong 10 năm, đó hầu như là một việc “điên rồ”. Thế
nhưng Daewoo E&C lại chấp nhận điều đó để tạo nên Starlake Hà Nội -
khu đô thị hiện đại bậc nhất Việt Nam",NamSyntax/vietnamese-news-classification
namsyntax_256872,"Mỹ, Hàn Quốc phóng loạt tên lửa để đáp trả Triều Tiên",,49,,Thế giới,"Mỹ và Hàn Quốc hôm nay (5/10) đã phóng bốn tên lửa đất đối đất vào vùng biển phía đông khi diễn tập chung, một ngày sau khi Triều Tiên phóng tên lửa đạn đạo tầm trung.",NamSyntax/vietnamese-news-classification
namsyntax_678786,Sử dụng các tính năng miễn phí như xem video tại Vclip.vn,,50,,Khoa học,Hỏi: Tôi đăng ký gói thuê bao tháng của Vclip.vn của VinaPhone vào đầu tháng nhưng cuối tháng máy tôi hết tiền. Tôi có thể sử dụng các tính năng miễn phí như xem video tại Vclip.vn không?,NamSyntax/vietnamese-news-classification
namsyntax_1030041,4 nhà thiết kế làm trang phục tôn vinh 'Ngôi sao của năm',,45,,Giải trí,"NTK Đỗ Mạnh Cường, Chung Thanh Phong, Võ Công Khanh, Phan Đăng Hoàng sẽ giới thiệu thiết kế mang dấu ấn 20 năm của trang Ngôi Sao tại sự kiện tối 18/12.",NamSyntax/vietnamese-news-classification
namsyntax_612004,Bà cụ bắn hạ drone vì lầm tưởng nó gây hại,,36,,Khoa học,"Sống ở nông thôn, bà Jennifer Youngman không hề biết drone là loại máy móc gì nên đã bắn hạ nó bằng một khẩu shotgun.",NamSyntax/vietnamese-news-classification
namsyntax_731840,Khu tập thể ngập 'chuồng cọp' ở Hà Nội trước phương án cải tạo lại,,59,,Bất động sản,"Tường nhiều năm tuổi đã bị nứt, nhiều bức ẩm mốc không thể sửa, còn chuồng cọp mọc lên vây tứ phía là tình cảnh tại Khu tập thể Nghĩa Tân (Cầu Giấy, Hà Nội). Nơi đây đang có khoảng 6.000 dân sinh sống.",NamSyntax/vietnamese-news-classification
namsyntax_912532,"Tin tức về chuyển nhượng 15/7: MU mua Sesko, Arsenal lấy Eze",,36,,Thể thao,"Tin tức về chuyển nhượng 15/7: MU triển khai kế hoạch mua Benjamin Sesko, Arsenal muốn lấy Eberechi Eze, Newcastle tranh ký Hugo Ekitike.",NamSyntax/vietnamese-news-classification
namsyntax_703322,Ebay cấm bán hàng làm từ ngà voi,,43,,Khoa học,Trang web đấu giá trực tuyến eBay hôm qua (20/10) tuyên bố sẽ ban hành lệnh cấm trên toàn cầu về việc bán tất cả các sản phẩm ngà voi bắt đầu từ năm tới.,NamSyntax/vietnamese-news-classification
namsyntax_740007,Sống xanh hoàn hảo ở Lavila De Rio,,58,,Bất động sản,"Khi đủ đầy niềm vui và sự hứng khởi, năng lượng sống sẽ được tái tạo, sức khỏe được bồi đắp, tâm hồn được rộng mở. Nguồn cảm hứng này trở thành yếu tố cốt lõi để xây dựng Lavila De Rio trở nên lý tưởng giữa Nam Sài Gòn.",NamSyntax/vietnamese-news-classification
namsyntax_1167722,Phó giám đốc trung tâm đăng kiểm lớn nhất Đồng Nai bị bắt,,41,,Pháp luật,"Ông Trần Minh Lợi bị cáo buộc sai phạm trong việc đăng kiểm xe cơ giới tại Trung tâm đăng kiểm xe 60-01S, lớn nhất tỉnh Đồng Nai.",NamSyntax/vietnamese-news-classification
namsyntax_885585,Công Phượng thừa nhận khó lên tuyển Việt Nam,,42,,Thể thao,"Trên báo Nhật Bản Hochi, tiền đạo Nguyễn Công Phượng cho rằng việc có quá ít thời gian thi đấu tại Yokohama FC sẽ cản trở khả năng trở lại tuyển Việt Nam.",NamSyntax/vietnamese-news-classification
namsyntax_733184,Kỷ luật ba cán bộ liên quan vụ lừa đảo bán đất tại Bạc Liêu,,50,,Bất động sản,Ba cán bộ thị xã Giá Rai (Bạc Liêu) bị kỷ luật bằng hình thức cảnh cáo vì liên quan đến việc để xảy ra sai phạm trong Dự án Khu dân cư Nọc Nạng.,NamSyntax/vietnamese-news-classification
namsyntax_599493,Apple mua và phát hành miễn phí ứng dụng tự động hoá công việc Workflow,,64,,Khoa học,"Apple mua lại ứng dụng Workflow nhưng không đóng cửa nó như các vụ thâu tóm khác. Ngược lại, hãng giữ lại ứng dụng trên App Store và phát hành miễn phí nó, loại bỏ mức phí 2,99 USD mà các nhà phát triển Workflow đưa ra trước đây.",NamSyntax/vietnamese-news-classification
namsyntax_1115525,Em trai tiết lộ 12 bí mật chưa từng kể về Minh Hằng,,51,,Giải trí,"Cậu em điển trai của nữ diễn viên ""Vừa đi vừa khóc"" tiết lộ điểm yếu của
chị gái là làm việc theo cảm xúc, ăn nhiều nhưng sòng phẳng với cả
người nhà trong chuyện tiền bạc.",NamSyntax/vietnamese-news-classification
namsyntax_802475,6 bài tập giảm mỏi mắt,,35,,Sức khỏe,Chớp mắt liên tục để kích thích nước mắt tiết ra hoặc nhắm mắt và úp tay lên giữ nguyên trong 30 giây cũng làm dịu cơn nhức mỏi.,NamSyntax/vietnamese-news-classification
namsyntax_570244,Bí kíp để có ngay 10 GB data/ngày khi đi du lịch,,61,,Khoa học,"ictnews Dịp nghỉ Tết Dương lịch sắp đến gần, chúng ta xách ba lô lên và đi thôi chưa đủ phải “xách” theo cả Wi-Fi mới đủ bộ. Và bộ phát Wi-Fi có dung lượng lên đến 10GB data chắc chắn sẽ là người bạn đồng hành đáng giá.",NamSyntax/vietnamese-news-classification
namsyntax_1208771,Thí sinh Hà Nội bị thu hồi bằng tốt nghiệp THPT sau nửa năm thi,,46,,Giáo dục,"Hà Nội - Một cựu học sinh trường THPT Đan Phượng bị hủy kết quả, thu hồi bằng vì gian lận, sau gần nửa năm diễn ra kỳ thi tốt nghiệp.",NamSyntax/vietnamese-news-classification
namsyntax_736859,TP.HCM: Xử lý nhiều điểm nóng sai phạm chung cư,,49,,Bất động sản,"UBND TP.HCM vừa chỉ đạo Thanh tra TP và Sở Xây dựng vào cuộc để tiến hành làm rõ trách nhiệm, đề xuất biện pháp xử lý triệt để sai phạm, đối với 2 chung cư trên địa bàn.",NamSyntax/vietnamese-news-classification
namsyntax_352958,Cổ phiếu doanh nghiệp Trung Quốc tăng 13.000% 'bốc hơi',,36,,Kinh doanh,"Ba ngày sau IPO thành hiện tượng với việc tăng giá cổ phiếu tới 13.000%, Addentax Group hiện đã mất hơn 19 tỷ USD vốn hóa.",NamSyntax/vietnamese-news-classification
namsyntax_464100,Tranh cãi nảy lửa vụ 16 tấn rau câu nghi nhiễm độc,,56,,Kinh doanh,"Liên quan vụ “16 tấn thực phẩm nghi nhiễm độc, 3 bộ bất đồng”, ngày
28/7 Cục An toàn thực phẩm (ATTP) - Bộ Y tế đã họp với đại diện một số
bên liên quan, song chưa ngã ngũ ai đúng, ai sai…",NamSyntax/vietnamese-news-classification
namsyntax_853652,U19 Việt Nam hạ đội bóng châu Âu,,29,,Thể thao,U19 Việt Nam vượt qua U19 FK Sarajevo 2-1 trong trận giao hữu chiều 26/10 ở trung tâm đào tạo PVF.,NamSyntax/vietnamese-news-classification
namsyntax_51132,Thanh Hóa giảm 5 sở sau khi tinh gọn bộ máy,,39,,Thời sự,"Tỉnh ủy Thanh Hóa vừa có dự thảo đề án sắp xếp tinh gọn tổ chức bộ máy hệ thống chính trị, dự kiến sẽ giảm 5 sở.",NamSyntax/vietnamese-news-classification
namsyntax_1122753,Lý Nhã Kỳ lần đầu làm MC ca nhạc,,50,,Giải trí,"Nói không với hát nhép, nhưng có rất nhiều chiêu
trò được dàn dựng trên sân khấu, live show ""Hắc bạch công tử""
tại TP.HCM của cặp ca sĩ Lâm Vũ và Vân Quang Long đã làm mãn
nhãn người xem.",NamSyntax/vietnamese-news-classification
namsyntax_792215,Thói quen ngủ của bạn có hại phổi?,,42,,Sức khỏe,"Tuổi tác, chất lượng không khí, hóa chất ảnh hưởng đến sức khỏe phổi, ngoài ra tư thế ngủ cũng tác động tích cực hoặc tiêu cực đến chức năng của cơ quan này.",NamSyntax/vietnamese-news-classification
namsyntax_658561,Đà Nẵng khẳng định không lãng phí khi xây 6 khu CNTT tập trung,,61,,Khoa học,"Có ý kiến e ngại việc ""tụ hội"" tới 6 khu CNTT tập trung trên địa bàn nhỏ hẹp như Đà Nẵng có thể gây lãng phí đầu tư. Tuy nhiên, Giám đốc Sở TT&TT Đà Nẵng Phạm Kim Sơn khẳng định không có chuyện lãng phí.",NamSyntax/vietnamese-news-classification
namsyntax_1071309,Ca sĩ Trọng Tấn 4 lần 'trả nợ' NSND Trần Hiếu,,53,,Giải trí,"Được hai triệu tiền thưởng, Trọng Tấn mừng quá đi tìm thầy để trả nợ. NSND Trần Hiếu gạt tay, bảo: 'Tôi không lấy đâu, bây giờ cái cần nhất là cậu phải có một bộ quần áo mặc cho tử tế'.",NamSyntax/vietnamese-news-classification
namsyntax_296959,IS chuẩn bị tấn công Đông Nam Á?,,39,,Thế giới,Giới chuyên gia cảnh báo có nhiều chỉ dấu cho thấy IS có thể tấn công những điểm du lịch hoặc sân bay ở Đông Nam Á trong mùa hè này.,NamSyntax/vietnamese-news-classification
namsyntax_560844,Đến lượt Mazda CX - 5 giảm giá 50 triệu đồng,,39,,Khoa học,"ictnews Mazda CX-5 hiện được giảm giá tới 50 triệu đồng trong tháng 6. Với mức giảm này, Mazda CX-5 2.0 giảm giá xuống dưới 850 triệu đồng.",NamSyntax/vietnamese-news-classification
namsyntax_1331329,Khai mạc Hội chợ Du lịch quốc tế TP.HCM 2015,,46,,Đời sống,"Hội chợ Du lịch Quốc tế TP Hồ Chí Minh năm 2015 với chủ đề “ Việt Nam- Lào- Campuchia- Myanmar- Thái Lan - Năm quốc gia, Một điểm đến” được khai mạc chiều tối qua.",NamSyntax/vietnamese-news-classification
namsyntax_319698,Xuất hiện lỗ hổng bí hiểm ở Nhà Trắng,,52,,Thế giới,"Đó là một cái lỗ cực lớn tại khu vườn nổi tiếng nhất thế giới
nhưng không ai biết nó để làm gì. Các công nhân đã đào xới ở bãi cỏ
trước Nhà Trắng cho một dự án bí hiểm, tối mật.",NamSyntax/vietnamese-news-classification
namsyntax_1229421,CEO High School - thêm cơ hội cho học sinh vào lớp 10,,56,,Giáo dục,"Hiện nay, nhiều phụ huynh đặt nặng vấn đề con phải học trường THPT công lập. Thực tế, đây không phải là “lối đi” duy nhất. Điều quan trọng là học sinh, phụ huynh cần lựa chọn môi trường học tập phù hợp.",NamSyntax/vietnamese-news-classification
namsyntax_52360,"Vụ người đàn ông bị đánh vì làm thơ đăng Facebook, triệu tập 7 đối tượng",,56,,Thời sự,"Khi đang ăn cơm trong nhà, ông Ngô Văn Lư bất ngờ bị một nhóm người lạ mặt lao vào hành hung bị thương. Nhóm người này sau đó đã bị cơ quan Công an triệu tập đến làm việc.",NamSyntax/vietnamese-news-classification
namsyntax_756935,Thêm 12 người nhập cảnh nhiễm nCoV,,33,,Sức khỏe,"Bộ Y tế chiều 2/11 ghi nhận 12 ca dương tính nCoV, đều là người nhập cảnh được cách ly ngay. Số ca nhiễm lên 1.192.",NamSyntax/vietnamese-news-classification
namsyntax_1004110,Phim về hành trình thành công của BTS,,31,,Giải trí,"""Blue Sky"" là tác phẩm tái hiện chặng đường từ khi BTS ra mắt đến hoạt động hiện tại của nhóm nhạc Hàn.",NamSyntax/vietnamese-news-classification
namsyntax_1156972,Làm giả hàng loạt Facebook để câu view bán hàng,,41,,Pháp luật,"Đặng Quốc Bảo, 40 tuổi, bị công an lập biên bản xử lý về hành vi làm nhiều trang Facebook giả mạo cơ quan, tổ chức nhà nước để câu view.",NamSyntax/vietnamese-news-classification
namsyntax_818477,Đa số bệnh nhân trong vụ cháy chung cư mini đang diễn biến tích cực,,46,,Sức khỏe,"Trong số 27 bệnh nhân đang điều trị tại Bệnh viện Bạch Mai (Hà Nội), chỉ còn 1 người phải thở máy, các trường hợp khác đang tiến triển tích cực.",NamSyntax/vietnamese-news-classification
namsyntax_85346,"Trao trăm tấn gạo và cá, ai không được nhận thì nhắn tin cho GĐ Công an",,65,,Thời sự,Công an tỉnh An Giang sẽ tiếp tục trao 200 tấn gạo và hàng chục tấn cá cho người dân gặp khó khăn. Nếu người nào khó khăn mà không có trong danh sách nhận gạo có thể nhắn tin trực tiếp cho Đại tá Đinh Văn Nơi.,NamSyntax/vietnamese-news-classification
namsyntax_602837,Apple vá lỗi khiến MacBook Pro 2016 nhanh sụt pin,,29,,Khoa học,Một trong các vấn đề bị phàn nàn nhiều nhất trên MacBook Pro 2016 đã được Apple xử lý.,NamSyntax/vietnamese-news-classification
namsyntax_768582,Vì sao khó phát hiện Omicron tàng hình bằng test nhanh?,,27,,Sức khỏe,"Test nhanh không đúng kỹ thuật, chưa đúng thời điểm… khó phát hiện Omicron tàng hình.",NamSyntax/vietnamese-news-classification
namsyntax_1158961,Kê khống 400 triệu tiền lương công nhân,,37,,Pháp luật,"Cao Bằng - Ma Thị Thu Hằng bị cáo buộc kê khai, thanh toán khống tiền lương công nhân, tiền mua vật tư để chiếm đoạt 400 triệu đồng.",NamSyntax/vietnamese-news-classification
namsyntax_1084776,Vũ Thu Phương tâm sự 'đã làm dì ghẻ nên thương con chồng',,46,,Giải trí,"- Thay mặt chồng đi dự lễ tốt nghiệp của con gái, siêu mẫu Vũ Thu Phương khiến nhiều người nể phục khi luôn quan tâm, lo lắng cho con riêng của chồng.",NamSyntax/vietnamese-news-classification
namsyntax_499644,Facebook kiểm duyệt nội dung bằng AI thế nào,,41,,Khoa học,"Facebook xây dựng thuật toán AI có thể hiểu văn bản bằng nhiều ngôn ngữ, trong đó có tiếng Việt, từ đó nhận diện nội dung xấu độc để chặn hiển thị.",NamSyntax/vietnamese-news-classification
namsyntax_1166266,Giám đốc EVN Bình Thuận và 16 người bị bắt,,43,,Pháp luật,"Ông Nguyễn Thành Ngôn, Giám đốc EVN Bình Thuận cùng người tiền nhiệm Trần Ngọc Linh bị cáo buộc nhận hối lộ; sai phạm đấu thầu, kế toán trong quản lý doanh nghiệp.",NamSyntax/vietnamese-news-classification
namsyntax_751141,Tăng đề kháng đường hô hấp bằng bào tử lợi khuẩn,,35,,Sức khỏe,"Sử dụng bào tử lợi khuẩn là giải pháp giúp cơ thể khỏe mạnh, đẩy lùi nguy cơ mắc bệnh do virus, vi khuẩn.",NamSyntax/vietnamese-news-classification
namsyntax_242682,"Israel tiết lộ mục tiêu ở Lebanon, Nga và Mỹ kêu gọi giảm căng thẳng",,45,,Thế giới,Israel liên tục không kích Lebanon nhằm thay đổi cán cân sức mạnh trong khu vực. Nga và Mỹ kêu gọi các bên hạ nhiệt căng thẳng tại Trung Đông.,NamSyntax/vietnamese-news-classification
namsyntax_27184,Ra mắt sách của Tổng bí thư về ngoại giao,,49,,Thời sự,"Sách Xây dựng và phát triển nền đối ngoại, ngoại giao Việt Nam toàn diện, hiện đại, mang đậm bản sắc ""cây tre Việt Nam"" của Tổng bí thư Nguyễn Phú Trọng ra mắt tại Hà Nội, chiều 21/11.",NamSyntax/vietnamese-news-classification
namsyntax_357191,Triển vọng của các ngân hàng bán lẻ,,38,,Kinh doanh,"Theo chuyên gia từ VIB, ngân hàng có tỷ trọng bán lẻ cao sẽ duy trì tốc độ tăng trưởng lợi nhuận cao hơn trung bình ngành trong năm nay.",NamSyntax/vietnamese-news-classification
namsyntax_1134950,Công an vào cuộc vụ nhân viên nhà xe làm 8 người mắc Covid-19 ở Đắk Lắk,,52,,Pháp luật,Công an đã vào cuộc thu thập hồ sơ liên quan đến vụ nhân viên nhà xe Tiến Oanh ở TP Buôn Ma Thuột (Đắk Lắk) làm lây lan dịch Covid-19 đối với 8 người.,NamSyntax/vietnamese-news-classification
namsyntax_1172125,Người quảng cáo có phải chịu trách nhiệm về chất lượng sản phẩm?,,48,,Pháp luật,"Nếu sản phẩm được quảng cáo là hàng chính hãng, chất lượng tốt, trong khi thực tế là hàng nhái, hàng kém chất lượng thì người quảng cáo có phải chịu trách nhiệm hay không?",NamSyntax/vietnamese-news-classification
namsyntax_395850,Doanh nghiệp của ông Nguyễn Thiện Tuấn giảm gần 90% lợi nhuận,,44,,Kinh doanh,Tổng Công ty Xây Dựng DIG ghi nhận doanh thu và lợi nhuận trong quý II/2023 giảm 90% so với cùng kỳ năm trước do doanh thu bất động sản giảm mạnh.,NamSyntax/vietnamese-news-classification
namsyntax_1059058,"Mạnh Quỳnh tuổi 52: 'Tôi mắc nhiều bệnh, suýt bị đột quỵ'",,42,,Giải trí,"Ngoài 50, Mạnh Quỳnh nói sức khỏe anh xuống dốc, mắc nhiều bệnh. Bác sĩ cảnh báo anh không nên bay đường dài vì lo ngại bệnh tình trở nặng.",NamSyntax/vietnamese-news-classification
namsyntax_265554,"Giẫm đạp lên nhau ở lễ hội, hàng trăm người Israel thương vong",,41,,Thế giới,"Ít nhất 28 người thiệt mạng và 100 người bị thương, khi họ dẫm đạp lên nhau trong Lễ Đốt lửa được tổ chức ở Israel đêm 29/4.",NamSyntax/vietnamese-news-classification
namsyntax_357472,Những nơi nhiều tỷ phú nhất thế giới,,36,,Kinh doanh,"Mỹ, Trung Quốc và Ấn Độ dẫn đầu danh sách của Forbes về số lượng tỷ phú năm nay, đóng góp nửa số đại diện trên toàn cầu.",NamSyntax/vietnamese-news-classification
namsyntax_241099,Israel điều tra vợ Thủ tướng Netanyahu,,44,,Thế giới,Các công tố viên Israel đã ra lệnh điều tra vợ của Thủ tướng Benjamin Netanyahu vì cáo buộc cố gắng tác động đến một nhân chứng liên quan vụ xét xử tham nhũng chống chồng bà.,NamSyntax/vietnamese-news-classification
namsyntax_1078619,Rihanna chia tay bồ tỷ phú sau 3 năm hẹn hò,,32,,Giải trí,Nữ ca sĩ vừa chính thức xác nhận chia tay ỷ phú người Ảrập Hassan Jameel sau 3 năm yêu nhau.,NamSyntax/vietnamese-news-classification
namsyntax_1168866,Đâm chết người vì nghĩ bị nhìn đểu,,43,,Pháp luật,"Nghệ An - Hồ Ngọc Sao bị tuyên 19 năm tù, Nguyễn Văn Thế lĩnh 15 năm vì đâm chết anh Nguyễn Xuân Hữu, do nghi ngờ nạn nhân nhìn đểu mình tại quán nhậu.",NamSyntax/vietnamese-news-classification
namsyntax_366787,"BIDV, Agribank nói sẽ bán vàng 'không vì lợi nhuận'",,44,,Kinh doanh,"BIDV, Agribank - hai trong số 4 ngân hàng quốc doanh cho biết sẽ bán vàng miếng với giá phù hợp để bình ổn thị trường, nên không đặt ra mục tiêu lợi nhuận.",NamSyntax/vietnamese-news-classification
namsyntax_1219637,Phát động chương trình “Học sinh nói không với đồ uống có cồn”,,44,,Giáo dục,"Lễ phát động chương trình “Học sinh nói không với đồ uống có cồn” đã diễn ra vào sáng nay, 24/8, tại Trường THPT Nguyễn Văn Huyên (thành phố Tuyên Quang).",NamSyntax/vietnamese-news-classification
namsyntax_691271,Theo dõi 5 giải bóng đá châu Âu một cách 'cực đơn giản',,50,,Khoa học,"Ngày 16/9, báo điện tử VietnamPlus và hãng thông tấn AFP đã khai trương trang đồ họa thể thao tương tác về 5 giải bóng đá ngoại hạng gồm Anh, Italia, Đức, Pháp và Tây Ban Nha.",NamSyntax/vietnamese-news-classification
namsyntax_403298,Xuất hiện tình trạng F0 âm thầm xả hàng dưới giá vốn?,,39,,Kinh doanh,"Ở một số dự án căn hộ, luôn có lượng khách hàng F0 âm thầm xả hàng dưới giá vốn do áp lực về nguồn tài chính.",NamSyntax/vietnamese-news-classification
namsyntax_222562,Nghi vấn quanh tuyên bố 'phóng tên lửa siêu vượt âm' của Houthi,,41,,Thế giới,"Lực lượng Houthi tuyên bố dùng vũ khí siêu vượt âm tập kích Israel, song Tel Aviv tuyên bố đây chỉ là tên lửa đạn đạo thông thường.",NamSyntax/vietnamese-news-classification
namsyntax_1233427,Giáo viên mầm non ở Quảng Bình mạo hiểm vượt lũ vì hết lương thực,,50,,Giáo dục,"Mặc dù nước lũ chảy xiết nhưng 21 cô giáo mầm non của Trường mầm non Tân Thượng Trạch, huyện Bố Trạch, Quảng Bình vẫn dìu nhau qua suối vì gạo, thức ăn đã hết.",NamSyntax/vietnamese-news-classification
namsyntax_725121,"Nghìn tỷ khơi thông bất động sản, thêm loạt dự án được vay hỗ trợ lãi suất 2%",,57,,Bất động sản,"9 dự án nhà ở xã hội, nhà ở công nhân, cải tạo chung cư cũ đủ điều kiện vay vốn ưu đãi với nhu cầu vay vốn theo đề xuất của các địa phương khoảng 1.420 tỷ đồng.",NamSyntax/vietnamese-news-classification
namsyntax_756901,Mẹo chăm con sốt khi trời lạnh,,33,,Sức khỏe,"Mẹ nấu cháo, canh giấc ngủ, dùng thuốc hạ sốt, ôm bé vỗ về để trẻ không sợ hãi trước cơn sốt và nhanh khỏi ốm.",NamSyntax/vietnamese-news-classification
namsyntax_959101,Duy Mạnh ăn mừng bàn thắng dễ nhất trong sự nghiệp,,45,,Thể thao,"- Hàng thủ như mơ ngủ của chủ nhà Indonesia đã biếu không cho tuyển Việt Nam một bàn thắng, và người có pha ghi bàn rất dễ dàng là trung vệ Duy Mạnh.",NamSyntax/vietnamese-news-classification
namsyntax_944646,Lịch thi đấu World Cup Futsal 2021 của ĐT Việt Nam,,41,,Thể thao,Lịch thi đấu FIFA Futsal World Cup 2021 - Cập nhật lịch thi đấu của ĐT Futsal Việt Nam ở VCK FIFA Futsal World Cup 2021 nhanh và chính xác.,NamSyntax/vietnamese-news-classification
namsyntax_717178,Long An gia hạn dự án khu đô thị gần 166 ha của Tân Tạo,,44,,Bất động sản,"Tỉnh Long An vừa cho phép dự án E.City Tân Đức, quy mô gần 166 ha của Tập đoàn Tân Tạo, được gia hạn tiến độ thêm 12 tháng.",NamSyntax/vietnamese-news-classification
namsyntax_124224,"Việt Nam, Myanmar ký Tuyên bố chung về quan hệ Đối tác Hợp tác Toàn diện",,45,,Thời sự,"Nhân chuyến thăm cấp nhà nước CHLB Myanmar của TBT Nguyễn Phú Trọng, hai bên đã ký Tuyên bố chung về quan hệ Đối tác Hợp tác Toàn diện.",NamSyntax/vietnamese-news-classification
namsyntax_696263,Viettel - Tập đoàn duy nhất không có Hội đồng quản trị,,49,,Khoa học,"Chính thức ra mắt sáng nay (12/01), Viettel là tập đoàn kinh tế nhà nước đầu tiên trực thuộc cấp Bộ (Bộ Quốc phòng) và không có Hội đồng quản trị do đặc thù trong quân đội.",NamSyntax/vietnamese-news-classification
namsyntax_865826,Jorginho ngầm ca ngợi Tuchel hơn Lampard,,33,,Thể thao,Tiền vệ người Italy Jorginho cho rằng cách điều phối tuyến giữa của Chelsea thời tân HLV Thomas Tuchel hợp lý hơn so với Frank Lampard.,NamSyntax/vietnamese-news-classification
namsyntax_1072836,Lã Thanh Huyền bóc 'phốt' Diễm My buổi gặp fan 'Tình yêu và tham vọng',,39,,Giải trí,"Lã Thanh Huyền kể Diễm My rất sợ ma, háu ăn và hay quên nên bị đàn chị đặt cho biệt danh My 'ngẫn'.",NamSyntax/vietnamese-news-classification
namsyntax_1153998,"Mua thận ghép giá 1,1 tỷ đồng",,37,,Pháp luật,"Hà Nội - Trần Xuân Hiệp và Nguyễn Duy Phương thu của người mua thận 1,1 tỷ đồng song chỉ trả cho người bán 230 triệu đồng một quả thận.",NamSyntax/vietnamese-news-classification
namsyntax_1225765,Top 200 thí sinh có điểm thi tốt nghiệp THPT khối C00 cao nhất năm 2025,,47,,Giáo dục,"Top 200 thí sinh có điểm thi tốt nghiệp THPT năm 2025 khối C00 cao nhất cả nước đến từ nhiều tỉnh thành, trong đó dẫn đầu là tỉnh Nghệ An.",NamSyntax/vietnamese-news-classification
namsyntax_203169,Tổng thống Putin yêu cầu tăng tốc cung cấp vũ khí cho quân đội,,44,,Thế giới,"Ông Putin yêu cầu các tập đoàn quốc phòng tăng sản lượng và tiến độ bàn giao vũ khí cho quân đội, cũng như cải tiến chất lượng sản phẩm.",NamSyntax/vietnamese-news-classification
namsyntax_730906,Phong thủy nhà ở tránh nghèo túng cho gia chủ,,31,,Bất động sản,"Những mẹo phong thủy đơn giản như thế này, nhưng có thể khiến gia chủ thoát được nghèo túng, nợ nần...",NamSyntax/vietnamese-news-classification
namsyntax_1216160,Sẽ đình chỉ tuyển sinh khi trường đại học tuyển sai từ 30 người học,,32,,Giáo dục,"Ngoài phạt tiền, trường đại học có thể bị đình chỉ tuyển sinh trong nhiều trường hợp.",NamSyntax/vietnamese-news-classification
namsyntax_1135241,"Vụ thanh niên thách bạn gái tự tử còn uẩn khúc, viện kiểm sát đề nghị hủy bản án",,67,,Pháp luật,"Cho rằng cái chết của nạn nhân Trình Lê Minh Ng. có nhiều uẩn khúc, nhiều vấn đề chưa được làm rõ, VKSND cấp cao tại TP.HCM đã kháng nghị theo thủ tục giám đốc thẩm, đề nghị hủy toàn bộ bản án sơ thẩm và phúc thẩm.",NamSyntax/vietnamese-news-classification
namsyntax_166314,Hà Nội khắc phục xong đường ống nước bị vỡ,,46,,Thời sự,"Ông Nguyễn Văn Tốn - Tổng Giám đốc Công ty Cổ phần
nước sạch Vinaconex cho biết, đến 4h30 ngày 22/11, sự cố vỡ đường ống
nước trên Đại lộ Thăng Long đã được khắc phục.",NamSyntax/vietnamese-news-classification
namsyntax_737599,"Nhà đất giảm giá, người mua vẫn ‘mất hút’",,43,,Bất động sản,"Sau thời gian neo giá cao, không ít dự án giảm giá, khuyến mãi với thời gian thanh toán linh hoạt. Tuy nhiên, người mua vẫn mất hút trong tâm lý chờ “bắt đáy”.",NamSyntax/vietnamese-news-classification
namsyntax_242557,"Rộ tin Iran sắp tấn công Israel, Tel Aviv triệu tập 4 lữ đoàn dự bị",,47,,Thế giới,"Một quan chức cấp cao trong Nhà Trắng tiết lộ, Iran nhiều khả năng đang chuẩn bị thực hiện một vụ tấn công bằng tên lửa đạn đạo nhằm vào Israel.",NamSyntax/vietnamese-news-classification
namsyntax_355620,Panasonic Electric Works tài trợ thiết bị thực hành cho sinh viên,,47,,Kinh doanh,Panasonic Electric Works Việt Nam tài trợ bộ thiết bị thực hành trị giá 300 triệu đồng cho Trường Cao đẳng nghề Bách khoa Hà Nội và gói học bổng tặng sinh viên xuất sắc.,NamSyntax/vietnamese-news-classification
namsyntax_1336043,Bánh mì que - món bình dân quá đỗi tự hào của người dân Hải Phòng,,53,,Đời sống,"Chiếc bánh mì cho nhỉnh hơn hai đốt ngón tay, dài chừng một gang, nhân
""nghèo nàn"" chỉ gồm duy nhất pate mà lại là món ăn khiến người đất cảng
Hải Phòng nở mày nở mặt.",NamSyntax/vietnamese-news-classification
namsyntax_1209544,Một tỉnh ra quyết định cấm dạy thêm mỗi lớp quá 2 giờ/ngày,,44,,Giáo dục,"Ninh Bình cấm tổ chức dạy thêm, học thêm vào các khoảng thời gian trước 7h và sau 21h30 hằng ngày; mỗi lớp học thêm không quá 2 giờ mỗi ngày.",NamSyntax/vietnamese-news-classification
namsyntax_525588,Châu Kiệt Luân mất NFT giá gần nửa triệu USD,,37,,Khoa học,Nam ca sĩ Đài Loan Châu Kiệt Luân cho biết đã bị hacker đánh cắp NFT Bored Ape Yacht Club (BAYC) thông qua một website lừa đảo.,NamSyntax/vietnamese-news-classification
namsyntax_1221754,Hà Nội có thể sẽ thêm 2 trường chuyên,,47,,Giáo dục,"Thực hiện quy định của Bộ GD-ĐT về quy chế hoạt động của trường THPT chuyên, Hà Nội dự kiến xây dựng, lập đề án để Trường THPT Chu Văn An và THPT Sơn Tây thành trường chuyên.",NamSyntax/vietnamese-news-classification
namsyntax_353743,"Generali triển khai chương trình 'Sinh con, sinh cha' tại Nghệ An",,42,,Kinh doanh,"Chương trình ""Sinh con, sinh cha"" chia sẻ những kiến thức bổ ích cho gần 700 phụ huynh, trẻ em và cán bộ, giáo viên trường mầm non Hoa Sen.",NamSyntax/vietnamese-news-classification
namsyntax_168175,Gần 400 người 'ngăn sông' tìm xe bị lũ cuốn,,44,,Thời sự,"Ban Chỉ huy tìm kiếm chiếc xe có 5 người mất tích do
lũ cuốn đã tung thêm lực lượng là người dân bản địa lặn giỏi và
triển khai phương án ""ngăn sông""...",NamSyntax/vietnamese-news-classification
namsyntax_546636,Tiền mặt sẽ không còn là,,46,,Khoa học,"Đại dịch Covid-19 đã tác động đến nhu cầu thanh toán bằng tiền mặt trên toàn cầu, trong đó có Mỹ. Nhưng thanh toán điện tử có thể thay thế hoàn toàn tiền mặt trong thời gian tới hay không?",NamSyntax/vietnamese-news-classification
namsyntax_1129737,Đề xuất nộp lại biển số khi bán xe,,40,,Pháp luật,"Bộ Công an đề xuất ràng buộc trách nhiệm của chủ phương tiện khi bán, cho tặng, di chuyển xe đi tỉnh khác phải nộp lại biển số và đăng ký.",NamSyntax/vietnamese-news-classification
namsyntax_182285,Chợ phiên độc đáo giữa Thủ đô,,51,,Thời sự,"Cũng bày biện sơ sài trên những chiếc bàn,
mỗi tuần chỉ họp một phiên giống như những chợ phiên vùng cao, hàng hóa cũng
là nông sản, thực phẩm, quần áo, giày dép… chỉ khác là người bán, mua chủ
yếu là... Tây.",NamSyntax/vietnamese-news-classification
namsyntax_734555,Bộ Tư pháp lên tiếng về văn bản ‘cá biệt’ thành lập BQT chung cư Hapulico,,48,,Bất động sản,"Bộ Tư pháp trả lời về văn bản ""cá biệt"" của Bộ Xây dựng về việc thành lập ban quản trị chung cư Hapulico không thông qua Hội nghị nhà chung cư.",NamSyntax/vietnamese-news-classification
namsyntax_1141404,Truy nã toàn quốc phạm nhân trốn trại ở Quảng Ninh,,52,,Pháp luật,"Phạm Nhân Lăng Văn Phi bị Cục Cảnh sát quản lý trại giam, cơ sở giáo dục bắt buộc, trường giáo dưỡng, Bộ Công an ra quyết định truy nã toàn quốc vì hành vi trốn khỏi trại giam Quảng Ninh.",NamSyntax/vietnamese-news-classification
namsyntax_951284,Xem trực tiếp Man City vs Liverpool ở đâu?,,31,,Thể thao,"Cung cấp lịch thi đấu và phát sóng trực tiếp trận Man City vs Liverpool, ở vòng 8 Ngoại hạng Anh 2020-2021.",NamSyntax/vietnamese-news-classification
namsyntax_982612,Video bàn thắng Watford 1-2 Chelsea,,38,,Thể thao,Bàn thắng của Diego Costa ở phút cuối hiệp 2 đã mang lại thắng lợi 2-1 đầy khó khăn của Chelsea trên sân nhà Watford tại vòng đấu thứ 2 Premier League.,NamSyntax/vietnamese-news-classification
namsyntax_222509,Ông Zelensky: Chiến dịch Kursk buộc Nga điều chuyển 40.000 quân,,41,,Thế giới,"Tổng thống Zelensky tuyên bố chiến dịch ở Kursk buộc Nga rút 40.000 quân từ nơi khác để đối phó, nhưng thừa nhận tình hình Donbass vẫn rất khó khăn.",NamSyntax/vietnamese-news-classification
namsyntax_727275,3 ưu thế vượt trội của dự án Osaka Complex Hoàng Mai,,58,,Bất động sản,"Mang tới một không gian Nhật Bản với lối thiết kế hiện đại, độc đáo và được tối ưu khi sử dụng, Osaka Complex thu hút rất nhiều khách hàng quan tâm và mong muốn sở hữu cho gia đình mình một căn hộ tại đây.",NamSyntax/vietnamese-news-classification
namsyntax_777712,Bệnh viện hơn 100 tuổi thành khu điều trị kỹ thuật cao,,50,,Sức khỏe,"TP HCM - Ngày 21/2, Bệnh viện Nguyễn Trãi khánh thành Khu điều trị kỹ thuật cao, trở thành trung tâm y tế chuyên sâu kỹ thuật xâm lấn tối thiểu như nội soi, tầm soát ung thư.",NamSyntax/vietnamese-news-classification
namsyntax_404962,"Đi sau Thái Lan, 'hành động mới' để Việt Nam vượt đối thủ",,54,,Kinh doanh,"Mở cửa từ 15/3, du lịch Việt Nam vấp phải sự cạnh tranh mạnh mẽ ngay từ các nước trong khu vực. Cũng giàu tiềm năng, thị trường nào có sản phẩm và cung cách phục vụ khác biệt sẽ thắng.",NamSyntax/vietnamese-news-classification
namsyntax_243036,Trung Quốc đưa tàu sân bay hiện đại nhất ra biển,,55,,Thế giới,"Tàu sân bay thứ 3 và là chiếc tiên tiến nhất của hải quân Trung Quốc, CNS Phúc Kiến ngày 3/9 đã hạ thủy lần thứ 4 để thực hiện cuộc thử nghiệm trên biển mới sau khi ra khơi cách đây 2 năm.",NamSyntax/vietnamese-news-classification
namsyntax_716508,Trung Quốc tìm cách gỡ khó cho đại gia bất động sản,,42,,Bất động sản,Giới chức Trung Quốc tìm cách hỗ trợ China Vanke - hãng bất động sản lớn thứ hai nước này - sau thông tin họ xin gia hạn trả nợ.,NamSyntax/vietnamese-news-classification
namsyntax_1294436,Nhiều cặp đôi ở Quảng Ninh hoãn cưới vì Covid-19,,39,,Đời sống,"Được định sẵn ngày cưới, tuy nhiên dịch Covid-19 bùng phát, nhiều cặp đôi ở Quảng Ninh đã tự nguyện hoãn cưới để phòng tránh lây lan dịch bệnh.",NamSyntax/vietnamese-news-classification
namsyntax_181771,Philippines đem tranh chấp biển tới thượng đỉnh ASEAN,,38,,Thời sự,"Vấn đề tranh chấp quần đảo Trường Sa là một trong những nội dung Tổng thống Philippines Benigno Aquino III sẽ đề cập tại Hội nghị cấp
cao ASEAN.",NamSyntax/vietnamese-news-classification
namsyntax_1151256,"Khởi tố cựu nhân viên ngân hàng lừa đảo, chiếm đoạt 350 triệu đồng",,37,,Pháp luật,"Do cần tiền trả các khoản nợ của cá nhân, Nguyễn Ngọc Hải đã lừa đảo chiếm đoạt tài sản của anh Đ.G.H.",NamSyntax/vietnamese-news-classification
namsyntax_486929,Dấu ấn 17 năm Khu công nghệ cao TP HCM,,41,,Khoa học,"Chứng kiến hoạt động của các dây chuyền sản xuất hiện đại, xưởng thực hành tự động hóa... ít ai hình dung nơi này từng là vùng chiến khu bưng biền.",NamSyntax/vietnamese-news-classification
namsyntax_1037672,La Tiên Show - The Cội: concert văn hoá truyền thống và điểm nhấn độc đáo,,59,,Giải trí,"Với sự góp mặt của những ngôi sao hàng đầu, La Tiên Show - The Cội mang đến hành trình trở về cội nguồn, thưởng thức tinh hoa nghệ thuật Việt, bảo tồn và tôn vinh văn hoá truyền thống của dân tộc.",NamSyntax/vietnamese-news-classification
namsyntax_1090652,Lê Phương tiết lộ kịch bản,,38,,Giải trí,"Diễn viên Lê Phương tiết lộ kịch bản của ""Gạo nếp gạo tẻ"" sẽ được thay đổi khác hoàn toàn so với bản gốc của Hàn Quốc từ tập 40 trở đi.",NamSyntax/vietnamese-news-classification
namsyntax_1316847,Điều đặc biệt phía sau xe bánh tráng 'Tôi không thể nghe và nói',,36,,Đời sống,Câu chuyện phía sau chiếc xe bánh tráng gắn dòng chữ 'Tôi không thể nghe và nói' khiến nhiều người xúc động.,NamSyntax/vietnamese-news-classification
namsyntax_72420,Hầm chui 3 tầng trị giá 700 tỷ đồng ở Hà Nội sẵn sàng thông xe,,45,,Thời sự,"Vượt tiến độ khoảng 2 tháng so với kế hoạch, hầm chui thứ 4 ở Hà Nội đã sẵn sàng cho lễ thông xe kỹ thuật vào ngày 5/10.",NamSyntax/vietnamese-news-classification
namsyntax_67754,Một số phương tiện sẽ được kéo dài thời hạn kiểm định,,56,,Thời sự,"Tại Bàn tròn ""Giải pháp để sớm ổn định hoạt động đăng kiểm"", ông Nguyễn Tô An, Phó Cục trưởng Cục Đăng kiểm Việt Nam cho biết đang nghiên cứu xem xét kéo dài chu kỳ đăng kiểm với một số loại phương tiện.",NamSyntax/vietnamese-news-classification
namsyntax_185638,Voi đoàn xiếc quật chết học sinh ở Lào Cai,,49,,Thời sự,"Vào khuôn viên của hội trường, nơi đang xích
con voi của đoàn xiếc, để cho voi ăn ngọn mía, bất ngờ em Oanh bị voi dùng
vòi cuốn Oanh, nhấc lên cao và quật xuống, chết tại chỗ.",NamSyntax/vietnamese-news-classification
namsyntax_595639,12 mẫu xe mất giá nhanh nhất,,39,,Khoa học,"Fiat, Lincoln hay Volvo là những thương hiệu đứng đầu về tỷ lệ mất giá. Fiat 500L mất giá tới 34,6% sau một năm sử dụng, trong khi Volvo S60 mất 34,4%.",NamSyntax/vietnamese-news-classification
namsyntax_260533,Giới khoa học Anh cảnh báo biến thể mới nguy hiểm hơn Omicron,,54,,Thế giới,"Các nhà khoa học hàng đầu nước Anh đã cảnh báo về sự xuất hiện của một biến thể mới, nguy hiểm hơn Omicron trong tương lai, giữa lúc nhiều nước đang dần nới lỏng các biện pháp phòng chống Covid-19.",NamSyntax/vietnamese-news-classification
namsyntax_506017,Vẫn phổ biến chiêu lừa mạo danh công an gọi điện yêu cầu cài VNeID giả mạo,,61,,Khoa học,Chiêu lừa mạo danh công an gọi điện yêu cầu cài ứng dụng VNeID giả mạo được Trung tâm Ứng cứu khẩn cấp không gian mạng Việt Nam - VNCERT/CC nhận định là 1 trong 2 hình thức lừa đảo phổ biến tuần qua.,NamSyntax/vietnamese-news-classification
namsyntax_406347,"Ngày đầu nghỉ Tết: Đội mưa đi mua sắm, nhịn bữa xếp hàng thanh toán",,50,,Kinh doanh,"Ngày đầu tiên nghỉ Tết, người dân đổ xô đi siêu thị mua sắm. Dù nhiều người chọn cách mua online qua điện thoại video call của người thân nhưng siêu thị vẫn kín người.",NamSyntax/vietnamese-news-classification
namsyntax_716096,Tấn Đức Central Park theo hướng đô thị xanh,,44,,Bất động sản,"Thái Nguyên - Tổ hợp công viên hồ trung tâm hơn 2,5 ha cùng tiện ích hiện đại tại Tấn Đức Central Park được kỳ vọng là môi trường sống toàn diện cho cư dân.",NamSyntax/vietnamese-news-classification
namsyntax_1190514,Năm câu đố IQ,,31,,Giáo dục,Những câu đố điền số thường xuất hiện trong bài kiểm tra IQ. Hãy tìm quy luật để đưa ra đáp án trong thời gian nhanh nhất.,NamSyntax/vietnamese-news-classification
namsyntax_1259189,Thông tin mới về đề thi tốt nghiệp năm nay,,55,,Giáo dục,"việc ra những câu hỏi mở, đặc biệt trong môn Ngữ văn sẽ giúp học sinh
có cơ hội giành điểm cao trong kì thi tốt nghiệp. Các môn Vật lí, Sinh
học và Ngoại ngữ học sinh sẽ thi theo hình thức trắc nghiệm.",NamSyntax/vietnamese-news-classification
namsyntax_1276387,Những chàng trai bị hói sớm,,34,,Đời sống,"Mỹ - Trước tình trạng bị hói sớm, những nam thanh niên tuổi 20-30 đang tìm đến tóc giả để cứu vãn vẻ ngoài, lẫn sự tự tin.",NamSyntax/vietnamese-news-classification
namsyntax_902461,Mourinho: 'Galatasaray được dàn xếp để vô địch Thổ Nhĩ Kỳ',,47,,Thể thao,"Thổ Nhĩ Kỳ - HLV Jose Mourinho tố giải Thổ Nhĩ Kỳ có dàn xếp, sau khi Fenerbahce thua Besiktas của Ole Gunnar Solskjaer 0-1 và gần như cạn hy vọng đua vô địch với Galatasaray.",NamSyntax/vietnamese-news-classification
namsyntax_1236514,UEF đón đông đảo thí sinh đến nhập học,,51,,Giáo dục,"Trong những ngày nhập học đầu tiên tại trường Đại học Kinh tế - Tài chính TP.HCM (UEF), không khí trở nên náo nhiệt với khung cảnh đông đảo thí sinh, phụ huynh từ nhiều tỉnh thành đến hoàn tất thủ tục.",NamSyntax/vietnamese-news-classification
namsyntax_762340,Thêm 92 ca Covid-19,,30,,Sức khỏe,"Bộ Y tế sáng 14/6 ghi nhận 92 ca dương tính nCoV, gồm 91 ca trong nước và một ca nhập cảnh được cách ly ngay.",NamSyntax/vietnamese-news-classification
namsyntax_386070,VPBank tiên phong tặng loa thông báo biến động số dư cho tiểu thương,,67,,Kinh doanh,"Nhằm hỗ trợ các chủ kinh doanh cá thể, VPBank ra mắt gói giải pháp tài chính thông minh Biz Prime, với ưu đãi tặng loa thông báo biến động số dư miễn phí, giúp xác nhận giao dịch ngay lập tức, hạn chế rủi ro và nâng cao trải nghiệm thanh toán.",NamSyntax/vietnamese-news-classification
namsyntax_233243,Ông Zelensky: Ukraine chuẩn bị đặt mua 25 tổ hợp Patriot,,37,,Thế giới,Tổng thống Zelensky nói Ukraine đang chuẩn bị hợp đồng để mua 25 hệ thống Patriot từ Mỹ và sẽ tiếp nhận khí tài hàng năm.,NamSyntax/vietnamese-news-classification
namsyntax_1019165,Bảo Ngọc đăng quang Hoa hậu Liên lục địa 2022,,40,,Giải trí,"Ai Cập - Bảo Ngọc - 21 tuổi, cao 1,85 m - vượt 70 thí sinh để đoạt vương miện Miss Intercontinental 2022, chung kết sáng 15/10 (giờ Hà Nội).",NamSyntax/vietnamese-news-classification
namsyntax_551742,Hướng dẫn gỡ ứng dụng hàng loạt trên Android,,42,,Khoa học,ictnews Tính năng gỡ bỏ được nhiều ứng dụng Android cùng một lúc được tích hợp sẵn trong cửa hàng CH Play (Play Store) mà nhiều người chúng ta không hề hay biết.,NamSyntax/vietnamese-news-classification
namsyntax_1305966,Cha 85 tuổi chống gậy đi hàng trăm km tìm con trai xa nhà gần 10 năm,,42,,Đời sống,THÁI LAN - Câu chuyện cảm động về hành trình tìm con trai của người cha 85 tuổi chạm đến trái tim của nhiều người.,NamSyntax/vietnamese-news-classification
namsyntax_775930,Cầu thủ tâng bóng nghệ thuật suýt từ bỏ đam mê vì đứt dây chằng,,49,,Sức khỏe,"Đứng trước nguy cơ phải từ bỏ đam mê vì đứt dây chằng, Youtuber Phạm Trọng Thy vẫn trở lại tâng bóng nghệ thuật chỉ sau ít tháng được thay dây chằng nhân tạo.",NamSyntax/vietnamese-news-classification
namsyntax_1180059,"Mẹ cháu bé bị bạo hành, bỏ rơi ở bệnh viện bị tạm giam vì sao?",,49,,Pháp luật,"Nhiều ý kiến thắc mắc vì sao mẹ cháu bé bị bạo hành, bỏ rơi tại BV đang nuôi con nhỏ dưới 36 tháng tuổi vẫn bị áp dụng biện pháp tạm giam?",NamSyntax/vietnamese-news-classification
namsyntax_1008706,Tố Nga hát bolero cùng Chế Linh,,25,,Giải trí,"Nghệ sĩ Tố Nga song ca Chế Linh liên khúc bolero trong album ""Mưa"", phát hành sáng 1/2.",NamSyntax/vietnamese-news-classification
namsyntax_269648,Chánh văn phòng nội các Nhật Bản Suga - từ con số 0 tới Thủ tướng,,50,,Thế giới,"Ngày 14/9, ông Suga Yoshihide, Chánh văn phòng Nội các Nhật Bản đã “vượt” hai ứng cử viên nặng ký, giành số phiếu cao trở thành Chủ tịch Đảng Tự do Dân chủ (LDP).",NamSyntax/vietnamese-news-classification
namsyntax_50958,"Rủ nhau lội vũng nước ngập, 2 bé trai 9 tuổi chết đuối",,34,,Thời sự,"Rủ nhau lội xuống vũng nước ngập chơi, 2 bé trai 9 tuổi ở Quảng Nam không may bị chết đuối.",NamSyntax/vietnamese-news-classification
namsyntax_148935,TQ ngang nhiên nói sắp hoàn tất 'cải tạo đảo' ở Biển Đông,,40,,Thời sự,Bộ Ngoại giao TQ  hôm nay ngang nhiên tuyên bố nước họ sắp hoàn tất việc cải tạo một số bãi đá ở quần đảo Trường Sa.,NamSyntax/vietnamese-news-classification
namsyntax_1102265,"Ở ta cái gì cũng đắt, trừ… nhạc giao hưởng!",,54,,Giải trí,"Trở lại với chương trình hòa nhạc quốc gia “Điều còn mãi” do báo
Vietnamnet tổ chức, sau 3 năm vắng bóng, nhạc sĩ Trần Mạnh Hùng đã quyết định phối
mới lại gần như toàn bộ các ca khúc có trong chương trình.",NamSyntax/vietnamese-news-classification
namsyntax_815845,Bệnh viện Bạch Mai đề xuất tăng giá khám chữa bệnh BHYT khoảng 20%,,46,,Sức khỏe,"Theo đại diện Bệnh viện Bạch Mai, giá khám chữa bệnh bảo hiểm y tế (BHYT) dự kiến tăng thêm 20%, người bệnh đồng chi trả sẽ không bị ảnh hưởng nhiều.",NamSyntax/vietnamese-news-classification
namsyntax_257332,"Kiev giục EU áp trừng phạt mới với Moscow, Nga bị tố bắn phá từ nhà máy hạt nhân Ukraine",,47,,Thế giới,Tổng thống Ukraine Volodymyr Zelensky hối thúc Chủ tịch Ủy ban châu Âu (EC) Ursula von der Leyen chuẩn bị một gói trừng phạt mới chống Nga.,NamSyntax/vietnamese-news-classification
namsyntax_1166639,"Người say đi ra đường, nếu bị tông xe sẽ mất quyền đòi bồi thường?",,47,,Pháp luật,Chú em bị xe máy tông khi đang đi xe đạp trên đường làng. Người đâm viện cớ chú em say rượu mà vẫn đi xe là sai nên không bồi thường.,NamSyntax/vietnamese-news-classification
namsyntax_984645,Diego Costa bị cầu thủ Tottenham móc mắt,,50,,Thể thao,"Trong tình huống Danny Rose và Willian va chạm với nhau ở cuối hiệp 1, khi cầu thủ và cả HLV Pochettino lao vào sân ngăn 2 cái đầu nóng, Moussa Dembele đã chơi xấu khi móc mắt đối với Diego Costa.",NamSyntax/vietnamese-news-classification
namsyntax_1258413,Dở khóc dở cười chuyện thí sinh ngoại tỉnh trọ học,,56,,Giáo dục,"Quần áo bẩn mà giặt nhiều, trời nóng tắm nhiều là bị chủ trọ quy ngay
vào tội…ăn cắp nước. Nồi cơm chỉ được cắm tối đa 15 phút. Có lần Vân
Anh cắm cơm chưa kịp chín ông chủ đã rút phích điện ra.",NamSyntax/vietnamese-news-classification
namsyntax_1184854,Tên cướp gây hoang mang cho phụ nữ Lai Châu sa lưới,,59,,Pháp luật,"Đầu năm 2016, trên địa bàn thành phố Lai Châu liên tiếp xảy ra các vụ cướp giật tài sản gây hoang mang trong quần chúng nhân dân. Trước tình hình trên, Công an TP.Lai Châu đã xác lập chuyên án triệt phá, truy bắt tội phạm.",NamSyntax/vietnamese-news-classification
namsyntax_452130,Nhà đầu tư chuộng đất nền ven biển miền Trung,,58,,Kinh doanh,"Chỉ khoảng 1, 2 năm trở lại đây, các dự án đất nền ven biển miền Trung trở thành kênh được nhiều nhà đầu tư ưa chuộng bởi tin tưởng rằng bờ biển miền Trung trong tương lai sẽ trở thành một trung tâm du lịch quốc tế.",NamSyntax/vietnamese-news-classification
namsyntax_446475,"Ô tô bùng nổ, xe cũ thành 'mỏ vàng' chặt chém của thợ sửa xe",,59,,Kinh doanh,"Phần lớn các xưởng sửa chữa đều tính thêm khoản tiền chênh vào tiền phụ tùng và tiền sửa chữa. Trong khi đó, đa số họ đều nhập một lô, mua buôn thiết bị khi đã được chiết khấu hoặc tính lại tiền lời.",NamSyntax/vietnamese-news-classification
namsyntax_1035409,Họa sĩ 87 tuổi có con với vợ 37 tuổi,,30,,Giải trí,"Danh họa Trung Quốc Phạm Tăng, 87 tuổi, công bố vợ thứ tư của ông sinh con trai đầu lòng.",NamSyntax/vietnamese-news-classification
namsyntax_1232540,TS Y khoa 'trẻ nhất Việt Nam' làm Hiệu trưởng ĐH Y khoa Phạm Ngọc Thạch,,54,,Giáo dục,"PGS Ngô Minh Xuân, Chủ tịch Hội đồng trường Trường ĐH Y khoa Phạm Ngọc Thạch, cho hay UBND TP.HCM đã ký quyết định công nhận PGS.TS Nguyễn Thanh Hiệp làm Hiệu trưởng nhà trường nhiệm kỳ 2020-2025.",NamSyntax/vietnamese-news-classification
namsyntax_142174,Án mạng kinh hoàng trong phòng trọ,,60,,Thời sự,"Tại Bến Tre, một vụ án mạng xảy ra tại phòng trọ số 3, nhà số 257A/1 ấp 1, xã Sơn Đông, thành phố Bến Tre, tỉnh Bến Tre, làm 1 người chết và 1 người bị trọng thương. Căn nhà này do bà Nguyễn Thị Thu Thảo, sinh năm 1963 làm chủ.",NamSyntax/vietnamese-news-classification
namsyntax_742352,Tháp xanh Ecopark ‘ghi dấu’ trên loạt báo quốc tế,,37,,Bất động sản,"Dự án Sol Forest Ecopark xuất hiện trên trang chủ nhiều tờ báo nổi tiếng thế giới như: Singapore Business, Channel News Asia, Travel & Leisure Asia.",NamSyntax/vietnamese-news-classification
namsyntax_1229373,Phổ điểm các môn thi vào lớp 10 Hà Nội năm 2022 sẽ như thế nào?,,66,,Giáo dục,"Đề 3 môn trong kỳ thi vào lớp 10 của Hà Nội năm nay đều được nhận xét giữ nguyên cấu trúc quen thuộc, kiến thức bám sát với chương trình, có phần “dễ thở” so mọi năm. Vậy dự kiến phổ điểm của các môn này sẽ ra sao?",NamSyntax/vietnamese-news-classification
namsyntax_731997,"Người mua nhà săn “bùa hộ mệnh”, phòng tai họa bất ngờ",,62,,Bất động sản,"Liên tiếp những vụ khủng hoảng liên quan đến những chủ đầu tư chụp giật, cầm cố căn hộ đã bán, khiến người mua nhà ngày càng thận trọng. Trong bối cảnh đó, bảo lãnh ngân hàng trở thành giải pháp cho bài toán niềm tin của các dự án.",NamSyntax/vietnamese-news-classification
namsyntax_725177,Lộ diện những quy hoạch ‘thổi hồn’ cho đô thị Việt Nam,,39,,Bất động sản,"- Tối 25/4, Hội quy hoạch phát triển đô thị Việt Nam đã tổ chức trao giải thưởng Quy hoạch Đô thị Quốc gia lần thứ nhất.",NamSyntax/vietnamese-news-classification
namsyntax_947300,Nhận định MU vs Leicester: Quỷ đỏ gặp khó,,34,,Thể thao,"Đối diện với lịch thi đấu dày đặc, MU khó lòng duy trì được sức mạnh khi phải đương đầu một Leicester đang khát điểm.",NamSyntax/vietnamese-news-classification
namsyntax_1251430,Thanh niên Mỹ đua ngược với sinh viên ngoại quốc vào Harvard,,47,,Giáo dục,"Từ năm 1994 đến nay, tỷ lệ nhập học của sinh viên Mỹ vào trường ĐH
hàng đầu là Harvard đã giảm tới 27%, con số này ít hơn ở các trường tinh
hoa khác.",NamSyntax/vietnamese-news-classification
namsyntax_725103,Kinh nghiệm khi mua nhà: 10 điểm không thể bỏ qua,,45,,Bất động sản,"Bạn có 1 số tiền và muốn mua 1 căn nhà để ổn định cuộc sống. Dưới đây
là 1 số kinh nghiệm hữu ích giúp bạn có được 1 căn nhà như ý.",NamSyntax/vietnamese-news-classification
namsyntax_734987,‘Lên đời’ cho chợ Châu Long?,,50,,Bất động sản,"Trong chợ vốn có khoảng 350 hộ kinh doanh (chủ yếu là thực phẩm ) với hiệu quả cao, có uy tín với khách hàng hàng chục năm qua , nhưng gần đây hơn 100 hộ kinh doanh rút khỏi chợ vì thua lỗ.",NamSyntax/vietnamese-news-classification
namsyntax_298787,Quân đội Syria dội,,30,,Thế giới,Cảnh quay từ máy bay không người lái cho thấy quân đội Syria phóng tên lửa tấn công khủng bố tại thị trấn Kabani - Latakia.,NamSyntax/vietnamese-news-classification
namsyntax_1183527,Nữ sinh viên ở Đà Nẵng mất tích bí ẩn hơn 1 tháng,,43,,Pháp luật,"Trở lại Đà Nẵng sau kỳ nghỉ hè, nữ sinh viên năm 3 của Trường Đại học Bách khoa Đà Nẵng bỗng nhiên mất liên lạc một cách bí ẩn.",NamSyntax/vietnamese-news-classification
namsyntax_916217,"Real Madrid thua mất mặt Barca ở Siêu cúp, Ancelotti gọi tên Mbappe",,47,,Thể thao,"Real Madrid thua mất mặt 2-5 Barcelona ở chung kết Siêu cúp Tây Ban Nha, trong trận đấu mà họ chơi hơn người từ phút 56, Trong nỗi thất vọng, Ancelotti gọi tên Mbappe.",NamSyntax/vietnamese-news-classification
namsyntax_726561,Sai phạm hàng loạt tại Dự án nhà ở xã hội SDU 143 Trần Phú,,52,,Bất động sản,"Tự ý đổ thêm tầng lửng, mở rộng diện tích tầng tum chia nhỏ thành nhiều căn hộ… là những sai phạm nghiêm trọng xảy ra tại Dự án nhà ở xã hội SDU 143 Trần Phú.",NamSyntax/vietnamese-news-classification
namsyntax_733143,Đại gia bạo gan kiện lãnh đạo huyện đòi xin lỗi,,59,,Bất động sản,"Công ty Cổ phần Địa ốc Tia Chớp (Địa ốc Tia Chớp), trụ sở tại huyện Long Thành, tỉnh Đồng Nai, vừa có đơn khởi kiện ông Nguyễn Tấn Hưng, Phó Chủ tịch UBND huyện Long Thành, về những phát ngôn của ông này trên báo Đồng Nai.",NamSyntax/vietnamese-news-classification
namsyntax_507702,"Facebook tròn 20 tuổi, CEO Zuckerberg khoe ảnh 'ngày xưa'",,35,,Khoa học,"Nhân dịp mạng xã hội Facebook tròn 20 năm thành lập, CEO Mark Zuckerberg đã khoe loạt ảnh ngày ấy và bây giờ trên Instagram.",NamSyntax/vietnamese-news-classification
namsyntax_138465,"Thăm VN, Ngoại trưởng Anh nêu vấn đề Biển Đông",,45,,Thời sự,Ngoại trưởng Anh kêu gọi các bên có liên quan không có các hành động đơn phương như triển khai lực lượng quân sự hay vũ khí quân sự ở vùng biển đang tranh chấp.,NamSyntax/vietnamese-news-classification
namsyntax_748071,Bác sĩ từng thực hiện 10.000 ca nâng mũi trải lòng về nghề,,41,,Sức khỏe,Bác sĩ CKI Đỗ Quang Khải cho biết phẫu thuật thẩm mỹ không nhẹ nhàng và đơn giản như thay đổi kiểu tóc hay làm bộ nail mới.,NamSyntax/vietnamese-news-classification
namsyntax_1102143,Chân dung hotgirl Bước nhảy ngàn cân được Lý Nhã Kỳ hứa tặng nhẫn kim cương,,45,,Giải trí,Lý Nhã Kỳ đã chỉ nhẫn kim cương trên tay và tuyên bố với thí sinh Tố Tố: “Em là quán quân chị cho luôn bởi vì em đẹp”.,NamSyntax/vietnamese-news-classification
namsyntax_715467,Giữ phương pháp thặng dư trong định giá đất,,32,,Bất động sản,Bộ Tài nguyên và Môi trường vừa bổ sung phương pháp thặng dư vào dự thảo sửa đổi Nghị định 44 mới nhất.,NamSyntax/vietnamese-news-classification
namsyntax_1308683,"Con dâu mặc váy ngắn đi làm, cả nhà chồng tổ chức họp gia đình",,51,,Đời sống,"Sống trong gia đình 3 thế hệ, tôi cảm thấy mệt mỏi khi làm bất cứ việc gì. Không người này thì người kia ý kiến, đánh giá khiến tôi chỉ muốn ra ngoài ở riêng.",NamSyntax/vietnamese-news-classification
namsyntax_1158599,Lộ tội ác vì tính khoe khoang,,40,,Pháp luật,"Mỹ - Sau vụ trộm và giết người tại quán bar, hàng chục cư dân báo cảnh sát về kẻ khả nghi Edmund, người luôn khoe biết rõ quán như lòng bàn tay.",NamSyntax/vietnamese-news-classification
namsyntax_1123345,Người nghe chỉ còn nước lắc đầu thán phục!,,42,,Giải trí,"Ngoài Quảng trường Cách
mạng tháng Tám, hàng trăm người không có vé mời đành phải ngồi bệt, thưởng thức tiếng đàn của Sarah Chang qua một màn hình lớn đặt ngoài trời.",NamSyntax/vietnamese-news-classification
namsyntax_801274,Bệnh viện đầu tiên hỗ trợ mua BHYT cho bệnh nhân,,39,,Sức khỏe,"TP HCM - Với tinh thần ""không ai bị bỏ lại phía sau"", Bệnh viện Chợ Rẫy sẽ hỗ trợ mua bảo hiểm y tế cho bệnh nhân.",NamSyntax/vietnamese-news-classification
namsyntax_1192922,Giúp trẻ đối diện với thử thách hoặc cảm xúc tồi tệ,,49,,Giáo dục,"Thay vì để sự bi quan kéo dài, Karren M.Allen, bà mẹ Mỹ, nghĩ ra cách dạy trẻ hồi phục và học hỏi từ những gì đã xảy ra, bắt đầu bằng ba chữ ""Mọi chuyện ổn"".",NamSyntax/vietnamese-news-classification
namsyntax_385839,"Ngân hàng đề xuất có cơ chế đặc thù cho vay dự án lớn, trọng điểm quốc gia",,54,,Kinh doanh,"Lãnh đạo các ngân hàng lớn như Vietcombank, Agribank, BIDV… đề xuất cần có cơ chế đặc thù để giảm thời gian thẩm định hồ sơ cho vay những dự án lớn, trọng điểm quốc gia.",NamSyntax/vietnamese-news-classification
namsyntax_1152524,Quan hệ bí ẩn giữa ông Trần Bắc Hà và Công ty Trung Dũng,,50,,Pháp luật,"Hà Nội - Ông Đoàn Hồng Dũng, cựu giám đốc Công ty Trung Dũng, im lặng trước câu hỏi vì sao cựu chủ tịch BIDV Trần Bắc Hà ""nhiệt tình"" cho công ty này vay tiền.",NamSyntax/vietnamese-news-classification
namsyntax_1136363,Tạm giữ 8 đối tượng sau vụ nổ súng làm 1 thanh niên tử vong,,43,,Pháp luật,"Nhiều giờ vào cuộc điều tra, truy lùng, Công an Khánh Hòa làm rõ những người liên quan đến vụ nổ súng khiến một thanh niên tử vong.",NamSyntax/vietnamese-news-classification
namsyntax_1013510,Hai người chết tại show nhạc,,25,,Giải trí,Thụy Điển - Hai người chết và một người bị thương nặng tại show tôn vinh nhóm nhạc ABBA.,NamSyntax/vietnamese-news-classification
namsyntax_227176,Số người chết do động đất ở Myanmar lên hơn 2.700,,40,,Thế giới,"Lãnh đạo Myanmar cho biết số người chết do động đất hiện là hơn 2.700 và có thể tăng lên 3.000, khi đất nước tưởng niệm các nạn nhân.",NamSyntax/vietnamese-news-classification
namsyntax_950058,Pep Guardiola thay đổi kế hoạch nghỉ hưu sớm,,33,,Thể thao,"Thuyền trưởng Man City, Pep Guardiola cho hay, ông có thể gắn bó với nghiệp cầm quân lâu hơn nhiều so với dự định.",NamSyntax/vietnamese-news-classification
namsyntax_206154,Nghị sĩ Mỹ phản đối cấm TikTok,,37,,Thế giới,Nghị sĩ Dân chủ Gregory Meeks nói ông phản đối dự luật do đảng Cộng hòa đề xuất về trao quyền cho Tổng thống cấm ứng dụng TikTok ở Mỹ.,NamSyntax/vietnamese-news-classification
namsyntax_792451,Bệnh do vi khuẩn 'ăn thịt người' lây lan ở Nhật Bản nguy hiểm thế nào,,47,,Sức khỏe,"Vi khuẩn liên cầu nhóm A, thủ phạm gây hội chứng sốc nhiễm độc (STSS), có thể xâm nhập vào máu và các mô, khiến một người tử vong nhanh chóng.",NamSyntax/vietnamese-news-classification
namsyntax_950384,"Son Heung Min đoạt Bàn thắng đẹp nhất 2020, Mourinho phán đỉnh",,43,,Thể thao,"Tiền đạo người Hàn Quốc đã đoạt Bàn thắng đẹp nhất 2020 của FIFA với pha solo tuyệt đẹp vào lưới Burnley trong chiến thắng 5-0 của Tottenham, Ngoại hạng Anh.",NamSyntax/vietnamese-news-classification
namsyntax_1139882,Giám đốc Trung tâm dạy nghề lái xe Sài Gòn bị khởi tố thêm tội đưa hối lộ,,46,,Pháp luật,"Sau 4 tháng bị khởi tố tội giả mạo trong công tác, bị can Hồ Đình Thái Hòa tiếp tục bị khởi tố thêm tội đưa hối lộ.",NamSyntax/vietnamese-news-classification
namsyntax_785699,Sản phụ hai lần ngưng tim thoát cửa tử,,41,,Sức khỏe,"TP HCM - Sản phụ 26 tuổi biến chứng sản giật tổn thương gan thận, ngưng tim hai lần sau khi sinh con, thoát cửa tử nhờ 10 ngày can thiệp ECMO.",NamSyntax/vietnamese-news-classification
namsyntax_1179944,Thông tin mới về vụ nữ sinh lớp 11 bị bắn ở Đồng Nai,,32,,Pháp luật,Khẩu súng K59 trong vụ án đã bị cà mất số nên chưa xác định được nguồn gốc.,NamSyntax/vietnamese-news-classification
namsyntax_1295732,Làm gì để giảm độ ẩm trong những ngày nồm khó chịu,,44,,Đời sống,"Thời tiết những ngày nồm ẩm gây ra nhiều phiền toái, khó chịu. Hãy làm những mẹo sau để giảm độ ẩm trong nhà, hạn chế tình trạng ướt át khó chịu.",NamSyntax/vietnamese-news-classification
namsyntax_369214,Sản xuất toàn cầu suy yếu,,37,,Kinh doanh,"Hoạt động sản xuất toàn cầu suy yếu trong tháng 9 do nhu cầu giảm và bất ổn kinh tế, theo khảo sát của các tổ chức nghiên cứu quốc tế.",NamSyntax/vietnamese-news-classification
namsyntax_1126294,Mỹ Linh: người yêu nhạc cần chống,,26,,Giải trí,"Không những vậy, cô ca sĩ còn mong muốn có thể thực hiện một album của cả gia đình.",NamSyntax/vietnamese-news-classification
namsyntax_1152036,Hơn 100 người kháng cáo vụ đòi nợ thuê núp bóng công ty luật,,59,,Pháp luật,"Sau khi ký hợp đồng dịch vụ tư vấn pháp lý với 7 tổ chức tín dụng, lãnh đạo Công ty Luật TNHH Pháp Việt cho nhân viên dùng nhiều thủ đoạn đòi nợ để đe dọa, uy hiếp tinh thần hàng trăm ngàn người.",NamSyntax/vietnamese-news-classification
namsyntax_1187287,Sự hối hận muộn màng của người cha tội lỗi,,33,,Pháp luật,"Những ngày tháng đối diện với bốn
bức tường trong buồng giam, anh ta lại thấy quý sự sống nhưng đã quá muộn.",NamSyntax/vietnamese-news-classification
